2026-09-09T13:29:15Z INF Starting tunnel tunnelID=7851ddf3-95be-430d-9666-d59f8ef017d8
2026-09-09T13:29:15Z INF Version 2026.3.0 (Checksum 99f099a3834e0b20ec2a18ac77d3d77261b77652310d97eca18fc1797d4349d0)
2026-09-09T13:29:15Z INF GOOS: darwin, GOVersion: go1.26.1, GoArch: arm64
2026-09-09T13:29:15Z INF Settings: map[p:quic protocol:quic token:*****]
2026-09-09T13:29:15Z INF Environmental variables map[CLOUDFLARED_TUNNEL_TOKEN:eyJhIjoiOWEyMDE0Mjk1NDc0MjIxNWY2YjcwNTUwYjdiN2NkNmQiLCJ0IjoiMmRhMWFlZmItODYxMi00MDBmLTgwZjAtZGUwMTAyMjI2NjRjIiwicyI6Ik1qVXpOemMwWVRBdE9XWTBaUzAwWkdaa0xXRm1PVFF0TXpGaE9XSmxPVE0yTnpZMCJ9]
2026-09-09T13:29:15Z INF cloudflared will not automatically update if installed by a package manager.
2026-09-09T13:29:15Z INF Generated Connector ID: 97b63afc-2607-4871-9c71-6b0d66cc44a3
2026-09-09T13:29:15Z INF Initial protocol quic
2026-09-09T13:29:15Z INF ICMP proxy will use 198.18.0.1 as source for IPv4
2026-09-09T13:29:15Z INF ICMP proxy will use ::1 in zone lo0 as source for IPv6
2026-09-09T13:29:15Z INF Created ICMP proxy listening on 198.18.0.1:0
2026-09-09T13:29:15Z INF Created ICMP proxy listening on [::1]:0
2026-09-09T13:29:15Z INF ICMP proxy will use 198.18.0.1 as source for IPv4
2026-09-09T13:29:15Z INF ICMP proxy will use ::1 in zone lo0 as source for IPv6
2026-09-09T13:29:15Z INF Starting metrics server on 127.0.0.1:20242/metrics
2026-09-09T13:29:15Z INF You requested 4 HA connections but I can give you at most 2.
2026-09-09T13:29:15Z INF Tunnel connection curve preferences: [X25519MLKEM768 CurveP256] connIndex=0 event=0 ip=198.41.192.77
2026-09-09T13:29:15Z ERR Failed to initialize DNS local resolver error="ParseAddr(\"\"): unable to parse IP"
2026-09-09T13:29:15Z INF Registered tunnel connection connIndex=0 connection=d9b0dc64-6395-49cd-8a6d-69e39f2b13c7 event=0 ip=198.41.192.77 location=sjc06 protocol=quic
2026-09-09T13:29:15Z INF Tunnel connection curve preferences: [X25519MLKEM768 CurveP256] connIndex=1 event=0 ip=198.41.200.53
2026-09-09T13:29:15Z INF Updated to new configuration config="{\"ingress\":[{\"hostname\":\"uhwoo.com\", \"service\":\"http://localhost:8130\"}, {\"service\":\"http_status:404\"}], \"warp-routing\":{\"enabled\":false}}" version=1
2026-09-09T13:29:16Z INF Registered tunnel connection connIndex=1 connection=c60f0873-1e0a-48de-bf98-e435986b3d03 event=0 ip=198.41.200.53 location=sjc07 protocol=quic
2026-09-09T13:29:39Z ERR  error="stream 5 canceled by remote with error code 0" connIndex=1 event=1 ingressRule=0 originService=http://localhost:8130
2026-09-09T13:29:39Z ERR Request failed error="stream 5 canceled by remote with error code 0" connIndex=1 dest=https://uhwoo.com/api/stream event=0 ip=198.41.200.53 type=http
2026-09-09T13:33:16Z ERR  error="stream 101 canceled by remote with error code 0" connIndex=1 event=1 ingressRule=0 originService=http://localhost:8130
2026-09-09T13:33:16Z ERR Request failed error="stream 101 canceled by remote with error code 0" connIndex=1 dest=http://uhwoo.com/api/stream event=0 ip=198.41.200.53 type=http
2026-09-09T13:34:15Z ERR Failed to refresh DNS local resolver error="ParseAddr(\"\"): unable to parse IP"
2026-09-09T13:34:57Z ERR  error="unexpected EOF" connIndex=1 event=1 ingressRule=0 originService=http://localhost:8130
2026-09-09T13:34:57Z ERR Request failed error="unexpected EOF" connIndex=1 dest=https://uhwoo.com/api/stream event=0 ip=198.41.200.53 type=http
2026-09-09T13:34:57Z ERR  error="unexpected EOF" connIndex=1 event=1 ingressRule=0 originService=http://localhost:8130
2026-09-09T13:34:57Z ERR Request failed error="unexpected EOF" connIndex=1 dest=http://uhwoo.com/api/stream event=0 ip=198.41.200.53 type=http
2026-09-09T13:35:21Z ERR  error="Unable to reach the origin service. The service may be down or it may not be responding to traffic from cloudflared: dial tcp [::1]:8130: connect: connection refused" connIndex=0 event=1 ingressRule=0 originService=http://localhost:8130
2026-09-09T13:35:21Z ERR Request failed error="Unable to reach the origin service. The service may be down or it may not be responding to traffic from cloudflared: dial tcp [::1]:8130: connect: connection refused" connIndex=0 dest=https://uhwoo.com/api/stream event=0 ip=198.41.192.77 type=http
2026-09-09T13:39:15Z ERR Failed to refresh DNS local resolver error="ParseAddr(\"\"): unable to parse IP"
2026-09-09T13:44:15Z ERR Failed to refresh DNS local resolver error="ParseAddr(\"\"): unable to parse IP"
2026-09-09T13:48:25Z ERR  error="stream 41 canceled by remote with error code 0" connIndex=0 event=1 ingressRule=0 originService=http://localhost:8130
2026-09-09T13:48:25Z ERR Request failed error="stream 41 canceled by remote with error code 0" connIndex=0 dest=http://uhwoo.com/api/stream event=0 ip=198.41.192.77 type=http
2026-09-09T13:48:28Z ERR  error="stream 49 canceled by remote with error code 0" connIndex=0 event=1 ingressRule=0 originService=http://localhost:8130
2026-09-09T13:48:28Z ERR Request failed error="stream 49 canceled by remote with error code 0" connIndex=0 dest=http://uhwoo.com/api/stream event=0 ip=198.41.192.77 type=http
2026-09-09T13:48:37Z ERR  error="stream 313 canceled by remote with error code 0" connIndex=1 event=1 ingressRule=0 originService=http://localhost:8130
2026-09-09T13:48:37Z ERR Request failed error="stream 313 canceled by remote with error code 0" connIndex=1 dest=http://uhwoo.com/api/stream event=0 ip=198.41.200.53 type=http
2026-09-09T13:48:40Z ERR  error="stream 317 canceled by remote with error code 0" connIndex=1 event=1 ingressRule=0 originService=http://localhost:8130
2026-09-09T13:48:40Z ERR Request failed error="stream 317 canceled by remote with error code 0" connIndex=1 dest=http://uhwoo.com/api/stream event=0 ip=198.41.200.53 type=http
2026-09-09T13:49:14Z ERR Failed to refresh DNS local resolver error="ParseAddr(\"\"): unable to parse IP"
2026-09-09T13:50:27Z ERR  error="stream 349 canceled by remote with error code 0" connIndex=1 event=1 ingressRule=0 originService=http://localhost:8130
2026-09-09T13:50:27Z ERR Request failed error="stream 349 canceled by remote with error code 0" connIndex=1 dest=http://uhwoo.com/api/stream event=0 ip=198.41.200.53 type=http
2026-09-09T13:54:14Z ERR Failed to refresh DNS local resolver error="ParseAddr(\"\"): unable to parse IP"
2026-09-09T13:59:14Z ERR Failed to refresh DNS local resolver error="ParseAddr(\"\"): unable to parse IP"
2026-09-09T14:02:45Z ERR  error="stream 469 canceled by remote with error code 0" connIndex=1 event=1 ingressRule=0 originService=http://localhost:8130
2026-09-09T14:02:45Z ERR Request failed error="stream 469 canceled by remote with error code 0" connIndex=1 dest=http://uhwoo.com/api/stream event=0 ip=198.41.200.53 type=http
2026-09-09T14:04:14Z ERR Failed to refresh DNS local resolver error="ParseAddr(\"\"): unable to parse IP"
2026-09-09T14:05:21Z ERR  error="unexpected EOF" connIndex=1 event=1 ingressRule=0 originService=http://localhost:8130
2026-09-09T14:05:21Z ERR Request failed error="unexpected EOF" connIndex=1 dest=http://uhwoo.com/api/stream event=0 ip=198.41.200.53 type=http
2026-09-09T14:08:30Z ERR  error="stream 545 canceled by remote with error code 0" connIndex=1 event=1 ingressRule=0 originService=http://localhost:8130
2026-09-09T14:08:30Z ERR Request failed error="stream 545 canceled by remote with error code 0" connIndex=1 dest=http://uhwoo.com/api/stream event=0 ip=198.41.200.53 type=http
2026-09-09T14:09:14Z ERR Failed to refresh DNS local resolver error="ParseAddr(\"\"): unable to parse IP"
2026-09-09T14:09:15Z ERR  error="stream 577 canceled by remote with error code 0" connIndex=1 event=1 ingressRule=0 originService=http://localhost:8130
2026-09-09T14:09:15Z ERR Request failed error="stream 577 canceled by remote with error code 0" connIndex=1 dest=http://uhwoo.com/api/stream event=0 ip=198.41.200.53 type=http
2026-09-09T14:09:18Z ERR  error="stream 57 canceled by remote with error code 0" connIndex=0 event=1 ingressRule=0 originService=http://localhost:8130
2026-09-09T14:09:18Z ERR Request failed error="stream 57 canceled by remote with error code 0" connIndex=0 dest=http://uhwoo.com/api/stream event=0 ip=198.41.192.77 type=http
2026-09-09T14:09:46Z ERR  error="stream 613 canceled by remote with error code 0" connIndex=1 event=1 ingressRule=0 originService=http://localhost:8130
2026-09-09T14:09:46Z ERR Request failed error="stream 613 canceled by remote with error code 0" connIndex=1 dest=http://uhwoo.com/api/stream event=0 ip=198.41.200.53 type=http
2026-09-09T14:10:01Z ERR  error="unexpected EOF" connIndex=1 event=1 ingressRule=0 originService=http://localhost:8130
2026-09-09T14:10:01Z ERR Request failed error="unexpected EOF" connIndex=1 dest=http://uhwoo.com/api/stream event=0 ip=198.41.200.53 type=http
2026-09-09T14:14:14Z ERR Failed to refresh DNS local resolver error="ParseAddr(\"\"): unable to parse IP"
2026-09-09T14:15:35Z ERR  error="unexpected EOF" connIndex=1 event=1 ingressRule=0 originService=http://localhost:8130
2026-09-09T14:15:35Z ERR Request failed error="unexpected EOF" connIndex=1 dest=https://uhwoo.com/api/stream event=0 ip=198.41.200.53 type=http
2026-09-09T14:19:14Z ERR Failed to refresh DNS local resolver error="ParseAddr(\"\"): unable to parse IP"
2026-09-09T14:19:44Z ERR  error="unexpected EOF" connIndex=1 event=1 ingressRule=0 originService=http://localhost:8130
2026-09-09T14:19:44Z ERR Request failed error="unexpected EOF" connIndex=1 dest=https://uhwoo.com/api/stream event=0 ip=198.41.200.53 type=http
2026-09-09T14:22:50Z ERR  error="stream 761 canceled by remote with error code 0" connIndex=1 event=1 ingressRule=0 originService=http://localhost:8130
2026-09-09T14:22:50Z ERR Request failed error="stream 761 canceled by remote with error code 0" connIndex=1 dest=https://uhwoo.com/api/stream event=0 ip=198.41.200.53 type=http
2026-09-09T14:24:14Z ERR Failed to refresh DNS local resolver error="ParseAddr(\"\"): unable to parse IP"
2026-09-09T14:25:01Z ERR  error="unexpected EOF" connIndex=1 event=1 ingressRule=0 originService=http://localhost:8130
2026-09-09T14:25:01Z ERR Request failed error="unexpected EOF" connIndex=1 dest=https://uhwoo.com/api/stream event=0 ip=198.41.200.53 type=http
2026-09-09T14:29:14Z ERR Failed to refresh DNS local resolver error="ParseAddr(\"\"): unable to parse IP"
2026-09-09T14:31:51Z ERR  error="stream 869 canceled by remote with error code 0" connIndex=1 event=1 ingressRule=0 originService=http://localhost:8130
2026-09-09T14:31:51Z ERR Request failed error="stream 869 canceled by remote with error code 0" connIndex=1 dest=https://uhwoo.com/api/stream event=0 ip=198.41.200.53 type=http
2026-09-09T14:34:14Z ERR Failed to refresh DNS local resolver error="ParseAddr(\"\"): unable to parse IP"
2026-09-09T14:39:14Z ERR Failed to refresh DNS local resolver error="ParseAddr(\"\"): unable to parse IP"
2026-09-09T14:44:14Z ERR Failed to refresh DNS local resolver error="ParseAddr(\"\"): unable to parse IP"
2026-09-09T14:49:14Z ERR Failed to refresh DNS local resolver error="ParseAddr(\"\"): unable to parse IP"
2026-09-09T14:54:14Z ERR Failed to refresh DNS local resolver error="ParseAddr(\"\"): unable to parse IP"
2026-09-09T14:59:14Z ERR Failed to refresh DNS local resolver error="ParseAddr(\"\"): unable to parse IP"
2026-09-09T15:04:14Z ERR Failed to refresh DNS local resolver error="ParseAddr(\"\"): unable to parse IP"
2026-09-09T15:09:14Z ERR Failed to refresh DNS local resolver error="ParseAddr(\"\"): unable to parse IP"
2026-09-09T15:14:14Z ERR Failed to refresh DNS local resolver error="ParseAddr(\"\"): unable to parse IP"
2026-09-09T15:19:14Z ERR Failed to refresh DNS local resolver error="ParseAddr(\"\"): unable to parse IP"
2026-09-09T15:24:14Z ERR Failed to refresh DNS local resolver error="ParseAddr(\"\"): unable to parse IP"
2026-09-09T15:29:14Z ERR Failed to refresh DNS local resolver error="ParseAddr(\"\"): unable to parse IP"
2026-09-09T15:34:14Z ERR Failed to refresh DNS local resolver error="ParseAddr(\"\"): unable to parse IP"
2026-09-09T15:37:18Z ERR  error="stream 1237 canceled by remote with error code 0" connIndex=1 event=1 ingressRule=0 originService=http://localhost:8130
2026-09-09T15:37:18Z ERR Request failed error="stream 1237 canceled by remote with error code 0" connIndex=1 dest=https://uhwoo.com/api/stream event=0 ip=198.41.200.53 type=http
2026-09-09T15:37:26Z ERR  error="stream 1257 canceled by remote with error code 0" connIndex=1 event=1 ingressRule=0 originService=http://localhost:8130
2026-09-09T15:37:26Z ERR Request failed error="stream 1257 canceled by remote with error code 0" connIndex=1 dest=https://uhwoo.com/api/stream event=0 ip=198.41.200.53 type=http
2026-09-09T15:39:14Z ERR Failed to refresh DNS local resolver error="ParseAddr(\"\"): unable to parse IP"
2026-09-09T15:44:14Z ERR Failed to refresh DNS local resolver error="ParseAddr(\"\"): unable to parse IP"
2026-09-09T15:47:06Z ERR  error="unexpected EOF" connIndex=1 event=1 ingressRule=0 originService=http://localhost:8130
2026-09-09T15:47:06Z ERR Request failed error="unexpected EOF" connIndex=1 dest=http://uhwoo.com/api/stream event=0 ip=198.41.200.53 type=http
2026-09-09T15:47:06Z ERR  error="unexpected EOF" connIndex=1 event=1 ingressRule=0 originService=http://localhost:8130
2026-09-09T15:47:06Z ERR Request failed error="unexpected EOF" connIndex=1 dest=https://uhwoo.com/api/stream event=0 ip=198.41.200.53 type=http
2026-09-09T15:49:14Z ERR Failed to refresh DNS local resolver error="ParseAddr(\"\"): unable to parse IP"
2026-09-09T15:54:14Z ERR Failed to refresh DNS local resolver error="ParseAddr(\"\"): unable to parse IP"
2026-09-09T15:57:59Z ERR  error="stream 1689 canceled by remote with error code 0" connIndex=1 event=1 ingressRule=0 originService=http://localhost:8130
2026-09-09T15:57:59Z ERR Request failed error="stream 1689 canceled by remote with error code 0" connIndex=1 dest=https://uhwoo.com/api/stream event=0 ip=198.41.200.53 type=http
2026-09-09T15:58:32Z ERR  error="unexpected EOF" connIndex=1 event=1 ingressRule=0 originService=http://localhost:8130
2026-09-09T15:58:32Z ERR Request failed error="unexpected EOF" connIndex=1 dest=https://uhwoo.com/api/stream event=0 ip=198.41.200.53 type=http
2026-09-09T15:59:14Z ERR Failed to refresh DNS local resolver error="ParseAddr(\"\"): unable to parse IP"
2026-09-09T16:04:14Z ERR Failed to refresh DNS local resolver error="ParseAddr(\"\"): unable to parse IP"
2026-09-09T16:04:52Z ERR  error="stream 1973 canceled by remote with error code 0" connIndex=1 event=1 ingressRule=0 originService=http://localhost:8130
2026-09-09T16:04:52Z ERR Request failed error="stream 1973 canceled by remote with error code 0" connIndex=1 dest=https://uhwoo.com/api/stream event=0 ip=198.41.200.53 type=http
2026-09-09T16:08:37Z ERR  error="stream 2037 canceled by remote with error code 0" connIndex=1 event=1 ingressRule=0 originService=http://localhost:8130
2026-09-09T16:08:37Z ERR Request failed error="stream 2037 canceled by remote with error code 0" connIndex=1 dest=https://uhwoo.com/api/stream event=0 ip=198.41.200.53 type=http
2026-09-09T16:09:07Z ERR  error="stream 2069 canceled by remote with error code 0" connIndex=1 event=1 ingressRule=0 originService=http://localhost:8130
2026-09-09T16:09:07Z ERR Request failed error="stream 2069 canceled by remote with error code 0" connIndex=1 dest=https://uhwoo.com/api/stream event=0 ip=198.41.200.53 type=http
2026-09-09T16:09:14Z ERR Failed to refresh DNS local resolver error="ParseAddr(\"\"): unable to parse IP"
2026-09-09T16:14:14Z ERR Failed to refresh DNS local resolver error="ParseAddr(\"\"): unable to parse IP"
2026-09-09T16:15:52Z ERR  error="unexpected EOF" connIndex=1 event=1 ingressRule=0 originService=http://localhost:8130
2026-09-09T16:15:52Z ERR Request failed error="unexpected EOF" connIndex=1 dest=https://uhwoo.com/api/stream event=0 ip=198.41.200.53 type=http
2026-09-09T16:15:52Z ERR  error="unexpected EOF" connIndex=1 event=1 ingressRule=0 originService=http://localhost:8130
2026-09-09T16:15:52Z ERR Request failed error="unexpected EOF" connIndex=1 dest=https://uhwoo.com/api/stream event=0 ip=198.41.200.53 type=http
2026-09-09T16:19:14Z ERR Failed to refresh DNS local resolver error="ParseAddr(\"\"): unable to parse IP"
2026-09-09T16:24:14Z ERR Failed to refresh DNS local resolver error="ParseAddr(\"\"): unable to parse IP"
2026-09-09T16:29:14Z ERR Failed to refresh DNS local resolver error="ParseAddr(\"\"): unable to parse IP"
2026-09-09T16:31:03Z ERR  error="stream 2625 canceled by remote with error code 0" connIndex=1 event=1 ingressRule=0 originService=http://localhost:8130
2026-09-09T16:31:03Z ERR Request failed error="stream 2625 canceled by remote with error code 0" connIndex=1 dest=https://uhwoo.com/api/stream event=0 ip=198.41.200.53 type=http
2026-09-09T16:31:34Z ERR  error="unexpected EOF" connIndex=1 event=1 ingressRule=0 originService=http://localhost:8130
2026-09-09T16:31:34Z ERR Request failed error="unexpected EOF" connIndex=1 dest=https://uhwoo.com/api/stream event=0 ip=198.41.200.53 type=http
2026-09-09T16:34:14Z ERR Failed to refresh DNS local resolver error="ParseAddr(\"\"): unable to parse IP"
2026-09-09T16:39:14Z ERR Failed to refresh DNS local resolver error="ParseAddr(\"\"): unable to parse IP"
2026-09-09T16:41:44Z ERR  error="Unable to reach the origin service. The service may be down or it may not be responding to traffic from cloudflared: dial tcp [::1]:8130: connect: connection refused" connIndex=1 event=1 ingressRule=0 originService=http://localhost:8130
2026-09-09T16:41:44Z ERR Request failed error="Unable to reach the origin service. The service may be down or it may not be responding to traffic from cloudflared: dial tcp [::1]:8130: connect: connection refused" connIndex=1 dest=https://uhwoo.com/api/stream event=0 ip=198.41.200.53 type=http
2026-09-09T16:44:14Z ERR Failed to refresh DNS local resolver error="ParseAddr(\"\"): unable to parse IP"
2026-09-09T16:49:14Z ERR Failed to refresh DNS local resolver error="ParseAddr(\"\"): unable to parse IP"
2026-09-09T16:52:08Z ERR  error="stream 3649 canceled by remote with error code 0" connIndex=1 event=1 ingressRule=0 originService=http://localhost:8130
2026-09-09T16:52:08Z ERR Request failed error="stream 3649 canceled by remote with error code 0" connIndex=1 dest=https://uhwoo.com/api/stream event=0 ip=198.41.200.53 type=http
2026-09-09T16:54:14Z ERR Failed to refresh DNS local resolver error="ParseAddr(\"\"): unable to parse IP"
2026-09-09T16:57:47Z ERR  error="stream 3713 canceled by remote with error code 0" connIndex=1 event=1 ingressRule=0 originService=http://localhost:8130
2026-09-09T16:57:47Z ERR Request failed error="stream 3713 canceled by remote with error code 0" connIndex=1 dest=https://uhwoo.com/api/stream event=0 ip=198.41.200.53 type=http
2026-09-09T16:59:14Z ERR Failed to refresh DNS local resolver error="ParseAddr(\"\"): unable to parse IP"
2026-09-09T17:04:14Z ERR Failed to refresh DNS local resolver error="ParseAddr(\"\"): unable to parse IP"
2026-09-09T17:07:50Z ERR  error="stream 3805 canceled by remote with error code 0" connIndex=1 event=1 ingressRule=0 originService=http://localhost:8130
2026-09-09T17:07:50Z ERR Request failed error="stream 3805 canceled by remote with error code 0" connIndex=1 dest=https://uhwoo.com/api/stream event=0 ip=198.41.200.53 type=http
2026-09-09T17:09:14Z ERR Failed to refresh DNS local resolver error="ParseAddr(\"\"): unable to parse IP"
2026-09-09T17:14:14Z ERR Failed to refresh DNS local resolver error="ParseAddr(\"\"): unable to parse IP"
2026-09-09T17:17:40Z ERR  error="stream 289 canceled by remote with error code 0" connIndex=0 event=1 ingressRule=0 originService=http://localhost:8130
2026-09-09T17:17:40Z ERR Request failed error="stream 289 canceled by remote with error code 0" connIndex=0 dest=https://uhwoo.com/api/stream event=0 ip=198.41.192.77 type=http
2026-09-09T17:19:14Z ERR Failed to refresh DNS local resolver error="ParseAddr(\"\"): unable to parse IP"
2026-09-09T17:24:14Z ERR Failed to refresh DNS local resolver error="ParseAddr(\"\"): unable to parse IP"
2026-09-09T17:29:14Z ERR Failed to refresh DNS local resolver error="ParseAddr(\"\"): unable to parse IP"
2026-09-09T17:34:14Z ERR Failed to refresh DNS local resolver error="ParseAddr(\"\"): unable to parse IP"
2026-09-09T17:39:14Z ERR Failed to refresh DNS local resolver error="ParseAddr(\"\"): unable to parse IP"
2026-09-09T17:44:14Z ERR Failed to refresh DNS local resolver error="ParseAddr(\"\"): unable to parse IP"
2026-09-09T17:49:14Z ERR Failed to refresh DNS local resolver error="ParseAddr(\"\"): unable to parse IP"
2026-09-09T17:54:14Z ERR Failed to refresh DNS local resolver error="ParseAddr(\"\"): unable to parse IP"
2026-09-09T17:59:14Z ERR Failed to refresh DNS local resolver error="ParseAddr(\"\"): unable to parse IP"
2026-09-09T18:04:15Z ERR Failed to refresh DNS local resolver error="ParseAddr(\"\"): unable to parse IP"
2026-09-09T18:09:15Z ERR Failed to refresh DNS local resolver error="ParseAddr(\"\"): unable to parse IP"
2026-09-09T18:14:15Z ERR Failed to refresh DNS local resolver error="ParseAddr(\"\"): unable to parse IP"
2026-09-09T18:19:14Z ERR Failed to refresh DNS local resolver error="ParseAddr(\"\"): unable to parse IP"
2026-09-09T18:24:14Z ERR Failed to refresh DNS local resolver error="ParseAddr(\"\"): unable to parse IP"
2026-09-09T18:29:14Z ERR Failed to refresh DNS local resolver error="ParseAddr(\"\"): unable to parse IP"
2026-09-09T18:34:15Z ERR Failed to refresh DNS local resolver error="ParseAddr(\"\"): unable to parse IP"
2026-09-09T18:39:15Z ERR Failed to refresh DNS local resolver error="ParseAddr(\"\"): unable to parse IP"
2026-09-09T18:44:15Z ERR Failed to refresh DNS local resolver error="ParseAddr(\"\"): unable to parse IP"
2026-09-09T18:49:15Z ERR Failed to refresh DNS local resolver error="ParseAddr(\"\"): unable to parse IP"
2026-09-09T18:54:15Z ERR Failed to refresh DNS local resolver error="ParseAddr(\"\"): unable to parse IP"
2026-09-09T18:59:15Z ERR Failed to refresh DNS local resolver error="ParseAddr(\"\"): unable to parse IP"
2026-09-09T19:04:15Z ERR Failed to refresh DNS local resolver error="ParseAddr(\"\"): unable to parse IP"
2026-09-09T19:09:15Z ERR Failed to refresh DNS local resolver error="ParseAddr(\"\"): unable to parse IP"
2026-09-09T19:14:15Z ERR Failed to refresh DNS local resolver error="ParseAddr(\"\"): unable to parse IP"
2026-09-09T19:19:15Z ERR Failed to refresh DNS local resolver error="ParseAddr(\"\"): unable to parse IP"
2026-09-09T19:24:15Z ERR Failed to refresh DNS local resolver error="ParseAddr(\"\"): unable to parse IP"
2026-09-09T19:29:15Z ERR Failed to refresh DNS local resolver error="ParseAddr(\"\"): unable to parse IP"
2026-09-09T19:34:15Z ERR Failed to refresh DNS local resolver error="ParseAddr(\"\"): unable to parse IP"
2026-09-09T19:39:15Z ERR Failed to refresh DNS local resolver error="ParseAddr(\"\"): unable to parse IP"
2026-09-09T19:44:15Z ERR Failed to refresh DNS local resolver error="ParseAddr(\"\"): unable to parse IP"
2026-09-09T19:49:15Z ERR Failed to refresh DNS local resolver error="ParseAddr(\"\"): unable to parse IP"
2026-09-09T19:54:14Z ERR Failed to refresh DNS local resolver error="ParseAddr(\"\"): unable to parse IP"
2026-09-09T19:59:14Z ERR Failed to refresh DNS local resolver error="ParseAddr(\"\"): unable to parse IP"
2026-09-09T20:04:14Z ERR Failed to refresh DNS local resolver error="ParseAddr(\"\"): unable to parse IP"
2026-09-09T20:09:14Z ERR Failed to refresh DNS local resolver error="ParseAddr(\"\"): unable to parse IP"
2026-09-09T20:14:15Z ERR Failed to refresh DNS local resolver error="ParseAddr(\"\"): unable to parse IP"
2026-09-09T20:19:15Z ERR Failed to refresh DNS local resolver error="ParseAddr(\"\"): unable to parse IP"
2026-09-09T20:24:15Z ERR Failed to refresh DNS local resolver error="ParseAddr(\"\"): unable to parse IP"
2026-09-09T20:29:15Z ERR Failed to refresh DNS local resolver error="ParseAddr(\"\"): unable to parse IP"
2026-09-09T20:34:15Z ERR Failed to refresh DNS local resolver error="ParseAddr(\"\"): unable to parse IP"
2026-09-09T20:39:15Z ERR Failed to refresh DNS local resolver error="ParseAddr(\"\"): unable to parse IP"
2026-09-09T20:44:14Z ERR Failed to refresh DNS local resolver error="ParseAddr(\"\"): unable to parse IP"
2026-09-09T20:49:14Z ERR Failed to refresh DNS local resolver error="ParseAddr(\"\"): unable to parse IP"
2026-09-09T20:54:14Z ERR Failed to refresh DNS local resolver error="ParseAddr(\"\"): unable to parse IP"
2026-09-09T20:59:14Z ERR Failed to refresh DNS local resolver error="ParseAddr(\"\"): unable to parse IP"
2026-09-09T21:04:14Z ERR Failed to refresh DNS local resolver error="ParseAddr(\"\"): unable to parse IP"
2026-09-09T21:09:14Z ERR Failed to refresh DNS local resolver error="ParseAddr(\"\"): unable to parse IP"
2026-09-09T21:14:14Z ERR Failed to refresh DNS local resolver error="ParseAddr(\"\"): unable to parse IP"
2026-09-09T21:19:14Z ERR Failed to refresh DNS local resolver error="ParseAddr(\"\"): unable to parse IP"
2026-09-09T21:24:14Z ERR Failed to refresh DNS local resolver error="ParseAddr(\"\"): unable to parse IP"
2026-09-09T21:29:14Z ERR Failed to refresh DNS local resolver error="ParseAddr(\"\"): unable to parse IP"
2026-09-09T21:34:14Z ERR Failed to refresh DNS local resolver error="ParseAddr(\"\"): unable to parse IP"
2026-09-09T21:39:14Z ERR Failed to refresh DNS local resolver error="ParseAddr(\"\"): unable to parse IP"
2026-09-09T21:44:14Z ERR Failed to refresh DNS local resolver error="ParseAddr(\"\"): unable to parse IP"
2026-09-09T21:49:14Z ERR Failed to refresh DNS local resolver error="ParseAddr(\"\"): unable to parse IP"
2026-09-09T21:54:14Z ERR Failed to refresh DNS local resolver error="ParseAddr(\"\"): unable to parse IP"
2026-09-09T21:59:14Z ERR Failed to refresh DNS local resolver error="ParseAddr(\"\"): unable to parse IP"
2026-09-09T22:04:14Z ERR Failed to refresh DNS local resolver error="ParseAddr(\"\"): unable to parse IP"
2026-09-09T22:09:14Z ERR Failed to refresh DNS local resolver error="ParseAddr(\"\"): unable to parse IP"
2026-09-09T22:14:14Z ERR Failed to refresh DNS local resolver error="ParseAddr(\"\"): unable to parse IP"
2026-09-09T22:19:14Z ERR Failed to refresh DNS local resolver error="ParseAddr(\"\"): unable to parse IP"
2026-09-09T22:24:15Z ERR Failed to refresh DNS local resolver error="ParseAddr(\"\"): unable to parse IP"
2026-09-09T22:29:15Z ERR Failed to refresh DNS local resolver error="ParseAddr(\"\"): unable to parse IP"
2026-09-09T22:34:15Z ERR Failed to refresh DNS local resolver error="ParseAddr(\"\"): unable to parse IP"
2026-09-09T22:39:15Z ERR Failed to refresh DNS local resolver error="ParseAddr(\"\"): unable to parse IP"
2026-09-09T22:44:15Z ERR Failed to refresh DNS local resolver error="ParseAddr(\"\"): unable to parse IP"
2026-09-09T22:49:15Z ERR Failed to refresh DNS local resolver error="ParseAddr(\"\"): unable to parse IP"
2026-09-09T22:54:15Z ERR Failed to refresh DNS local resolver error="ParseAddr(\"\"): unable to parse IP"
2026-09-09T22:59:15Z ERR Failed to refresh DNS local resolver error="ParseAddr(\"\"): unable to parse IP"
2026-09-09T23:04:15Z ERR Failed to refresh DNS local resolver error="ParseAddr(\"\"): unable to parse IP"
2026-09-09T23:09:15Z ERR Failed to refresh DNS local resolver error="ParseAddr(\"\"): unable to parse IP"
2026-09-09T23:14:15Z ERR Failed to refresh DNS local resolver error="ParseAddr(\"\"): unable to parse IP"
2026-09-09T23:19:15Z ERR Failed to refresh DNS local resolver error="ParseAddr(\"\"): unable to parse IP"
2026-09-09T23:24:15Z ERR Failed to refresh DNS local resolver error="ParseAddr(\"\"): unable to parse IP"
2026-09-09T23:29:15Z ERR Failed to refresh DNS local resolver error="ParseAddr(\"\"): unable to parse IP"
2026-09-09T23:34:15Z ERR Failed to refresh DNS local resolver error="ParseAddr(\"\"): unable to parse IP"
2026-09-09T23:39:15Z ERR Failed to refresh DNS local resolver error="ParseAddr(\"\"): unable to parse IP"
2026-09-09T23:44:15Z ERR Failed to refresh DNS local resolver error="ParseAddr(\"\"): unable to parse IP"
2026-09-09T23:49:15Z ERR Failed to refresh DNS local resolver error="ParseAddr(\"\"): unable to parse IP"
2026-09-09T23:54:15Z ERR Failed to refresh DNS local resolver error="ParseAddr(\"\"): unable to parse IP"
2026-09-09T23:59:15Z ERR Failed to refresh DNS local resolver error="ParseAddr(\"\"): unable to parse IP"
2026-09-10T00:04:15Z ERR Failed to refresh DNS local resolver error="ParseAddr(\"\"): unable to parse IP"
2026-09-10T00:09:15Z ERR Failed to refresh DNS local resolver error="ParseAddr(\"\"): unable to parse IP"
2026-09-10T00:14:15Z ERR Failed to refresh DNS local resolver error="ParseAddr(\"\"): unable to parse IP"
2026-09-10T00:19:15Z ERR Failed to refresh DNS local resolver error="ParseAddr(\"\"): unable to parse IP"
2026-09-10T00:24:15Z ERR Failed to refresh DNS local resolver error="ParseAddr(\"\"): unable to parse IP"
2026-09-10T00:29:15Z ERR Failed to refresh DNS local resolver error="ParseAddr(\"\"): unable to parse IP"
2026-09-10T00:34:15Z ERR Failed to refresh DNS local resolver error="ParseAddr(\"\"): unable to parse IP"
2026-09-10T00:39:15Z ERR Failed to refresh DNS local resolver error="ParseAddr(\"\"): unable to parse IP"
2026-09-10T00:44:15Z ERR Failed to refresh DNS local resolver error="ParseAddr(\"\"): unable to parse IP"
2026-09-10T00:49:15Z ERR Failed to refresh DNS local resolver error="ParseAddr(\"\"): unable to parse IP"
2026-09-10T00:54:15Z ERR Failed to refresh DNS local resolver error="ParseAddr(\"\"): unable to parse IP"
2026-09-10T00:59:15Z ERR Failed to refresh DNS local resolver error="ParseAddr(\"\"): unable to parse IP"
2026-09-10T01:04:15Z ERR Failed to refresh DNS local resolver error="ParseAddr(\"\"): unable to parse IP"
2026-09-10T01:09:15Z ERR Failed to refresh DNS local resolver error="ParseAddr(\"\"): unable to parse IP"
2026-09-10T01:14:15Z ERR Failed to refresh DNS local resolver error="ParseAddr(\"\"): unable to parse IP"
2026-09-10T01:19:15Z ERR Failed to refresh DNS local resolver error="ParseAddr(\"\"): unable to parse IP"
2026-09-10T01:24:15Z ERR Failed to refresh DNS local resolver error="ParseAddr(\"\"): unable to parse IP"
2026-09-10T01:29:15Z ERR Failed to refresh DNS local resolver error="ParseAddr(\"\"): unable to parse IP"
2026-09-10T01:34:15Z ERR Failed to refresh DNS local resolver error="ParseAddr(\"\"): unable to parse IP"
2026-09-10T01:39:15Z ERR Failed to refresh DNS local resolver error="ParseAddr(\"\"): unable to parse IP"
2026-09-10T01:44:15Z ERR Failed to refresh DNS local resolver error="ParseAddr(\"\"): unable to parse IP"
2026-09-10T01:49:15Z ERR Failed to refresh DNS local resolver error="ParseAddr(\"\"): unable to parse IP"
2026-09-10T01:54:15Z ERR Failed to refresh DNS local resolver error="ParseAddr(\"\"): unable to parse IP"
2026-09-10T01:59:15Z ERR Failed to refresh DNS local resolver error="ParseAddr(\"\"): unable to parse IP"
2026-09-10T02:04:15Z ERR Failed to refresh DNS local resolver error="ParseAddr(\"\"): unable to parse IP"
2026-09-10T02:09:15Z ERR Failed to refresh DNS local resolver error="ParseAddr(\"\"): unable to parse IP"
2026-09-10T02:14:15Z ERR Failed to refresh DNS local resolver error="ParseAddr(\"\"): unable to parse IP"
2026-09-10T02:19:15Z ERR Failed to refresh DNS local resolver error="ParseAddr(\"\"): unable to parse IP"
2026-09-10T02:24:15Z ERR Failed to refresh DNS local resolver error="ParseAddr(\"\"): unable to parse IP"
2026-09-10T02:29:15Z ERR Failed to refresh DNS local resolver error="ParseAddr(\"\"): unable to parse IP"
2026-09-10T02:34:15Z ERR Failed to refresh DNS local resolver error="ParseAddr(\"\"): unable to parse IP"
2026-09-10T02:39:15Z ERR Failed to refresh DNS local resolver error="ParseAddr(\"\"): unable to parse IP"
2026-09-10T02:44:15Z ERR Failed to refresh DNS local resolver error="ParseAddr(\"\"): unable to parse IP"
2026-09-10T02:49:15Z ERR Failed to refresh DNS local resolver error="ParseAddr(\"\"): unable to parse IP"
2026-09-10T02:54:15Z ERR Failed to refresh DNS local resolver error="ParseAddr(\"\"): unable to parse IP"
2026-09-10T02:59:15Z ERR Failed to refresh DNS local resolver error="ParseAddr(\"\"): unable to parse IP"
2026-09-10T03:04:15Z ERR Failed to refresh DNS local resolver error="ParseAddr(\"\"): unable to parse IP"
2026-09-10T03:09:15Z ERR Failed to refresh DNS local resolver error="ParseAddr(\"\"): unable to parse IP"
2026-09-10T03:14:15Z ERR Failed to refresh DNS local resolver error="ParseAddr(\"\"): unable to parse IP"
2026-09-10T03:19:15Z ERR Failed to refresh DNS local resolver error="ParseAddr(\"\"): unable to parse IP"
2026-09-10T03:24:15Z ERR Failed to refresh DNS local resolver error="ParseAddr(\"\"): unable to parse IP"
2026-09-10T03:29:15Z ERR Failed to refresh DNS local resolver error="ParseAddr(\"\"): unable to parse IP"
2026-09-10T03:34:15Z ERR Failed to refresh DNS local resolver error="ParseAddr(\"\"): unable to parse IP"
2026-09-10T03:39:15Z ERR Failed to refresh DNS local resolver error="ParseAddr(\"\"): unable to parse IP"
2026-09-10T03:44:15Z ERR Failed to refresh DNS local resolver error="ParseAddr(\"\"): unable to parse IP"
2026-09-10T03:49:15Z ERR Failed to refresh DNS local resolver error="ParseAddr(\"\"): unable to parse IP"
2026-09-10T03:54:15Z ERR Failed to refresh DNS local resolver error="ParseAddr(\"\"): unable to parse IP"
2026-09-10T03:59:15Z ERR Failed to refresh DNS local resolver error="ParseAddr(\"\"): unable to parse IP"
2026-09-10T04:04:15Z ERR Failed to refresh DNS local resolver error="ParseAddr(\"\"): unable to parse IP"
2026-09-10T04:09:15Z ERR Failed to refresh DNS local resolver error="ParseAddr(\"\"): unable to parse IP"
2026-09-10T04:14:15Z ERR Failed to refresh DNS local resolver error="ParseAddr(\"\"): unable to parse IP"
2026-09-10T04:19:15Z ERR Failed to refresh DNS local resolver error="ParseAddr(\"\"): unable to parse IP"
2026-09-10T04:24:15Z ERR Failed to refresh DNS local resolver error="ParseAddr(\"\"): unable to parse IP"
2026-09-10T04:29:15Z ERR Failed to refresh DNS local resolver error="ParseAddr(\"\"): unable to parse IP"
2026-09-10T04:34:15Z ERR Failed to refresh DNS local resolver error="ParseAddr(\"\"): unable to parse IP"
2026-09-10T04:39:15Z ERR Failed to refresh DNS local resolver error="ParseAddr(\"\"): unable to parse IP"
2026-09-10T04:44:15Z ERR Failed to refresh DNS local resolver error="ParseAddr(\"\"): unable to parse IP"
2026-09-10T04:49:15Z ERR Failed to refresh DNS local resolver error="ParseAddr(\"\"): unable to parse IP"
2026-09-10T04:54:15Z ERR Failed to refresh DNS local resolver error="ParseAddr(\"\"): unable to parse IP"
2026-09-10T04:59:15Z ERR Failed to refresh DNS local resolver error="ParseAddr(\"\"): unable to parse IP"
2026-09-10T05:04:15Z ERR Failed to refresh DNS local resolver error="ParseAddr(\"\"): unable to parse IP"
2026-09-10T05:09:15Z ERR Failed to refresh DNS local resolver error="ParseAddr(\"\"): unable to parse IP"
2026-09-10T05:14:15Z ERR Failed to refresh DNS local resolver error="ParseAddr(\"\"): unable to parse IP"
2026-09-10T05:19:15Z ERR Failed to refresh DNS local resolver error="ParseAddr(\"\"): unable to parse IP"
2026-09-10T05:24:15Z ERR Failed to refresh DNS local resolver error="ParseAddr(\"\"): unable to parse IP"
2026-09-10T05:29:15Z ERR Failed to refresh DNS local resolver error="ParseAddr(\"\"): unable to parse IP"
2026-09-10T05:34:15Z ERR Failed to refresh DNS local resolver error="ParseAddr(\"\"): unable to parse IP"
2026-09-10T05:39:15Z ERR Failed to refresh DNS local resolver error="ParseAddr(\"\"): unable to parse IP"
2026-09-10T05:44:15Z ERR Failed to refresh DNS local resolver error="ParseAddr(\"\"): unable to parse IP"
2026-09-10T05:49:15Z ERR Failed to refresh DNS local resolver error="ParseAddr(\"\"): unable to parse IP"
2026-09-10T05:54:15Z ERR Failed to refresh DNS local resolver error="ParseAddr(\"\"): unable to parse IP"
2026-09-10T05:59:15Z ERR Failed to refresh DNS local resolver error="ParseAddr(\"\"): unable to parse IP"
2026-09-10T06:04:15Z ERR Failed to refresh DNS local resolver error="ParseAddr(\"\"): unable to parse IP"
2026-09-10T06:09:15Z ERR Failed to refresh DNS local resolver error="ParseAddr(\"\"): unable to parse IP"
2026-09-10T06:14:15Z ERR Failed to refresh DNS local resolver error="ParseAddr(\"\"): unable to parse IP"
2026-09-10T06:19:15Z ERR Failed to refresh DNS local resolver error="ParseAddr(\"\"): unable to parse IP"
2026-09-10T06:24:15Z ERR Failed to refresh DNS local resolver error="ParseAddr(\"\"): unable to parse IP"
2026-09-10T06:29:15Z ERR Failed to refresh DNS local resolver error="ParseAddr(\"\"): unable to parse IP"
2026-09-10T06:34:15Z ERR Failed to refresh DNS local resolver error="ParseAddr(\"\"): unable to parse IP"
2026-09-10T06:39:15Z ERR Failed to refresh DNS local resolver error="ParseAddr(\"\"): unable to parse IP"
2026-09-10T06:44:15Z ERR Failed to refresh DNS local resolver error="ParseAddr(\"\"): unable to parse IP"
2026-09-10T06:49:15Z ERR Failed to refresh DNS local resolver error="ParseAddr(\"\"): unable to parse IP"
2026-09-10T06:54:15Z ERR Failed to refresh DNS local resolver error="ParseAddr(\"\"): unable to parse IP"
2026-09-10T06:59:15Z ERR Failed to refresh DNS local resolver error="ParseAddr(\"\"): unable to parse IP"
2026-09-10T07:04:15Z ERR Failed to refresh DNS local resolver error="ParseAddr(\"\"): unable to parse IP"
2026-09-10T07:09:15Z ERR Failed to refresh DNS local resolver error="ParseAddr(\"\"): unable to parse IP"
2026-09-10T07:14:15Z ERR Failed to refresh DNS local resolver error="ParseAddr(\"\"): unable to parse IP"
2026-09-10T07:19:15Z ERR Failed to refresh DNS local resolver error="ParseAddr(\"\"): unable to parse IP"
2026-09-10T07:24:15Z ERR Failed to refresh DNS local resolver error="ParseAddr(\"\"): unable to parse IP"
2026-09-10T07:29:15Z ERR Failed to refresh DNS local resolver error="ParseAddr(\"\"): unable to parse IP"
2026-09-10T07:34:15Z ERR Failed to refresh DNS local resolver error="ParseAddr(\"\"): unable to parse IP"
2026-09-10T07:39:15Z ERR Failed to refresh DNS local resolver error="ParseAddr(\"\"): unable to parse IP"
2026-09-10T07:44:15Z ERR Failed to refresh DNS local resolver error="ParseAddr(\"\"): unable to parse IP"
2026-09-10T07:49:15Z ERR Failed to refresh DNS local resolver error="ParseAddr(\"\"): unable to parse IP"
2026-09-10T07:54:15Z ERR Failed to refresh DNS local resolver error="ParseAddr(\"\"): unable to parse IP"
2026-09-10T07:59:15Z ERR Failed to refresh DNS local resolver error="ParseAddr(\"\"): unable to parse IP"
2026-09-10T08:04:15Z ERR Failed to refresh DNS local resolver error="ParseAddr(\"\"): unable to parse IP"
2026-09-10T08:09:15Z ERR Failed to refresh DNS local resolver error="ParseAddr(\"\"): unable to parse IP"
2026-09-10T08:14:15Z ERR Failed to refresh DNS local resolver error="ParseAddr(\"\"): unable to parse IP"
2026-09-10T08:19:15Z ERR Failed to refresh DNS local resolver error="ParseAddr(\"\"): unable to parse IP"
2026-09-10T08:24:15Z ERR Failed to refresh DNS local resolver error="ParseAddr(\"\"): unable to parse IP"
2026-09-10T08:29:15Z ERR Failed to refresh DNS local resolver error="ParseAddr(\"\"): unable to parse IP"
2026-09-10T08:34:15Z ERR Failed to refresh DNS local resolver error="ParseAddr(\"\"): unable to parse IP"
2026-09-10T08:39:15Z ERR Failed to refresh DNS local resolver error="ParseAddr(\"\"): unable to parse IP"
2026-09-10T08:44:15Z ERR Failed to refresh DNS local resolver error="ParseAddr(\"\"): unable to parse IP"
2026-09-10T08:49:15Z ERR Failed to refresh DNS local resolver error="ParseAddr(\"\"): unable to parse IP"
2026-09-10T08:54:15Z ERR Failed to refresh DNS local resolver error="ParseAddr(\"\"): unable to parse IP"
2026-09-10T08:59:15Z ERR Failed to refresh DNS local resolver error="ParseAddr(\"\"): unable to parse IP"
2026-09-10T09:04:15Z ERR Failed to refresh DNS local resolver error="ParseAddr(\"\"): unable to parse IP"
2026-09-10T09:09:15Z ERR Failed to refresh DNS local resolver error="ParseAddr(\"\"): unable to parse IP"
2026-09-10T09:14:15Z ERR Failed to refresh DNS local resolver error="ParseAddr(\"\"): unable to parse IP"
2026-09-10T09:19:15Z ERR Failed to refresh DNS local resolver error="ParseAddr(\"\"): unable to parse IP"
2026-09-10T09:24:15Z ERR Failed to refresh DNS local resolver error="ParseAddr(\"\"): unable to parse IP"
2026-09-10T09:29:15Z ERR Failed to refresh DNS local resolver error="ParseAddr(\"\"): unable to parse IP"
2026-09-10T09:34:15Z ERR Failed to refresh DNS local resolver error="ParseAddr(\"\"): unable to parse IP"
2026-09-10T09:39:15Z ERR Failed to refresh DNS local resolver error="ParseAddr(\"\"): unable to parse IP"
2026-09-10T09:44:15Z ERR Failed to refresh DNS local resolver error="ParseAddr(\"\"): unable to parse IP"
2026-09-10T09:49:15Z ERR Failed to refresh DNS local resolver error="ParseAddr(\"\"): unable to parse IP"
2026-09-10T09:54:15Z ERR Failed to refresh DNS local resolver error="ParseAddr(\"\"): unable to parse IP"
2026-09-10T09:59:15Z ERR Failed to refresh DNS local resolver error="ParseAddr(\"\"): unable to parse IP"
2026-09-10T10:01:18Z ERR failed to run the datagram handler error="timeout: no recent network activity" connIndex=1 event=0 ip=198.41.200.53
2026-09-10T10:01:18Z ERR failed to accept incoming stream requests error="failed to accept QUIC stream: timeout: no recent network activity" connIndex=1 event=0 ip=198.41.200.53
2026-09-10T10:01:18Z WRN failed to serve tunnel connection error="datagram manager encountered a failure while serving" connIndex=1 event=0 ip=198.41.200.53
2026-09-10T10:01:18Z WRN Serve tunnel error error="datagram manager encountered a failure while serving" connIndex=1 event=0 ip=198.41.200.53
2026-09-10T10:01:18Z INF Retrying connection in up to 1s connIndex=1 event=0 ip=198.41.200.53
2026-09-10T10:01:20Z WRN Connection terminated error="datagram manager encountered a failure while serving" connIndex=1
2026-09-10T10:01:24Z INF Tunnel connection curve preferences: [X25519MLKEM768 CurveP256] connIndex=1 event=0 ip=198.41.200.53
2026-09-10T10:01:37Z ERR failed to accept incoming stream requests error="failed to accept QUIC stream: timeout: no recent network activity" connIndex=1 event=0 ip=198.41.200.53
2026-09-10T10:01:37Z ERR failed to run the datagram handler error="context canceled" connIndex=1 event=0 ip=198.41.200.53
2026-09-10T10:01:37Z WRN failed to serve tunnel connection error="control stream encountered a failure while serving" connIndex=1 event=0 ip=198.41.200.53
2026-09-10T10:01:37Z WRN Serve tunnel error error="control stream encountered a failure while serving" connIndex=1 event=0 ip=198.41.200.53
2026-09-10T10:01:37Z INF Retrying connection in up to 4s connIndex=1 event=0 ip=198.41.200.53
2026-09-10T10:01:38Z WRN Connection terminated error="control stream encountered a failure while serving" connIndex=1
2026-09-10T10:02:15Z INF Tunnel connection curve preferences: [X25519MLKEM768 CurveP256] connIndex=1 event=0 ip=198.41.200.53
2026-09-10T10:02:16Z INF Registered tunnel connection connIndex=1 connection=446ac9b3-983b-4526-9dea-65da4bc3e3a1 event=0 ip=198.41.200.53 location=sjc07 protocol=quic
2026-09-10T10:04:15Z ERR Failed to refresh DNS local resolver error="ParseAddr(\"\"): unable to parse IP"
2026-09-10T10:09:15Z ERR Failed to refresh DNS local resolver error="ParseAddr(\"\"): unable to parse IP"
2026-09-10T10:14:15Z ERR Failed to refresh DNS local resolver error="ParseAddr(\"\"): unable to parse IP"
2026-09-10T10:19:15Z ERR Failed to refresh DNS local resolver error="ParseAddr(\"\"): unable to parse IP"
2026-09-10T10:19:23Z ERR failed to accept incoming stream requests error="failed to accept QUIC stream: timeout: no recent network activity" connIndex=1 event=0 ip=198.41.200.53
2026-09-10T10:19:23Z ERR failed to run the datagram handler error="timeout: no recent network activity" connIndex=1 event=0 ip=198.41.200.53
2026-09-10T10:19:23Z WRN failed to serve tunnel connection error="accept stream listener encountered a failure while serving" connIndex=1 event=0 ip=198.41.200.53
2026-09-10T10:19:23Z WRN Serve tunnel error error="accept stream listener encountered a failure while serving" connIndex=1 event=0 ip=198.41.200.53
2026-09-10T10:19:23Z INF Retrying connection in up to 1s connIndex=1 event=0 ip=198.41.200.53
2026-09-10T10:19:24Z WRN Connection terminated error="accept stream listener encountered a failure while serving" connIndex=1
2026-09-10T10:19:28Z INF Tunnel connection curve preferences: [X25519MLKEM768 CurveP256] connIndex=1 event=0 ip=198.41.200.53
2026-09-10T10:19:34Z WRN Failed to dial a quic connection error="failed to dial to edge with quic: timeout: no recent network activity" connIndex=1 event=0 ip=198.41.200.53
2026-09-10T10:19:34Z WRN Connection terminated error="there are no free edge addresses left to resolve to" connIndex=1
2026-09-10T10:19:57Z INF Tunnel connection curve preferences: [X25519MLKEM768 CurveP256] connIndex=1 event=0 ip=198.41.200.53
2026-09-10T10:20:02Z WRN Failed to dial a quic connection error="failed to dial to edge with quic: timeout: no recent network activity" connIndex=1 event=0 ip=198.41.200.53
2026-09-10T10:20:02Z WRN Connection terminated error="there are no free edge addresses left to resolve to" connIndex=1
2026-09-10T10:20:06Z INF Tunnel connection curve preferences: [X25519MLKEM768 CurveP256] connIndex=1 event=0 ip=198.41.200.53
2026-09-10T10:20:06Z INF Registered tunnel connection connIndex=1 connection=96196a83-2dac-47f5-9f19-3af0004b13b4 event=0 ip=198.41.200.53 location=sjc07 protocol=quic
2026-09-10T10:24:15Z ERR Failed to refresh DNS local resolver error="ParseAddr(\"\"): unable to parse IP"
2026-09-10T10:29:15Z ERR Failed to refresh DNS local resolver error="ParseAddr(\"\"): unable to parse IP"
2026-09-10T10:34:15Z ERR Failed to refresh DNS local resolver error="ParseAddr(\"\"): unable to parse IP"
2026-09-10T10:36:42Z ERR failed to run the datagram handler error="timeout: no recent network activity" connIndex=0 event=0 ip=198.41.192.77
2026-09-10T10:36:42Z ERR failed to accept incoming stream requests error="failed to accept QUIC stream: timeout: no recent network activity" connIndex=0 event=0 ip=198.41.192.77
2026-09-10T10:36:42Z WRN failed to serve tunnel connection error="datagram manager encountered a failure while serving" connIndex=0 event=0 ip=198.41.192.77
2026-09-10T10:36:42Z WRN Serve tunnel error error="datagram manager encountered a failure while serving" connIndex=0 event=0 ip=198.41.192.77
2026-09-10T10:36:42Z INF Retrying connection in up to 1s connIndex=0 event=0 ip=198.41.192.77
2026-09-10T10:36:43Z INF Tunnel connection curve preferences: [X25519MLKEM768 CurveP256] connIndex=0 event=0 ip=198.41.192.77
2026-09-10T10:36:51Z WRN Failed to dial a quic connection error="failed to dial to edge with quic: timeout: no recent network activity" connIndex=0 event=0 ip=198.41.192.77
2026-09-10T10:36:51Z WRN Connection terminated error="there are no free edge addresses left to resolve to" connIndex=0
2026-09-10T10:36:53Z ERR failed to accept incoming stream requests error="failed to accept QUIC stream: timeout: no recent network activity" connIndex=1 event=0 ip=198.41.200.53
2026-09-10T10:36:53Z ERR failed to run the datagram handler error="timeout: no recent network activity" connIndex=1 event=0 ip=198.41.200.53
2026-09-10T10:36:53Z ERR failed to serve tunnel connection error="accept stream listener encountered a failure while serving" connIndex=1 event=0 ip=198.41.200.53
2026-09-10T10:36:53Z ERR Serve tunnel error error="accept stream listener encountered a failure while serving" connIndex=1 event=0 ip=198.41.200.53
2026-09-10T10:36:53Z INF Retrying connection in up to 1s connIndex=1 event=0 ip=198.41.200.53
2026-09-10T10:36:53Z ERR Connection terminated error="accept stream listener encountered a failure while serving" connIndex=1
2026-09-10T10:36:59Z INF Tunnel connection curve preferences: [X25519MLKEM768 CurveP256] connIndex=1 event=0 ip=198.41.200.53
2026-09-10T10:36:59Z INF Tunnel connection curve preferences: [X25519MLKEM768 CurveP256] connIndex=0 event=0 ip=198.41.192.77
2026-09-10T10:37:03Z INF Registered tunnel connection connIndex=1 connection=4f563036-448c-42a0-a500-07120a093591 event=0 ip=198.41.200.53 location=sea07 protocol=quic
2026-09-10T10:37:07Z INF Registered tunnel connection connIndex=0 connection=379b63db-a3e5-4aa4-b8a0-5b7987e5e639 event=0 ip=198.41.192.77 location=lax12 protocol=quic
2026-09-10T10:37:14Z ERR failed to accept incoming stream requests error="failed to accept QUIC stream: timeout: no recent network activity" connIndex=1 event=0 ip=198.41.200.53
2026-09-10T10:37:14Z ERR failed to run the datagram handler error="timeout: no recent network activity" connIndex=1 event=0 ip=198.41.200.53
2026-09-10T10:37:14Z WRN failed to serve tunnel connection error="accept stream listener encountered a failure while serving" connIndex=1 event=0 ip=198.41.200.53
2026-09-10T10:37:14Z WRN Serve tunnel error error="accept stream listener encountered a failure while serving" connIndex=1 event=0 ip=198.41.200.53
2026-09-10T10:37:14Z INF Retrying connection in up to 1s connIndex=1 event=0 ip=198.41.200.53
2026-09-10T10:37:16Z WRN Connection terminated error="accept stream listener encountered a failure while serving" connIndex=1
2026-09-10T10:37:20Z ERR failed to accept incoming stream requests error="failed to accept QUIC stream: timeout: no recent network activity" connIndex=0 event=0 ip=198.41.192.77
2026-09-10T10:37:20Z ERR failed to run the datagram handler error="timeout: no recent network activity" connIndex=0 event=0 ip=198.41.192.77
2026-09-10T10:37:20Z ERR failed to serve tunnel connection error="accept stream listener encountered a failure while serving" connIndex=0 event=0 ip=198.41.192.77
2026-09-10T10:37:20Z ERR Serve tunnel error error="accept stream listener encountered a failure while serving" connIndex=0 event=0 ip=198.41.192.77
2026-09-10T10:37:20Z INF Retrying connection in up to 1s connIndex=0 event=0 ip=198.41.192.77
2026-09-10T10:37:22Z ERR Connection terminated error="accept stream listener encountered a failure while serving" connIndex=0
2026-09-10T10:37:33Z INF Tunnel connection curve preferences: [X25519MLKEM768 CurveP256] connIndex=0 event=0 ip=198.41.192.77
2026-09-10T10:37:33Z INF Tunnel connection curve preferences: [X25519MLKEM768 CurveP256] connIndex=1 event=0 ip=198.41.200.53
2026-09-10T10:37:39Z ERR Failed to dial a quic connection error="failed to dial to edge with quic: timeout: no recent network activity" connIndex=1 event=0 ip=198.41.200.53
2026-09-10T10:37:39Z ERR Connection terminated error="there are no free edge addresses left to resolve to" connIndex=1
2026-09-10T10:37:50Z ERR failed to run the datagram handler error="context canceled" connIndex=0 event=0 ip=198.41.192.77
2026-09-10T10:37:50Z ERR failed to serve tunnel connection error="control stream encountered a failure while serving" connIndex=0 event=0 ip=198.41.192.77
2026-09-10T10:37:50Z ERR Serve tunnel error error="control stream encountered a failure while serving" connIndex=0 event=0 ip=198.41.192.77
2026-09-10T10:37:50Z INF Retrying connection in up to 4s connIndex=0 event=0 ip=198.41.192.77
2026-09-10T10:37:51Z ERR Connection terminated error="control stream encountered a failure while serving" connIndex=0
2026-09-10T10:38:41Z INF Tunnel connection curve preferences: [X25519MLKEM768 CurveP256] connIndex=1 event=0 ip=198.41.200.53
2026-09-10T10:38:41Z INF Tunnel connection curve preferences: [X25519MLKEM768 CurveP256] connIndex=0 event=0 ip=198.41.192.77
2026-09-10T10:38:41Z INF Registered tunnel connection connIndex=1 connection=c049dbc0-f316-4062-95ce-8cf3fb085e63 event=0 ip=198.41.200.53 location=sea07 protocol=quic
2026-09-10T10:38:41Z INF Registered tunnel connection connIndex=0 connection=b92d8ee2-e999-4094-bee1-87b3bfa0b7e3 event=0 ip=198.41.192.77 location=lax12 protocol=quic
2026-09-10T10:39:15Z ERR Failed to refresh DNS local resolver error="ParseAddr(\"\"): unable to parse IP"
2026-09-10T10:44:15Z ERR Failed to refresh DNS local resolver error="ParseAddr(\"\"): unable to parse IP"
2026-09-10T10:49:15Z ERR Failed to refresh DNS local resolver error="ParseAddr(\"\"): unable to parse IP"
2026-09-10T10:54:15Z ERR Failed to refresh DNS local resolver error="ParseAddr(\"\"): unable to parse IP"
2026-09-10T10:59:15Z ERR Failed to refresh DNS local resolver error="ParseAddr(\"\"): unable to parse IP"
2026-09-10T11:04:15Z ERR Failed to refresh DNS local resolver error="ParseAddr(\"\"): unable to parse IP"
2026-09-10T11:09:15Z ERR Failed to refresh DNS local resolver error="ParseAddr(\"\"): unable to parse IP"
2026-09-10T11:14:15Z ERR Failed to refresh DNS local resolver error="ParseAddr(\"\"): unable to parse IP"
2026-09-10T11:19:15Z ERR Failed to refresh DNS local resolver error="ParseAddr(\"\"): unable to parse IP"
2026-09-10T11:24:15Z ERR Failed to refresh DNS local resolver error="ParseAddr(\"\"): unable to parse IP"
2026-09-10T11:29:15Z ERR Failed to refresh DNS local resolver error="ParseAddr(\"\"): unable to parse IP"
2026-09-10T11:34:15Z ERR Failed to refresh DNS local resolver error="ParseAddr(\"\"): unable to parse IP"
2026-09-10T11:39:15Z ERR Failed to refresh DNS local resolver error="ParseAddr(\"\"): unable to parse IP"
2026-09-10T11:44:15Z ERR Failed to refresh DNS local resolver error="ParseAddr(\"\"): unable to parse IP"
2026-09-10T11:49:15Z ERR Failed to refresh DNS local resolver error="ParseAddr(\"\"): unable to parse IP"
2026-09-10T11:54:15Z ERR Failed to refresh DNS local resolver error="ParseAddr(\"\"): unable to parse IP"
2026-09-10T11:59:15Z ERR Failed to refresh DNS local resolver error="ParseAddr(\"\"): unable to parse IP"
2026-09-10T12:04:15Z ERR Failed to refresh DNS local resolver error="ParseAddr(\"\"): unable to parse IP"
2026-09-10T12:09:15Z ERR Failed to refresh DNS local resolver error="ParseAddr(\"\"): unable to parse IP"
2026-09-10T12:14:15Z ERR Failed to refresh DNS local resolver error="ParseAddr(\"\"): unable to parse IP"
2026-09-10T12:19:15Z ERR Failed to refresh DNS local resolver error="ParseAddr(\"\"): unable to parse IP"
2026-09-10T12:24:15Z ERR Failed to refresh DNS local resolver error="ParseAddr(\"\"): unable to parse IP"
2026-09-10T12:29:15Z ERR Failed to refresh DNS local resolver error="ParseAddr(\"\"): unable to parse IP"
2026-09-10T12:33:25Z ERR failed to accept incoming stream requests error="failed to accept QUIC stream: timeout: no recent network activity" connIndex=1 event=0 ip=198.41.200.53
2026-09-10T12:33:25Z ERR failed to run the datagram handler error="timeout: no recent network activity" connIndex=1 event=0 ip=198.41.200.53
2026-09-10T12:33:25Z WRN failed to serve tunnel connection error="accept stream listener encountered a failure while serving" connIndex=1 event=0 ip=198.41.200.53
2026-09-10T12:33:25Z WRN Serve tunnel error error="accept stream listener encountered a failure while serving" connIndex=1 event=0 ip=198.41.200.53
2026-09-10T12:33:25Z INF Retrying connection in up to 1s connIndex=1 event=0 ip=198.41.200.53
2026-09-10T12:33:25Z WRN Connection terminated error="accept stream listener encountered a failure while serving" connIndex=1
2026-09-10T12:33:27Z ERR failed to run the datagram handler error="timeout: no recent network activity" connIndex=0 event=0 ip=198.41.192.77
2026-09-10T12:33:27Z ERR failed to accept incoming stream requests error="failed to accept QUIC stream: timeout: no recent network activity" connIndex=0 event=0 ip=198.41.192.77
2026-09-10T12:33:27Z ERR failed to serve tunnel connection error="datagram manager encountered a failure while serving" connIndex=0 event=0 ip=198.41.192.77
2026-09-10T12:33:27Z ERR Serve tunnel error error="datagram manager encountered a failure while serving" connIndex=0 event=0 ip=198.41.192.77
2026-09-10T12:33:27Z INF Retrying connection in up to 1s connIndex=0 event=0 ip=198.41.192.77
2026-09-10T12:33:27Z ERR Connection terminated error="datagram manager encountered a failure while serving" connIndex=0
2026-09-10T12:33:39Z INF Tunnel connection curve preferences: [X25519MLKEM768 CurveP256] connIndex=0 event=0 ip=198.41.192.77
2026-09-10T12:33:39Z INF Tunnel connection curve preferences: [X25519MLKEM768 CurveP256] connIndex=1 event=0 ip=198.41.200.53
2026-09-10T12:33:46Z INF Registered tunnel connection connIndex=0 connection=1545d3ec-9512-40b8-8b2c-366d0409f8c6 event=0 ip=198.41.192.77 location=lax12 protocol=quic
2026-09-10T12:33:48Z ERR failed to run the datagram handler error="context canceled" connIndex=1 event=0 ip=198.41.200.53
2026-09-10T12:33:48Z WRN failed to serve tunnel connection error="control stream encountered a failure while serving" connIndex=1 event=0 ip=198.41.200.53
2026-09-10T12:33:48Z WRN Serve tunnel error error="control stream encountered a failure while serving" connIndex=1 event=0 ip=198.41.200.53
2026-09-10T12:33:48Z INF Retrying connection in up to 4s connIndex=1 event=0 ip=198.41.200.53
2026-09-10T12:33:51Z WRN Connection terminated error="control stream encountered a failure while serving" connIndex=1
2026-09-10T12:34:04Z ERR failed to accept incoming stream requests error="failed to accept QUIC stream: timeout: no recent network activity" connIndex=0 event=0 ip=198.41.192.77
2026-09-10T12:34:04Z ERR failed to run the datagram handler error="timeout: no recent network activity" connIndex=0 event=0 ip=198.41.192.77
2026-09-10T12:34:04Z ERR failed to serve tunnel connection error="accept stream listener encountered a failure while serving" connIndex=0 event=0 ip=198.41.192.77
2026-09-10T12:34:04Z ERR Serve tunnel error error="accept stream listener encountered a failure while serving" connIndex=0 event=0 ip=198.41.192.77
2026-09-10T12:34:04Z INF Retrying connection in up to 1s connIndex=0 event=0 ip=198.41.192.77
2026-09-10T12:34:04Z ERR Connection terminated error="accept stream listener encountered a failure while serving" connIndex=0
2026-09-10T12:34:11Z INF Tunnel connection curve preferences: [X25519MLKEM768 CurveP256] connIndex=0 event=0 ip=198.41.192.77
2026-09-10T12:34:11Z INF Tunnel connection curve preferences: [X25519MLKEM768 CurveP256] connIndex=1 event=0 ip=198.41.200.53
2026-09-10T12:34:12Z INF Registered tunnel connection connIndex=1 connection=b1ccec66-43ff-4530-962c-6a1b14cadbe4 event=0 ip=198.41.200.53 location=sea07 protocol=quic
2026-09-10T12:34:12Z INF Registered tunnel connection connIndex=0 connection=4fc88a4b-18b4-44b6-ac9f-d904c9f11fa2 event=0 ip=198.41.192.77 location=lax12 protocol=quic
2026-09-10T12:34:15Z ERR Failed to refresh DNS local resolver error="ParseAddr(\"\"): unable to parse IP"
2026-09-10T12:39:15Z ERR Failed to refresh DNS local resolver error="ParseAddr(\"\"): unable to parse IP"
2026-09-10T12:44:15Z ERR Failed to refresh DNS local resolver error="ParseAddr(\"\"): unable to parse IP"
2026-09-10T12:49:15Z ERR Failed to refresh DNS local resolver error="ParseAddr(\"\"): unable to parse IP"
2026-09-10T12:52:05Z ERR failed to accept incoming stream requests error="failed to accept QUIC stream: timeout: no recent network activity" connIndex=0 event=0 ip=198.41.192.77
2026-09-10T12:52:05Z ERR failed to run the datagram handler error="timeout: no recent network activity" connIndex=0 event=0 ip=198.41.192.77
2026-09-10T12:52:05Z WRN failed to serve tunnel connection error="accept stream listener encountered a failure while serving" connIndex=0 event=0 ip=198.41.192.77
2026-09-10T12:52:05Z WRN Serve tunnel error error="accept stream listener encountered a failure while serving" connIndex=0 event=0 ip=198.41.192.77
2026-09-10T12:52:05Z INF Retrying connection in up to 1s connIndex=0 event=0 ip=198.41.192.77
2026-09-10T12:52:06Z WRN Connection terminated error="accept stream listener encountered a failure while serving" connIndex=0
2026-09-10T12:52:08Z INF Tunnel connection curve preferences: [X25519MLKEM768 CurveP256] connIndex=0 event=0 ip=198.41.192.77
2026-09-10T12:52:19Z ERR failed to accept incoming stream requests error="failed to accept QUIC stream: timeout: no recent network activity" connIndex=1 event=0 ip=198.41.200.53
2026-09-10T12:52:19Z ERR failed to run the datagram handler error="timeout: no recent network activity" connIndex=1 event=0 ip=198.41.200.53
2026-09-10T12:52:19Z ERR failed to serve tunnel connection error="accept stream listener encountered a failure while serving" connIndex=1 event=0 ip=198.41.200.53
2026-09-10T12:52:19Z ERR Serve tunnel error error="accept stream listener encountered a failure while serving" connIndex=1 event=0 ip=198.41.200.53
2026-09-10T12:52:19Z INF Retrying connection in up to 1s connIndex=1 event=0 ip=198.41.200.53
2026-09-10T12:52:19Z ERR failed to accept incoming stream requests error="failed to accept QUIC stream: timeout: no recent network activity" connIndex=0 event=0 ip=198.41.192.77
2026-09-10T12:52:19Z ERR failed to run the datagram handler error="context canceled" connIndex=0 event=0 ip=198.41.192.77
2026-09-10T12:52:19Z ERR failed to serve tunnel connection error="control stream encountered a failure while serving" connIndex=0 event=0 ip=198.41.192.77
2026-09-10T12:52:19Z ERR Serve tunnel error error="control stream encountered a failure while serving" connIndex=0 event=0 ip=198.41.192.77
2026-09-10T12:52:19Z INF Retrying connection in up to 4s connIndex=0 event=0 ip=198.41.192.77
2026-09-10T12:52:19Z ERR Connection terminated error="accept stream listener encountered a failure while serving" connIndex=1
2026-09-10T12:52:23Z ERR Connection terminated error="control stream encountered a failure while serving" connIndex=0
2026-09-10T12:52:47Z INF Tunnel connection curve preferences: [X25519MLKEM768 CurveP256] connIndex=0 event=0 ip=198.41.192.77
2026-09-10T12:52:47Z INF Tunnel connection curve preferences: [X25519MLKEM768 CurveP256] connIndex=1 event=0 ip=198.41.200.53
2026-09-10T12:52:48Z INF Registered tunnel connection connIndex=1 connection=878a509d-cf6e-41d0-9655-946c41d6368e event=0 ip=198.41.200.53 location=sea07 protocol=quic
2026-09-10T12:52:50Z INF Registered tunnel connection connIndex=0 connection=536153d0-4a60-43bd-a5f4-94376160fdba event=0 ip=198.41.192.77 location=lax12 protocol=quic
2026-09-10T12:54:15Z ERR Failed to refresh DNS local resolver error="ParseAddr(\"\"): unable to parse IP"
2026-09-10T12:56:52Z ERR failed to accept incoming stream requests error="failed to accept QUIC stream: timeout: no recent network activity" connIndex=1 event=0 ip=198.41.200.53
2026-09-10T12:56:52Z ERR failed to run the datagram handler error="timeout: no recent network activity" connIndex=1 event=0 ip=198.41.200.53
2026-09-10T12:56:52Z WRN failed to serve tunnel connection error="accept stream listener encountered a failure while serving" connIndex=1 event=0 ip=198.41.200.53
2026-09-10T12:56:52Z WRN Serve tunnel error error="accept stream listener encountered a failure while serving" connIndex=1 event=0 ip=198.41.200.53
2026-09-10T12:56:52Z INF Retrying connection in up to 1s connIndex=1 event=0 ip=198.41.200.53
2026-09-10T12:56:52Z WRN Connection terminated error="accept stream listener encountered a failure while serving" connIndex=1
2026-09-10T12:56:53Z ERR failed to accept incoming stream requests error="failed to accept QUIC stream: timeout: no recent network activity" connIndex=0 event=0 ip=198.41.192.77
2026-09-10T12:56:53Z ERR failed to run the datagram handler error="timeout: no recent network activity" connIndex=0 event=0 ip=198.41.192.77
2026-09-10T12:56:53Z ERR failed to serve tunnel connection error="accept stream listener encountered a failure while serving" connIndex=0 event=0 ip=198.41.192.77
2026-09-10T12:56:53Z ERR Serve tunnel error error="accept stream listener encountered a failure while serving" connIndex=0 event=0 ip=198.41.192.77
2026-09-10T12:56:53Z INF Retrying connection in up to 1s connIndex=0 event=0 ip=198.41.192.77
2026-09-10T12:56:54Z ERR Connection terminated error="accept stream listener encountered a failure while serving" connIndex=0
2026-09-10T12:57:05Z INF Tunnel connection curve preferences: [X25519MLKEM768 CurveP256] connIndex=0 event=0 ip=198.41.192.77
2026-09-10T12:57:05Z INF Tunnel connection curve preferences: [X25519MLKEM768 CurveP256] connIndex=1 event=0 ip=198.41.200.53
2026-09-10T12:57:07Z INF Registered tunnel connection connIndex=1 connection=f0cc7b3c-b023-4ec9-b5a8-da2a5aa2cbb6 event=0 ip=198.41.200.53 location=sjc11 protocol=quic
2026-09-10T12:57:14Z WRN Failed to dial a quic connection error="failed to dial to edge with quic: timeout: no recent network activity" connIndex=0 event=0 ip=198.41.192.77
2026-09-10T12:57:14Z WRN Connection terminated error="there are no free edge addresses left to resolve to" connIndex=0
2026-09-10T12:57:21Z INF Tunnel connection curve preferences: [X25519MLKEM768 CurveP256] connIndex=0 event=0 ip=198.41.192.77
2026-09-10T12:57:30Z ERR failed to run the datagram handler error="timeout: no recent network activity" connIndex=1 event=0 ip=198.41.200.53
2026-09-10T12:57:30Z ERR failed to accept incoming stream requests error="failed to accept QUIC stream: timeout: no recent network activity" connIndex=1 event=0 ip=198.41.200.53
2026-09-10T12:57:30Z ERR failed to serve tunnel connection error="datagram manager encountered a failure while serving" connIndex=1 event=0 ip=198.41.200.53
2026-09-10T12:57:30Z ERR Serve tunnel error error="datagram manager encountered a failure while serving" connIndex=1 event=0 ip=198.41.200.53
2026-09-10T12:57:30Z INF Retrying connection in up to 1s connIndex=1 event=0 ip=198.41.200.53
2026-09-10T12:57:31Z ERR Connection terminated error="datagram manager encountered a failure while serving" connIndex=1
2026-09-10T12:57:31Z ERR Failed to dial a quic connection error="failed to dial to edge with quic: timeout: handshake did not complete in time" connIndex=0 event=0 ip=198.41.192.77
2026-09-10T12:57:31Z ERR Connection terminated error="there are no free edge addresses left to resolve to" connIndex=0
2026-09-10T12:58:24Z INF Tunnel connection curve preferences: [X25519MLKEM768 CurveP256] connIndex=1 event=0 ip=198.41.200.53
2026-09-10T12:58:24Z INF Tunnel connection curve preferences: [X25519MLKEM768 CurveP256] connIndex=0 event=0 ip=198.41.192.77
2026-09-10T12:58:25Z INF Registered tunnel connection connIndex=1 connection=1d36947b-aec2-4c72-941a-3255bef71d99 event=0 ip=198.41.200.53 location=sjc11 protocol=quic
2026-09-10T12:58:25Z INF Registered tunnel connection connIndex=0 connection=d7e22059-4567-4c78-af0c-17ff2bd1ea14 event=0 ip=198.41.192.77 location=sjc01 protocol=quic
2026-09-10T12:59:15Z ERR Failed to refresh DNS local resolver error="ParseAddr(\"\"): unable to parse IP"
2026-09-10T13:04:15Z ERR Failed to refresh DNS local resolver error="ParseAddr(\"\"): unable to parse IP"
2026-09-10T13:09:15Z ERR Failed to refresh DNS local resolver error="ParseAddr(\"\"): unable to parse IP"
2026-09-10T13:11:49Z ERR failed to run the datagram handler error="timeout: no recent network activity" connIndex=0 event=0 ip=198.41.192.77
2026-09-10T13:11:49Z ERR failed to accept incoming stream requests error="failed to accept QUIC stream: timeout: no recent network activity" connIndex=0 event=0 ip=198.41.192.77
2026-09-10T13:11:49Z WRN failed to serve tunnel connection error="datagram manager encountered a failure while serving" connIndex=0 event=0 ip=198.41.192.77
2026-09-10T13:11:49Z WRN Serve tunnel error error="datagram manager encountered a failure while serving" connIndex=0 event=0 ip=198.41.192.77
2026-09-10T13:11:49Z INF Retrying connection in up to 1s connIndex=0 event=0 ip=198.41.192.77
2026-09-10T13:11:51Z WRN Connection terminated error="datagram manager encountered a failure while serving" connIndex=0
2026-09-10T13:12:00Z INF Tunnel connection curve preferences: [X25519MLKEM768 CurveP256] connIndex=0 event=0 ip=198.41.192.77
2026-09-10T13:12:01Z INF Registered tunnel connection connIndex=0 connection=5cd61e79-431e-4d31-90b9-6ea5f66c1a39 event=0 ip=198.41.192.77 location=sjc01 protocol=quic
2026-09-10T13:14:15Z ERR Failed to refresh DNS local resolver error="ParseAddr(\"\"): unable to parse IP"
2026-09-10T13:19:15Z ERR Failed to refresh DNS local resolver error="ParseAddr(\"\"): unable to parse IP"
2026-09-10T13:24:15Z ERR Failed to refresh DNS local resolver error="ParseAddr(\"\"): unable to parse IP"
2026-09-10T13:29:15Z ERR Failed to refresh DNS local resolver error="ParseAddr(\"\"): unable to parse IP"
2026-09-10T13:29:19Z ERR update check failed error="Get \"https://update.argotunnel.com?arch=arm64&clientVersion=2026.3.0&os=darwin\": dial tcp: lookup update.argotunnel.com: no such host"
2026-09-10T13:34:15Z ERR Failed to refresh DNS local resolver error="ParseAddr(\"\"): unable to parse IP"
2026-09-10T13:39:15Z ERR Failed to refresh DNS local resolver error="ParseAddr(\"\"): unable to parse IP"
2026-09-10T13:44:15Z ERR Failed to refresh DNS local resolver error="ParseAddr(\"\"): unable to parse IP"
2026-09-10T13:49:15Z ERR Failed to refresh DNS local resolver error="ParseAddr(\"\"): unable to parse IP"
2026-09-10T13:54:15Z ERR Failed to refresh DNS local resolver error="ParseAddr(\"\"): unable to parse IP"
2026-09-10T13:59:15Z ERR Failed to refresh DNS local resolver error="ParseAddr(\"\"): unable to parse IP"
2026-09-10T14:04:15Z ERR Failed to refresh DNS local resolver error="ParseAddr(\"\"): unable to parse IP"
2026-09-10T14:09:15Z ERR Failed to refresh DNS local resolver error="ParseAddr(\"\"): unable to parse IP"
2026-09-10T14:14:15Z ERR Failed to refresh DNS local resolver error="ParseAddr(\"\"): unable to parse IP"
2026-09-10T14:19:15Z ERR Failed to refresh DNS local resolver error="ParseAddr(\"\"): unable to parse IP"
2026-09-10T14:24:15Z ERR Failed to refresh DNS local resolver error="ParseAddr(\"\"): unable to parse IP"
2026-09-10T14:29:15Z ERR Failed to refresh DNS local resolver error="ParseAddr(\"\"): unable to parse IP"
2026-09-10T14:34:15Z ERR Failed to refresh DNS local resolver error="ParseAddr(\"\"): unable to parse IP"
2026-09-10T14:39:15Z ERR Failed to refresh DNS local resolver error="ParseAddr(\"\"): unable to parse IP"
2026-09-10T14:44:15Z ERR Failed to refresh DNS local resolver error="ParseAddr(\"\"): unable to parse IP"
2026-09-10T14:49:15Z ERR Failed to refresh DNS local resolver error="ParseAddr(\"\"): unable to parse IP"
2026-09-10T14:54:15Z ERR Failed to refresh DNS local resolver error="ParseAddr(\"\"): unable to parse IP"
2026-09-10T14:59:15Z ERR Failed to refresh DNS local resolver error="ParseAddr(\"\"): unable to parse IP"
2026-09-10T15:04:15Z ERR Failed to refresh DNS local resolver error="ParseAddr(\"\"): unable to parse IP"
2026-09-10T15:09:15Z ERR Failed to refresh DNS local resolver error="ParseAddr(\"\"): unable to parse IP"
2026-09-10T15:14:15Z ERR Failed to refresh DNS local resolver error="ParseAddr(\"\"): unable to parse IP"
2026-09-10T15:19:15Z ERR Failed to refresh DNS local resolver error="ParseAddr(\"\"): unable to parse IP"
2026-09-10T15:24:15Z ERR Failed to refresh DNS local resolver error="ParseAddr(\"\"): unable to parse IP"
2026-09-10T15:29:15Z ERR Failed to refresh DNS local resolver error="ParseAddr(\"\"): unable to parse IP"
2026-09-10T15:34:15Z ERR Failed to refresh DNS local resolver error="ParseAddr(\"\"): unable to parse IP"
2026-09-10T15:39:15Z ERR Failed to refresh DNS local resolver error="ParseAddr(\"\"): unable to parse IP"
2026-09-10T15:44:15Z ERR Failed to refresh DNS local resolver error="ParseAddr(\"\"): unable to parse IP"
2026-09-10T15:49:15Z ERR Failed to refresh DNS local resolver error="ParseAddr(\"\"): unable to parse IP"
2026-09-10T15:54:15Z ERR Failed to refresh DNS local resolver error="ParseAddr(\"\"): unable to parse IP"
2026-09-10T15:59:15Z ERR Failed to refresh DNS local resolver error="ParseAddr(\"\"): unable to parse IP"
2026-09-10T16:04:15Z ERR Failed to refresh DNS local resolver error="ParseAddr(\"\"): unable to parse IP"
2026-09-10T16:09:15Z ERR Failed to refresh DNS local resolver error="ParseAddr(\"\"): unable to parse IP"
2026-09-10T16:14:15Z ERR Failed to refresh DNS local resolver error="ParseAddr(\"\"): unable to parse IP"
2026-09-10T16:19:15Z ERR Failed to refresh DNS local resolver error="ParseAddr(\"\"): unable to parse IP"
2026-09-10T16:24:15Z ERR Failed to refresh DNS local resolver error="ParseAddr(\"\"): unable to parse IP"
2026-09-10T16:29:15Z ERR Failed to refresh DNS local resolver error="ParseAddr(\"\"): unable to parse IP"
2026-09-10T16:34:15Z ERR Failed to refresh DNS local resolver error="ParseAddr(\"\"): unable to parse IP"
2026-09-10T16:39:15Z ERR Failed to refresh DNS local resolver error="ParseAddr(\"\"): unable to parse IP"
2026-09-10T16:44:15Z ERR Failed to refresh DNS local resolver error="ParseAddr(\"\"): unable to parse IP"
2026-09-10T16:49:15Z ERR Failed to refresh DNS local resolver error="ParseAddr(\"\"): unable to parse IP"
2026-09-10T16:54:15Z ERR Failed to refresh DNS local resolver error="ParseAddr(\"\"): unable to parse IP"
2026-09-10T16:59:15Z ERR Failed to refresh DNS local resolver error="ParseAddr(\"\"): unable to parse IP"
2026-09-10T17:04:15Z ERR Failed to refresh DNS local resolver error="ParseAddr(\"\"): unable to parse IP"
2026-09-10T17:09:15Z ERR Failed to refresh DNS local resolver error="ParseAddr(\"\"): unable to parse IP"
2026-09-10T17:12:56Z ERR failed to run the datagram handler error="timeout: no recent network activity" connIndex=1 event=0 ip=198.41.200.53
2026-09-10T17:12:56Z ERR failed to accept incoming stream requests error="failed to accept QUIC stream: timeout: no recent network activity" connIndex=1 event=0 ip=198.41.200.53
2026-09-10T17:12:56Z WRN failed to serve tunnel connection error="datagram manager encountered a failure while serving" connIndex=1 event=0 ip=198.41.200.53
2026-09-10T17:12:56Z WRN Serve tunnel error error="datagram manager encountered a failure while serving" connIndex=1 event=0 ip=198.41.200.53
2026-09-10T17:12:56Z INF Retrying connection in up to 1s connIndex=1 event=0 ip=198.41.200.53
2026-09-10T17:12:56Z WRN Connection terminated error="datagram manager encountered a failure while serving" connIndex=1
2026-09-10T17:12:59Z ERR failed to run the datagram handler error="timeout: no recent network activity" connIndex=0 event=0 ip=198.41.192.77
2026-09-10T17:12:59Z ERR failed to accept incoming stream requests error="failed to accept QUIC stream: timeout: no recent network activity" connIndex=0 event=0 ip=198.41.192.77
2026-09-10T17:12:59Z ERR failed to serve tunnel connection error="datagram manager encountered a failure while serving" connIndex=0 event=0 ip=198.41.192.77
2026-09-10T17:12:59Z ERR Serve tunnel error error="datagram manager encountered a failure while serving" connIndex=0 event=0 ip=198.41.192.77
2026-09-10T17:12:59Z INF Retrying connection in up to 1s connIndex=0 event=0 ip=198.41.192.77
2026-09-10T17:13:01Z ERR Connection terminated error="datagram manager encountered a failure while serving" connIndex=0
2026-09-10T17:13:15Z INF Tunnel connection curve preferences: [X25519MLKEM768 CurveP256] connIndex=0 event=0 ip=198.41.192.77
2026-09-10T17:13:15Z INF Tunnel connection curve preferences: [X25519MLKEM768 CurveP256] connIndex=1 event=0 ip=198.41.200.53
2026-09-10T17:13:20Z INF Registered tunnel connection connIndex=0 connection=5dd1d599-c2a5-443f-b7b5-c9de72a35e6c event=0 ip=198.41.192.77 location=sjc01 protocol=quic
2026-09-10T17:13:21Z INF Registered tunnel connection connIndex=1 connection=64e3ae45-ba04-422b-a69d-c6b5ed6ccc2f event=0 ip=198.41.200.53 location=sjc11 protocol=quic
2026-09-10T17:13:26Z ERR failed to accept incoming stream requests error="failed to accept QUIC stream: timeout: no recent network activity" connIndex=1 event=0 ip=198.41.200.53
2026-09-10T17:13:26Z ERR failed to run the datagram handler error="timeout: no recent network activity" connIndex=1 event=0 ip=198.41.200.53
2026-09-10T17:13:26Z WRN failed to serve tunnel connection error="accept stream listener encountered a failure while serving" connIndex=1 event=0 ip=198.41.200.53
2026-09-10T17:13:26Z WRN Serve tunnel error error="accept stream listener encountered a failure while serving" connIndex=1 event=0 ip=198.41.200.53
2026-09-10T17:13:26Z INF Retrying connection in up to 1s connIndex=1 event=0 ip=198.41.200.53
2026-09-10T17:13:26Z WRN Connection terminated error="accept stream listener encountered a failure while serving" connIndex=1
2026-09-10T17:13:34Z ERR failed to accept incoming stream requests error="failed to accept QUIC stream: timeout: no recent network activity" connIndex=0 event=0 ip=198.41.192.77
2026-09-10T17:13:34Z ERR failed to run the datagram handler error="timeout: no recent network activity" connIndex=0 event=0 ip=198.41.192.77
2026-09-10T17:13:34Z ERR failed to serve tunnel connection error="accept stream listener encountered a failure while serving" connIndex=0 event=0 ip=198.41.192.77
2026-09-10T17:13:34Z ERR Serve tunnel error error="accept stream listener encountered a failure while serving" connIndex=0 event=0 ip=198.41.192.77
2026-09-10T17:13:34Z INF Retrying connection in up to 1s connIndex=0 event=0 ip=198.41.192.77
2026-09-10T17:13:35Z ERR Connection terminated error="accept stream listener encountered a failure while serving" connIndex=0
2026-09-10T17:13:59Z INF Tunnel connection curve preferences: [X25519MLKEM768 CurveP256] connIndex=1 event=0 ip=198.41.200.53
2026-09-10T17:13:59Z INF Tunnel connection curve preferences: [X25519MLKEM768 CurveP256] connIndex=0 event=0 ip=198.41.192.77
2026-09-10T17:14:09Z ERR Failed to dial a quic connection error="failed to dial to edge with quic: timeout: handshake did not complete in time" connIndex=0 event=0 ip=198.41.192.77
2026-09-10T17:14:09Z ERR Failed to dial a quic connection error="failed to dial to edge with quic: timeout: handshake did not complete in time" connIndex=1 event=0 ip=198.41.200.53
2026-09-10T17:14:09Z ERR Connection terminated error="there are no free edge addresses left to resolve to" connIndex=0
2026-09-10T17:14:09Z INF Retrying connection in up to 4s connIndex=1 event=0 ip=198.41.200.53
2026-09-10T17:14:10Z ERR Connection terminated error="failed to dial to edge with quic: timeout: handshake did not complete in time" connIndex=1
2026-09-10T17:14:15Z ERR Failed to refresh DNS local resolver error="ParseAddr(\"\"): unable to parse IP"
2026-09-10T17:15:25Z INF Tunnel connection curve preferences: [X25519MLKEM768 CurveP256] connIndex=1 event=0 ip=198.41.192.77
2026-09-10T17:15:25Z INF Tunnel connection curve preferences: [X25519MLKEM768 CurveP256] connIndex=0 event=0 ip=198.41.200.53
2026-09-10T17:15:30Z ERR Failed to dial a quic connection error="failed to dial to edge with quic: timeout: no recent network activity" connIndex=1 event=0 ip=198.41.192.77
2026-09-10T17:15:30Z ERR Connection terminated error="there are no free edge addresses left to resolve to" connIndex=1
2026-09-10T17:15:35Z ERR Failed to dial a quic connection error="failed to dial to edge with quic: timeout: handshake did not complete in time" connIndex=0 event=0 ip=198.41.200.53
2026-09-10T17:15:35Z INF Retrying connection in up to 4s connIndex=0 event=0 ip=198.41.200.53
2026-09-10T17:15:38Z INF Tunnel connection curve preferences: [X25519MLKEM768 CurveP256] connIndex=1 event=0 ip=198.41.200.53
2026-09-10T17:15:39Z ERR Connection terminated error="failed to dial to edge with quic: timeout: handshake did not complete in time" connIndex=0
2026-09-10T17:15:45Z INF Tunnel connection curve preferences: [X25519MLKEM768 CurveP256] connIndex=0 event=0 ip=198.41.192.77
2026-09-10T17:15:45Z INF Registered tunnel connection connIndex=0 connection=40fa261c-6aa7-4200-9917-f880fa8d7e08 event=0 ip=198.41.192.77 location=lax07 protocol=quic
2026-09-10T17:15:46Z WRN Failed to dial a quic connection error="failed to dial to edge with quic: timeout: no recent network activity" connIndex=1 event=0 ip=198.41.200.53
2026-09-10T17:15:46Z WRN Connection terminated error="there are no free edge addresses left to resolve to" connIndex=1
2026-09-10T17:16:28Z INF Tunnel connection curve preferences: [X25519MLKEM768 CurveP256] connIndex=1 event=0 ip=198.41.200.53
2026-09-10T17:16:38Z WRN Failed to dial a quic connection error="failed to dial to edge with quic: timeout: handshake did not complete in time" connIndex=1 event=0 ip=198.41.200.53
2026-09-10T17:16:38Z WRN Connection terminated error="there are no free edge addresses left to resolve to" connIndex=1
2026-09-10T17:17:07Z INF Tunnel connection curve preferences: [X25519MLKEM768 CurveP256] connIndex=1 event=0 ip=198.41.200.53
2026-09-10T17:17:16Z WRN Failed to dial a quic connection error="failed to dial to edge with quic: timeout: no recent network activity" connIndex=1 event=0 ip=198.41.200.53
2026-09-10T17:17:16Z WRN Connection terminated error="there are no free edge addresses left to resolve to" connIndex=1
2026-09-10T17:19:15Z ERR Failed to refresh DNS local resolver error="ParseAddr(\"\"): unable to parse IP"
2026-09-10T17:19:28Z INF Tunnel connection curve preferences: [X25519MLKEM768 CurveP256] connIndex=1 event=0 ip=198.41.200.53
2026-09-10T17:19:35Z WRN Failed to dial a quic connection error="failed to dial to edge with quic: timeout: no recent network activity" connIndex=1 event=0 ip=198.41.200.53
2026-09-10T17:19:35Z WRN Connection terminated error="there are no free edge addresses left to resolve to" connIndex=1
2026-09-10T17:24:04Z INF Tunnel connection curve preferences: [X25519MLKEM768 CurveP256] connIndex=1 event=0 ip=198.41.200.53
2026-09-10T17:24:14Z WRN Failed to dial a quic connection error="failed to dial to edge with quic: timeout: handshake did not complete in time" connIndex=1 event=0 ip=198.41.200.53
2026-09-10T17:24:14Z WRN Connection terminated error="there are no free edge addresses left to resolve to" connIndex=1
2026-09-10T17:24:15Z ERR Failed to refresh DNS local resolver error="ParseAddr(\"\"): unable to parse IP"
2026-09-10T17:27:08Z INF Tunnel connection curve preferences: [X25519MLKEM768 CurveP256] connIndex=1 event=0 ip=198.41.200.53
2026-09-10T17:27:14Z WRN Failed to dial a quic connection error="failed to dial to edge with quic: timeout: no recent network activity" connIndex=1 event=0 ip=198.41.200.53
2026-09-10T17:27:14Z WRN Connection terminated error="there are no free edge addresses left to resolve to" connIndex=1
2026-09-10T17:27:27Z INF Tunnel connection curve preferences: [X25519MLKEM768 CurveP256] connIndex=1 event=0 ip=198.41.200.53
2026-09-10T17:27:31Z INF Registered tunnel connection connIndex=1 connection=28a8daef-4051-4d5f-8f5b-a72f15d84a16 event=0 ip=198.41.200.53 location=sjc08 protocol=quic
2026-09-10T17:27:40Z ERR failed to accept incoming stream requests error="failed to accept QUIC stream: timeout: no recent network activity" connIndex=1 event=0 ip=198.41.200.53
2026-09-10T17:27:40Z ERR failed to run the datagram handler error="timeout: no recent network activity" connIndex=1 event=0 ip=198.41.200.53
2026-09-10T17:27:40Z WRN failed to serve tunnel connection error="accept stream listener encountered a failure while serving" connIndex=1 event=0 ip=198.41.200.53
2026-09-10T17:27:40Z WRN Serve tunnel error error="accept stream listener encountered a failure while serving" connIndex=1 event=0 ip=198.41.200.53
2026-09-10T17:27:40Z INF Retrying connection in up to 1s connIndex=1 event=0 ip=198.41.200.53
2026-09-10T17:27:41Z WRN Connection terminated error="accept stream listener encountered a failure while serving" connIndex=1
2026-09-10T17:29:15Z ERR Failed to refresh DNS local resolver error="ParseAddr(\"\"): unable to parse IP"
2026-09-10T17:30:02Z INF Tunnel connection curve preferences: [X25519MLKEM768 CurveP256] connIndex=1 event=0 ip=198.41.200.53
2026-09-10T17:30:08Z WRN Failed to dial a quic connection error="failed to dial to edge with quic: timeout: no recent network activity" connIndex=1 event=0 ip=198.41.200.53
2026-09-10T17:30:08Z WRN Connection terminated error="there are no free edge addresses left to resolve to" connIndex=1
2026-09-10T17:33:15Z INF Tunnel connection curve preferences: [X25519MLKEM768 CurveP256] connIndex=1 event=0 ip=198.41.200.53
2026-09-10T17:33:24Z WRN Failed to dial a quic connection error="failed to dial to edge with quic: timeout: no recent network activity" connIndex=1 event=0 ip=198.41.200.53
2026-09-10T17:33:24Z WRN Connection terminated error="there are no free edge addresses left to resolve to" connIndex=1
2026-09-10T17:34:15Z ERR Failed to refresh DNS local resolver error="ParseAddr(\"\"): unable to parse IP"
2026-09-10T17:37:36Z INF Tunnel connection curve preferences: [X25519MLKEM768 CurveP256] connIndex=1 event=0 ip=198.41.200.53
2026-09-10T17:37:46Z WRN Failed to dial a quic connection error="failed to dial to edge with quic: timeout: handshake did not complete in time" connIndex=1 event=0 ip=198.41.200.53
2026-09-10T17:37:46Z WRN Connection terminated error="there are no free edge addresses left to resolve to" connIndex=1
2026-09-10T17:38:39Z INF Tunnel connection curve preferences: [X25519MLKEM768 CurveP256] connIndex=1 event=0 ip=198.41.200.53
2026-09-10T17:38:45Z ERR failed to accept incoming stream requests error="failed to accept QUIC stream: timeout: no recent network activity" connIndex=1 event=0 ip=198.41.200.53
2026-09-10T17:38:45Z ERR failed to run the datagram handler error="context canceled" connIndex=1 event=0 ip=198.41.200.53
2026-09-10T17:38:45Z WRN failed to serve tunnel connection error="control stream encountered a failure while serving" connIndex=1 event=0 ip=198.41.200.53
2026-09-10T17:38:45Z WRN Serve tunnel error error="control stream encountered a failure while serving" connIndex=1 event=0 ip=198.41.200.53
2026-09-10T17:38:45Z INF Retrying connection in up to 4s connIndex=1 event=0 ip=198.41.200.53
2026-09-10T17:38:47Z WRN Connection terminated error="control stream encountered a failure while serving" connIndex=1
2026-09-10T17:39:15Z ERR Failed to refresh DNS local resolver error="ParseAddr(\"\"): unable to parse IP"
2026-09-10T17:40:39Z INF Tunnel connection curve preferences: [X25519MLKEM768 CurveP256] connIndex=1 event=0 ip=198.41.200.53
2026-09-10T17:40:44Z INF Registered tunnel connection connIndex=1 connection=029d0a33-9a29-4cbb-9dc2-8783c440156f event=0 ip=198.41.200.53 location=sjc11 protocol=quic
2026-09-10T17:41:21Z ERR failed to accept incoming stream requests error="failed to accept QUIC stream: timeout: no recent network activity" connIndex=1 event=0 ip=198.41.200.53
2026-09-10T17:41:21Z ERR failed to run the datagram handler error="timeout: no recent network activity" connIndex=1 event=0 ip=198.41.200.53
2026-09-10T17:41:21Z WRN failed to serve tunnel connection error="accept stream listener encountered a failure while serving" connIndex=1 event=0 ip=198.41.200.53
2026-09-10T17:41:21Z WRN Serve tunnel error error="accept stream listener encountered a failure while serving" connIndex=1 event=0 ip=198.41.200.53
2026-09-10T17:41:21Z INF Retrying connection in up to 1s connIndex=1 event=0 ip=198.41.200.53
2026-09-10T17:41:22Z WRN Connection terminated error="accept stream listener encountered a failure while serving" connIndex=1
2026-09-10T17:42:43Z INF Tunnel connection curve preferences: [X25519MLKEM768 CurveP256] connIndex=1 event=0 ip=198.41.200.53
2026-09-10T17:42:53Z WRN Failed to dial a quic connection error="failed to dial to edge with quic: timeout: handshake did not complete in time" connIndex=1 event=0 ip=198.41.200.53
2026-09-10T17:42:53Z WRN Connection terminated error="there are no free edge addresses left to resolve to" connIndex=1
2026-09-10T17:43:29Z INF Tunnel connection curve preferences: [X25519MLKEM768 CurveP256] connIndex=1 event=0 ip=198.41.200.53
2026-09-10T17:43:35Z ERR failed to run the datagram handler error="context canceled" connIndex=1 event=0 ip=198.41.200.53
2026-09-10T17:43:35Z WRN failed to serve tunnel connection error="control stream encountered a failure while serving" connIndex=1 event=0 ip=198.41.200.53
2026-09-10T17:43:35Z WRN Serve tunnel error error="control stream encountered a failure while serving" connIndex=1 event=0 ip=198.41.200.53
2026-09-10T17:43:35Z INF Retrying connection in up to 4s connIndex=1 event=0 ip=198.41.200.53
2026-09-10T17:43:39Z WRN Connection terminated error="control stream encountered a failure while serving" connIndex=1
2026-09-10T17:44:15Z ERR Failed to refresh DNS local resolver error="ParseAddr(\"\"): unable to parse IP"
2026-09-10T17:47:18Z INF Tunnel connection curve preferences: [X25519MLKEM768 CurveP256] connIndex=1 event=0 ip=198.41.200.53
2026-09-10T17:47:28Z WRN Failed to dial a quic connection error="failed to dial to edge with quic: timeout: handshake did not complete in time" connIndex=1 event=0 ip=198.41.200.53
2026-09-10T17:47:28Z WRN Connection terminated error="there are no free edge addresses left to resolve to" connIndex=1
2026-09-10T17:49:15Z ERR Failed to refresh DNS local resolver error="ParseAddr(\"\"): unable to parse IP"
2026-09-10T17:50:37Z INF Tunnel connection curve preferences: [X25519MLKEM768 CurveP256] connIndex=1 event=0 ip=198.41.200.53
2026-09-10T17:50:42Z WRN Failed to dial a quic connection error="failed to dial to edge with quic: timeout: no recent network activity" connIndex=1 event=0 ip=198.41.200.53
2026-09-10T17:50:42Z WRN Connection terminated error="there are no free edge addresses left to resolve to" connIndex=1
2026-09-10T17:51:00Z INF Tunnel connection curve preferences: [X25519MLKEM768 CurveP256] connIndex=1 event=0 ip=198.41.200.53
2026-09-10T17:51:01Z INF Registered tunnel connection connIndex=1 connection=bfc40e4c-61f3-4ccf-9df6-e0bea2c73ed1 event=0 ip=198.41.200.53 location=sjc11 protocol=quic
2026-09-10T17:51:14Z ERR failed to run the datagram handler error="timeout: no recent network activity" connIndex=1 event=0 ip=198.41.200.53
2026-09-10T17:51:14Z ERR failed to accept incoming stream requests error="failed to accept QUIC stream: timeout: no recent network activity" connIndex=1 event=0 ip=198.41.200.53
2026-09-10T17:51:14Z WRN failed to serve tunnel connection error="datagram manager encountered a failure while serving" connIndex=1 event=0 ip=198.41.200.53
2026-09-10T17:51:14Z WRN Serve tunnel error error="datagram manager encountered a failure while serving" connIndex=1 event=0 ip=198.41.200.53
2026-09-10T17:51:14Z INF Retrying connection in up to 1s connIndex=1 event=0 ip=198.41.200.53
2026-09-10T17:51:15Z WRN Connection terminated error="datagram manager encountered a failure while serving" connIndex=1
2026-09-10T17:54:09Z INF Tunnel connection curve preferences: [X25519MLKEM768 CurveP256] connIndex=1 event=0 ip=198.41.200.53
2026-09-10T17:54:15Z ERR Failed to refresh DNS local resolver error="ParseAddr(\"\"): unable to parse IP"
2026-09-10T17:54:15Z WRN Failed to dial a quic connection error="failed to dial to edge with quic: timeout: no recent network activity" connIndex=1 event=0 ip=198.41.200.53
2026-09-10T17:54:15Z WRN Connection terminated error="there are no free edge addresses left to resolve to" connIndex=1
2026-09-10T17:57:00Z INF Tunnel connection curve preferences: [X25519MLKEM768 CurveP256] connIndex=1 event=0 ip=198.41.200.53
2026-09-10T17:57:09Z WRN Failed to dial a quic connection error="failed to dial to edge with quic: timeout: no recent network activity" connIndex=1 event=0 ip=198.41.200.53
2026-09-10T17:57:09Z WRN Connection terminated error="there are no free edge addresses left to resolve to" connIndex=1
2026-09-10T17:59:15Z ERR Failed to refresh DNS local resolver error="ParseAddr(\"\"): unable to parse IP"
2026-09-10T18:01:48Z INF Tunnel connection curve preferences: [X25519MLKEM768 CurveP256] connIndex=1 event=0 ip=198.41.200.53
2026-09-10T18:01:55Z ERR failed to run the datagram handler error="context canceled" connIndex=1 event=0 ip=198.41.200.53
2026-09-10T18:01:55Z WRN failed to serve tunnel connection error="control stream encountered a failure while serving" connIndex=1 event=0 ip=198.41.200.53
2026-09-10T18:01:55Z WRN Serve tunnel error error="control stream encountered a failure while serving" connIndex=1 event=0 ip=198.41.200.53
2026-09-10T18:01:55Z INF Retrying connection in up to 4s connIndex=1 event=0 ip=198.41.200.53
2026-09-10T18:01:57Z WRN Connection terminated error="control stream encountered a failure while serving" connIndex=1
2026-09-10T18:04:15Z ERR Failed to refresh DNS local resolver error="ParseAddr(\"\"): unable to parse IP"
2026-09-10T18:06:15Z INF Tunnel connection curve preferences: [X25519MLKEM768 CurveP256] connIndex=1 event=0 ip=198.41.200.53
2026-09-10T18:06:26Z ERR failed to run the datagram handler error="context canceled" connIndex=1 event=0 ip=198.41.200.53
2026-09-10T18:06:26Z WRN failed to serve tunnel connection error="control stream encountered a failure while serving" connIndex=1 event=0 ip=198.41.200.53
2026-09-10T18:06:26Z WRN Serve tunnel error error="control stream encountered a failure while serving" connIndex=1 event=0 ip=198.41.200.53
2026-09-10T18:06:26Z INF Retrying connection in up to 8s connIndex=1 event=0 ip=198.41.200.53
2026-09-10T18:06:28Z WRN Connection terminated error="control stream encountered a failure while serving" connIndex=1
2026-09-10T18:08:49Z INF Tunnel connection curve preferences: [X25519MLKEM768 CurveP256] connIndex=1 event=0 ip=198.41.200.53
2026-09-10T18:09:02Z ERR failed to run the datagram handler error="context canceled" connIndex=1 event=0 ip=198.41.200.53
2026-09-10T18:09:02Z WRN failed to serve tunnel connection error="control stream encountered a failure while serving" connIndex=1 event=0 ip=198.41.200.53
2026-09-10T18:09:02Z WRN Serve tunnel error error="control stream encountered a failure while serving" connIndex=1 event=0 ip=198.41.200.53
2026-09-10T18:09:02Z INF Retrying connection in up to 16s connIndex=1 event=0 ip=198.41.200.53
2026-09-10T18:09:10Z WRN Connection terminated error="control stream encountered a failure while serving" connIndex=1
2026-09-10T18:09:12Z INF Tunnel connection curve preferences: [X25519MLKEM768 CurveP256] connIndex=1 event=0 ip=198.41.200.53
2026-09-10T18:09:15Z ERR Failed to refresh DNS local resolver error="ParseAddr(\"\"): unable to parse IP"
2026-09-10T18:09:22Z WRN Failed to dial a quic connection error="failed to dial to edge with quic: timeout: handshake did not complete in time" connIndex=1 event=0 ip=198.41.200.53
2026-09-10T18:09:22Z WRN Connection terminated error="there are no free edge addresses left to resolve to" connIndex=1
2026-09-10T18:09:23Z INF Tunnel connection curve preferences: [X25519MLKEM768 CurveP256] connIndex=1 event=0 ip=198.41.200.53
2026-09-10T18:09:29Z WRN Failed to dial a quic connection error="failed to dial to edge with quic: timeout: no recent network activity" connIndex=1 event=0 ip=198.41.200.53
2026-09-10T18:09:29Z WRN Connection terminated error="there are no free edge addresses left to resolve to" connIndex=1
2026-09-10T18:10:45Z INF Tunnel connection curve preferences: [X25519MLKEM768 CurveP256] connIndex=1 event=0 ip=198.41.200.53
2026-09-10T18:10:57Z ERR failed to run the datagram handler error="context canceled" connIndex=1 event=0 ip=198.41.200.53
2026-09-10T18:10:57Z WRN failed to serve tunnel connection error="control stream encountered a failure while serving" connIndex=1 event=0 ip=198.41.200.53
2026-09-10T18:10:57Z WRN Serve tunnel error error="control stream encountered a failure while serving" connIndex=1 event=0 ip=198.41.200.53
2026-09-10T18:10:57Z INF Retrying connection in up to 32s connIndex=1 event=0 ip=198.41.200.53
2026-09-10T18:11:04Z WRN Connection terminated error="control stream encountered a failure while serving" connIndex=1
2026-09-10T18:11:23Z INF Tunnel connection curve preferences: [X25519MLKEM768 CurveP256] connIndex=1 event=0 ip=198.41.200.53
2026-09-10T18:11:31Z WRN Failed to dial a quic connection error="failed to dial to edge with quic: timeout: no recent network activity" connIndex=1 event=0 ip=198.41.200.53
2026-09-10T18:11:31Z WRN Connection terminated error="there are no free edge addresses left to resolve to" connIndex=1
2026-09-10T18:14:15Z ERR Failed to refresh DNS local resolver error="ParseAddr(\"\"): unable to parse IP"
2026-09-10T18:16:32Z INF Tunnel connection curve preferences: [X25519MLKEM768 CurveP256] connIndex=1 event=0 ip=198.41.200.53
2026-09-10T18:16:38Z ERR failed to run the datagram handler error="context canceled" connIndex=1 event=0 ip=198.41.200.53
2026-09-10T18:16:38Z WRN failed to serve tunnel connection error="control stream encountered a failure while serving" connIndex=1 event=0 ip=198.41.200.53
2026-09-10T18:16:38Z WRN Serve tunnel error error="control stream encountered a failure while serving" connIndex=1 event=0 ip=198.41.200.53
2026-09-10T18:16:38Z INF Retrying connection in up to 1m4s connIndex=1 event=0 ip=198.41.200.53
2026-09-10T18:17:06Z WRN Connection terminated error="control stream encountered a failure while serving" connIndex=1
2026-09-10T18:18:22Z INF Tunnel connection curve preferences: [X25519MLKEM768 CurveP256] connIndex=1 event=0 ip=198.41.200.53
2026-09-10T18:18:28Z WRN Failed to dial a quic connection error="failed to dial to edge with quic: timeout: no recent network activity" connIndex=1 event=0 ip=198.41.200.53
2026-09-10T18:18:28Z WRN Connection terminated error="there are no free edge addresses left to resolve to" connIndex=1
2026-09-10T18:19:15Z ERR Failed to refresh DNS local resolver error="ParseAddr(\"\"): unable to parse IP"
2026-09-10T18:23:36Z INF Tunnel connection curve preferences: [X25519MLKEM768 CurveP256] connIndex=1 event=0 ip=198.41.200.53
2026-09-10T18:23:46Z INF Registered tunnel connection connIndex=1 connection=dcc25653-2f49-4f41-a4c8-1925fd579091 event=0 ip=198.41.200.53 location=sjc05 protocol=quic
2026-09-10T18:23:55Z ERR failed to run the datagram handler error="timeout: no recent network activity" connIndex=1 event=0 ip=198.41.200.53
2026-09-10T18:23:55Z ERR failed to accept incoming stream requests error="failed to accept QUIC stream: timeout: no recent network activity" connIndex=1 event=0 ip=198.41.200.53
2026-09-10T18:23:55Z WRN failed to serve tunnel connection error="datagram manager encountered a failure while serving" connIndex=1 event=0 ip=198.41.200.53
2026-09-10T18:23:55Z WRN Serve tunnel error error="datagram manager encountered a failure while serving" connIndex=1 event=0 ip=198.41.200.53
2026-09-10T18:23:55Z INF Retrying connection in up to 1s connIndex=1 event=0 ip=198.41.200.53
2026-09-10T18:23:55Z WRN Connection terminated error="datagram manager encountered a failure while serving" connIndex=1
2026-09-10T18:24:15Z ERR Failed to refresh DNS local resolver error="ParseAddr(\"\"): unable to parse IP"
2026-09-10T18:26:36Z INF Tunnel connection curve preferences: [X25519MLKEM768 CurveP256] connIndex=1 event=0 ip=198.41.200.53
2026-09-10T18:26:47Z ERR failed to accept incoming stream requests error="failed to accept QUIC stream: timeout: no recent network activity" connIndex=1 event=0 ip=198.41.200.53
2026-09-10T18:26:47Z ERR failed to run the datagram handler error="timeout: no recent network activity" connIndex=1 event=0 ip=198.41.200.53
2026-09-10T18:26:47Z WRN failed to serve tunnel connection error="control stream encountered a failure while serving" connIndex=1 event=0 ip=198.41.200.53
2026-09-10T18:26:47Z WRN Serve tunnel error error="control stream encountered a failure while serving" connIndex=1 event=0 ip=198.41.200.53
2026-09-10T18:26:47Z INF Retrying connection in up to 4s connIndex=1 event=0 ip=198.41.200.53
2026-09-10T18:26:50Z WRN Connection terminated error="control stream encountered a failure while serving" connIndex=1
2026-09-10T18:29:15Z ERR Failed to refresh DNS local resolver error="ParseAddr(\"\"): unable to parse IP"
2026-09-10T18:32:07Z INF Tunnel connection curve preferences: [X25519MLKEM768 CurveP256] connIndex=1 event=0 ip=198.41.200.53
2026-09-10T18:32:12Z WRN Failed to dial a quic connection error="failed to dial to edge with quic: timeout: no recent network activity" connIndex=1 event=0 ip=198.41.200.53
2026-09-10T18:32:12Z WRN Connection terminated error="there are no free edge addresses left to resolve to" connIndex=1
2026-09-10T18:34:15Z ERR Failed to refresh DNS local resolver error="ParseAddr(\"\"): unable to parse IP"
2026-09-10T18:35:09Z INF Tunnel connection curve preferences: [X25519MLKEM768 CurveP256] connIndex=1 event=0 ip=198.41.200.53
2026-09-10T18:35:17Z ERR failed to run the datagram handler error="context canceled" connIndex=1 event=0 ip=198.41.200.53
2026-09-10T18:35:17Z WRN failed to serve tunnel connection error="control stream encountered a failure while serving" connIndex=1 event=0 ip=198.41.200.53
2026-09-10T18:35:17Z WRN Serve tunnel error error="control stream encountered a failure while serving" connIndex=1 event=0 ip=198.41.200.53
2026-09-10T18:35:17Z INF Retrying connection in up to 8s connIndex=1 event=0 ip=198.41.200.53
2026-09-10T18:35:20Z WRN Connection terminated error="control stream encountered a failure while serving" connIndex=1
2026-09-10T18:38:19Z INF Tunnel connection curve preferences: [X25519MLKEM768 CurveP256] connIndex=1 event=0 ip=198.41.200.53
2026-09-10T18:38:27Z ERR failed to run the datagram handler error="context canceled" connIndex=1 event=0 ip=198.41.200.53
2026-09-10T18:38:27Z WRN failed to serve tunnel connection error="control stream encountered a failure while serving" connIndex=1 event=0 ip=198.41.200.53
2026-09-10T18:38:27Z WRN Serve tunnel error error="control stream encountered a failure while serving" connIndex=1 event=0 ip=198.41.200.53
2026-09-10T18:38:27Z INF Retrying connection in up to 16s connIndex=1 event=0 ip=198.41.200.53
2026-09-10T18:38:34Z WRN Connection terminated error="control stream encountered a failure while serving" connIndex=1
2026-09-10T18:39:15Z ERR Failed to refresh DNS local resolver error="ParseAddr(\"\"): unable to parse IP"
2026-09-10T18:39:52Z INF Tunnel connection curve preferences: [X25519MLKEM768 CurveP256] connIndex=1 event=0 ip=198.41.200.53
2026-09-10T18:40:02Z WRN Failed to dial a quic connection error="failed to dial to edge with quic: timeout: handshake did not complete in time" connIndex=1 event=0 ip=198.41.200.53
2026-09-10T18:40:02Z WRN Connection terminated error="there are no free edge addresses left to resolve to" connIndex=1
2026-09-10T18:44:15Z ERR Failed to refresh DNS local resolver error="ParseAddr(\"\"): unable to parse IP"
2026-09-10T18:45:16Z INF Tunnel connection curve preferences: [X25519MLKEM768 CurveP256] connIndex=1 event=0 ip=198.41.200.53
2026-09-10T18:45:19Z INF Registered tunnel connection connIndex=1 connection=65ec1a34-a351-4517-9b2d-5e28d76fb58c event=0 ip=198.41.200.53 location=sjc10 protocol=quic
2026-09-10T18:46:18Z ERR failed to accept incoming stream requests error="failed to accept QUIC stream: timeout: no recent network activity" connIndex=1 event=0 ip=198.41.200.53
2026-09-10T18:46:18Z ERR failed to run the datagram handler error="timeout: no recent network activity" connIndex=1 event=0 ip=198.41.200.53
2026-09-10T18:46:18Z WRN failed to serve tunnel connection error="accept stream listener encountered a failure while serving" connIndex=1 event=0 ip=198.41.200.53
2026-09-10T18:46:18Z WRN Serve tunnel error error="accept stream listener encountered a failure while serving" connIndex=1 event=0 ip=198.41.200.53
2026-09-10T18:46:18Z INF Retrying connection in up to 1s connIndex=1 event=0 ip=198.41.200.53
2026-09-10T18:46:18Z WRN Connection terminated error="accept stream listener encountered a failure while serving" connIndex=1
2026-09-10T18:48:26Z INF Tunnel connection curve preferences: [X25519MLKEM768 CurveP256] connIndex=1 event=0 ip=198.41.200.53
2026-09-10T18:48:32Z INF Registered tunnel connection connIndex=1 connection=77b43b98-345f-4eb5-b4a4-a288f68efef5 event=0 ip=198.41.200.53 location=sjc05 protocol=quic
2026-09-10T18:48:40Z ERR failed to run the datagram handler error="timeout: no recent network activity" connIndex=1 event=0 ip=198.41.200.53
2026-09-10T18:48:40Z ERR failed to accept incoming stream requests error="failed to accept QUIC stream: timeout: no recent network activity" connIndex=1 event=0 ip=198.41.200.53
2026-09-10T18:48:40Z WRN failed to serve tunnel connection error="datagram manager encountered a failure while serving" connIndex=1 event=0 ip=198.41.200.53
2026-09-10T18:48:40Z WRN Serve tunnel error error="datagram manager encountered a failure while serving" connIndex=1 event=0 ip=198.41.200.53
2026-09-10T18:48:40Z INF Retrying connection in up to 1s connIndex=1 event=0 ip=198.41.200.53
2026-09-10T18:48:41Z WRN Connection terminated error="datagram manager encountered a failure while serving" connIndex=1
2026-09-10T18:49:15Z ERR Failed to refresh DNS local resolver error="ParseAddr(\"\"): unable to parse IP"
2026-09-10T18:50:13Z INF Tunnel connection curve preferences: [X25519MLKEM768 CurveP256] connIndex=1 event=0 ip=198.41.200.53
2026-09-10T18:50:15Z INF Registered tunnel connection connIndex=1 connection=251641d8-6713-42e0-82ee-557a3c8ba78e event=0 ip=198.41.200.53 location=sjc10 protocol=quic
2026-09-10T18:50:22Z ERR failed to run the datagram handler error="timeout: no recent network activity" connIndex=1 event=0 ip=198.41.200.53
2026-09-10T18:50:22Z ERR failed to accept incoming stream requests error="failed to accept QUIC stream: timeout: no recent network activity" connIndex=1 event=0 ip=198.41.200.53
2026-09-10T18:50:22Z WRN failed to serve tunnel connection error="datagram manager encountered a failure while serving" connIndex=1 event=0 ip=198.41.200.53
2026-09-10T18:50:22Z WRN Serve tunnel error error="datagram manager encountered a failure while serving" connIndex=1 event=0 ip=198.41.200.53
2026-09-10T18:50:22Z INF Retrying connection in up to 1s connIndex=1 event=0 ip=198.41.200.53
2026-09-10T18:50:24Z WRN Connection terminated error="datagram manager encountered a failure while serving" connIndex=1
2026-09-10T18:54:15Z ERR Failed to refresh DNS local resolver error="ParseAddr(\"\"): unable to parse IP"
2026-09-10T18:55:43Z INF Tunnel connection curve preferences: [X25519MLKEM768 CurveP256] connIndex=1 event=0 ip=198.41.200.53
2026-09-10T18:55:50Z WRN Failed to dial a quic connection error="failed to dial to edge with quic: timeout: no recent network activity" connIndex=1 event=0 ip=198.41.200.53
2026-09-10T18:55:50Z WRN Connection terminated error="there are no free edge addresses left to resolve to" connIndex=1
2026-09-10T18:59:15Z ERR Failed to refresh DNS local resolver error="ParseAddr(\"\"): unable to parse IP"
2026-09-10T19:01:04Z INF Tunnel connection curve preferences: [X25519MLKEM768 CurveP256] connIndex=1 event=0 ip=198.41.200.53
2026-09-10T19:01:14Z WRN Failed to dial a quic connection error="failed to dial to edge with quic: timeout: handshake did not complete in time" connIndex=1 event=0 ip=198.41.200.53
2026-09-10T19:01:14Z WRN Connection terminated error="there are no free edge addresses left to resolve to" connIndex=1
2026-09-10T19:01:28Z INF Tunnel connection curve preferences: [X25519MLKEM768 CurveP256] connIndex=1 event=0 ip=198.41.200.53
2026-09-10T19:01:34Z WRN Failed to dial a quic connection error="failed to dial to edge with quic: timeout: no recent network activity" connIndex=1 event=0 ip=198.41.200.53
2026-09-10T19:01:34Z WRN Connection terminated error="there are no free edge addresses left to resolve to" connIndex=1
2026-09-10T19:02:05Z INF Tunnel connection curve preferences: [X25519MLKEM768 CurveP256] connIndex=1 event=0 ip=198.41.200.53
2026-09-10T19:02:07Z INF Registered tunnel connection connIndex=1 connection=859a2f61-22f5-4b31-bba8-2aef1b12c7bc event=0 ip=198.41.200.53 location=sjc10 protocol=quic
2026-09-10T19:02:12Z ERR failed to accept incoming stream requests error="failed to accept QUIC stream: timeout: no recent network activity" connIndex=1 event=0 ip=198.41.200.53
2026-09-10T19:02:12Z ERR failed to run the datagram handler error="timeout: no recent network activity" connIndex=1 event=0 ip=198.41.200.53
2026-09-10T19:02:12Z WRN failed to serve tunnel connection error="accept stream listener encountered a failure while serving" connIndex=1 event=0 ip=198.41.200.53
2026-09-10T19:02:12Z WRN Serve tunnel error error="accept stream listener encountered a failure while serving" connIndex=1 event=0 ip=198.41.200.53
2026-09-10T19:02:12Z INF Retrying connection in up to 1s connIndex=1 event=0 ip=198.41.200.53
2026-09-10T19:02:13Z WRN Connection terminated error="accept stream listener encountered a failure while serving" connIndex=1
2026-09-10T19:03:32Z INF Tunnel connection curve preferences: [X25519MLKEM768 CurveP256] connIndex=1 event=0 ip=198.41.200.53
2026-09-10T19:03:38Z ERR failed to run the datagram handler error="context canceled" connIndex=1 event=0 ip=198.41.200.53
2026-09-10T19:03:38Z WRN failed to serve tunnel connection error="control stream encountered a failure while serving" connIndex=1 event=0 ip=198.41.200.53
2026-09-10T19:03:38Z WRN Serve tunnel error error="control stream encountered a failure while serving" connIndex=1 event=0 ip=198.41.200.53
2026-09-10T19:03:38Z INF Retrying connection in up to 4s connIndex=1 event=0 ip=198.41.200.53
2026-09-10T19:03:41Z WRN Connection terminated error="control stream encountered a failure while serving" connIndex=1
2026-09-10T19:04:15Z ERR Failed to refresh DNS local resolver error="ParseAddr(\"\"): unable to parse IP"
2026-09-10T19:05:32Z INF Tunnel connection curve preferences: [X25519MLKEM768 CurveP256] connIndex=1 event=0 ip=198.41.200.53
2026-09-10T19:06:09Z ERR failed to accept incoming stream requests error="failed to accept QUIC stream: timeout: no recent network activity" connIndex=1 event=0 ip=198.41.200.53
2026-09-10T19:06:09Z ERR failed to run the datagram handler error="context canceled" connIndex=1 event=0 ip=198.41.200.53
2026-09-10T19:06:09Z WRN failed to serve tunnel connection error="control stream encountered a failure while serving" connIndex=1 event=0 ip=198.41.200.53
2026-09-10T19:06:09Z WRN Serve tunnel error error="control stream encountered a failure while serving" connIndex=1 event=0 ip=198.41.200.53
2026-09-10T19:06:09Z INF Retrying connection in up to 8s connIndex=1 event=0 ip=198.41.200.53
2026-09-10T19:06:13Z WRN Connection terminated error="control stream encountered a failure while serving" connIndex=1
2026-09-10T19:06:13Z INF Tunnel connection curve preferences: [X25519MLKEM768 CurveP256] connIndex=1 event=0 ip=198.41.200.53
2026-09-10T19:06:25Z ERR failed to run the datagram handler error="context canceled" connIndex=1 event=0 ip=198.41.200.53
2026-09-10T19:06:25Z WRN failed to serve tunnel connection error="control stream encountered a failure while serving" connIndex=1 event=0 ip=198.41.200.53
2026-09-10T19:06:25Z WRN Serve tunnel error error="control stream encountered a failure while serving" connIndex=1 event=0 ip=198.41.200.53
2026-09-10T19:06:25Z INF Retrying connection in up to 16s connIndex=1 event=0 ip=198.41.200.53
2026-09-10T19:06:27Z WRN Connection terminated error="control stream encountered a failure while serving" connIndex=1
2026-09-10T19:06:31Z INF Tunnel connection curve preferences: [X25519MLKEM768 CurveP256] connIndex=1 event=0 ip=198.41.200.53
2026-09-10T19:06:39Z WRN Failed to dial a quic connection error="failed to dial to edge with quic: timeout: no recent network activity" connIndex=1 event=0 ip=198.41.200.53
2026-09-10T19:06:39Z WRN Connection terminated error="there are no free edge addresses left to resolve to" connIndex=1
2026-09-10T19:06:40Z INF Tunnel connection curve preferences: [X25519MLKEM768 CurveP256] connIndex=1 event=0 ip=198.41.200.53
2026-09-10T19:06:47Z WRN Failed to dial a quic connection error="failed to dial to edge with quic: timeout: no recent network activity" connIndex=1 event=0 ip=198.41.200.53
2026-09-10T19:06:47Z WRN Connection terminated error="there are no free edge addresses left to resolve to" connIndex=1
2026-09-10T19:08:44Z INF Tunnel connection curve preferences: [X25519MLKEM768 CurveP256] connIndex=1 event=0 ip=198.41.200.53
2026-09-10T19:08:47Z INF Registered tunnel connection connIndex=1 connection=7209d1e7-2bdd-4c96-8aa3-a323bb71575f event=0 ip=198.41.200.53 location=sjc08 protocol=quic
2026-09-10T19:09:04Z ERR failed to run the datagram handler error="timeout: no recent network activity" connIndex=1 event=0 ip=198.41.200.53
2026-09-10T19:09:04Z ERR failed to accept incoming stream requests error="failed to accept QUIC stream: timeout: no recent network activity" connIndex=1 event=0 ip=198.41.200.53
2026-09-10T19:09:04Z WRN failed to serve tunnel connection error="datagram manager encountered a failure while serving" connIndex=1 event=0 ip=198.41.200.53
2026-09-10T19:09:04Z WRN Serve tunnel error error="datagram manager encountered a failure while serving" connIndex=1 event=0 ip=198.41.200.53
2026-09-10T19:09:04Z INF Retrying connection in up to 1s connIndex=1 event=0 ip=198.41.200.53
2026-09-10T19:09:05Z WRN Connection terminated error="datagram manager encountered a failure while serving" connIndex=1
2026-09-10T19:09:15Z ERR Failed to refresh DNS local resolver error="ParseAddr(\"\"): unable to parse IP"
2026-09-10T19:12:40Z INF Tunnel connection curve preferences: [X25519MLKEM768 CurveP256] connIndex=1 event=0 ip=198.41.200.53
2026-09-10T19:12:50Z WRN Failed to dial a quic connection error="failed to dial to edge with quic: timeout: handshake did not complete in time" connIndex=1 event=0 ip=198.41.200.53
2026-09-10T19:12:50Z WRN Connection terminated error="there are no free edge addresses left to resolve to" connIndex=1
2026-09-10T19:12:53Z INF Tunnel connection curve preferences: [X25519MLKEM768 CurveP256] connIndex=1 event=0 ip=198.41.200.53
2026-09-10T19:13:03Z WRN Failed to dial a quic connection error="failed to dial to edge with quic: timeout: handshake did not complete in time" connIndex=1 event=0 ip=198.41.200.53
2026-09-10T19:13:03Z WRN Connection terminated error="there are no free edge addresses left to resolve to" connIndex=1
2026-09-10T19:13:33Z INF Tunnel connection curve preferences: [X25519MLKEM768 CurveP256] connIndex=1 event=0 ip=198.41.200.53
2026-09-10T19:13:42Z WRN Failed to dial a quic connection error="failed to dial to edge with quic: timeout: no recent network activity" connIndex=1 event=0 ip=198.41.200.53
2026-09-10T19:13:42Z WRN Connection terminated error="there are no free edge addresses left to resolve to" connIndex=1
2026-09-10T19:14:15Z ERR Failed to refresh DNS local resolver error="ParseAddr(\"\"): unable to parse IP"
2026-09-10T19:14:40Z INF Tunnel connection curve preferences: [X25519MLKEM768 CurveP256] connIndex=1 event=0 ip=198.41.200.53
2026-09-10T19:14:45Z WRN Failed to dial a quic connection error="failed to dial to edge with quic: timeout: no recent network activity" connIndex=1 event=0 ip=198.41.200.53
2026-09-10T19:14:45Z WRN Connection terminated error="there are no free edge addresses left to resolve to" connIndex=1
2026-09-10T19:16:47Z INF Tunnel connection curve preferences: [X25519MLKEM768 CurveP256] connIndex=1 event=0 ip=198.41.200.53
2026-09-10T19:16:53Z INF Registered tunnel connection connIndex=1 connection=9fd5e335-fcb9-4407-99af-623effc304ca event=0 ip=198.41.200.53 location=sjc07 protocol=quic
2026-09-10T19:17:32Z ERR failed to accept incoming stream requests error="failed to accept QUIC stream: timeout: no recent network activity" connIndex=1 event=0 ip=198.41.200.53
2026-09-10T19:17:32Z ERR failed to run the datagram handler error="timeout: no recent network activity" connIndex=1 event=0 ip=198.41.200.53
2026-09-10T19:17:32Z WRN failed to serve tunnel connection error="accept stream listener encountered a failure while serving" connIndex=1 event=0 ip=198.41.200.53
2026-09-10T19:17:32Z WRN Serve tunnel error error="accept stream listener encountered a failure while serving" connIndex=1 event=0 ip=198.41.200.53
2026-09-10T19:17:32Z INF Retrying connection in up to 1s connIndex=1 event=0 ip=198.41.200.53
2026-09-10T19:17:33Z WRN Connection terminated error="accept stream listener encountered a failure while serving" connIndex=1
2026-09-10T19:19:15Z ERR Failed to refresh DNS local resolver error="ParseAddr(\"\"): unable to parse IP"
2026-09-10T19:19:49Z INF Tunnel connection curve preferences: [X25519MLKEM768 CurveP256] connIndex=1 event=0 ip=198.41.200.53
2026-09-10T19:19:55Z WRN Failed to dial a quic connection error="failed to dial to edge with quic: timeout: no recent network activity" connIndex=1 event=0 ip=198.41.200.53
2026-09-10T19:19:55Z WRN Connection terminated error="there are no free edge addresses left to resolve to" connIndex=1
2026-09-10T19:20:04Z INF Tunnel connection curve preferences: [X25519MLKEM768 CurveP256] connIndex=1 event=0 ip=198.41.200.53
2026-09-10T19:20:05Z INF Registered tunnel connection connIndex=1 connection=0fbb23f2-586e-4420-910b-537fdf32aaad event=0 ip=198.41.200.53 location=sjc08 protocol=quic
2026-09-10T19:20:12Z ERR failed to accept incoming stream requests error="failed to accept QUIC stream: timeout: no recent network activity" connIndex=1 event=0 ip=198.41.200.53
2026-09-10T19:20:12Z ERR failed to run the datagram handler error="timeout: no recent network activity" connIndex=1 event=0 ip=198.41.200.53
2026-09-10T19:20:12Z WRN failed to serve tunnel connection error="accept stream listener encountered a failure while serving" connIndex=1 event=0 ip=198.41.200.53
2026-09-10T19:20:12Z WRN Serve tunnel error error="accept stream listener encountered a failure while serving" connIndex=1 event=0 ip=198.41.200.53
2026-09-10T19:20:12Z INF Retrying connection in up to 1s connIndex=1 event=0 ip=198.41.200.53
2026-09-10T19:20:13Z WRN Connection terminated error="accept stream listener encountered a failure while serving" connIndex=1
2026-09-10T19:20:18Z INF Tunnel connection curve preferences: [X25519MLKEM768 CurveP256] connIndex=1 event=0 ip=198.41.200.53
2026-09-10T19:20:26Z WRN Failed to dial a quic connection error="failed to dial to edge with quic: timeout: no recent network activity" connIndex=1 event=0 ip=198.41.200.53
2026-09-10T19:20:26Z WRN Connection terminated error="there are no free edge addresses left to resolve to" connIndex=1
2026-09-10T19:20:58Z INF Tunnel connection curve preferences: [X25519MLKEM768 CurveP256] connIndex=1 event=0 ip=198.41.200.53
2026-09-10T19:21:08Z WRN Failed to dial a quic connection error="failed to dial to edge with quic: timeout: handshake did not complete in time" connIndex=1 event=0 ip=198.41.200.53
2026-09-10T19:21:08Z WRN Connection terminated error="there are no free edge addresses left to resolve to" connIndex=1
2026-09-10T19:21:18Z INF Tunnel connection curve preferences: [X25519MLKEM768 CurveP256] connIndex=1 event=0 ip=198.41.200.53
2026-09-10T19:21:27Z ERR failed to run the datagram handler error="context canceled" connIndex=1 event=0 ip=198.41.200.53
2026-09-10T19:21:27Z WRN failed to serve tunnel connection error="control stream encountered a failure while serving" connIndex=1 event=0 ip=198.41.200.53
2026-09-10T19:21:27Z WRN Serve tunnel error error="control stream encountered a failure while serving" connIndex=1 event=0 ip=198.41.200.53
2026-09-10T19:21:27Z INF Retrying connection in up to 4s connIndex=1 event=0 ip=198.41.200.53
2026-09-10T19:21:28Z WRN Connection terminated error="control stream encountered a failure while serving" connIndex=1
2026-09-10T19:23:46Z INF Tunnel connection curve preferences: [X25519MLKEM768 CurveP256] connIndex=1 event=0 ip=198.41.200.53
2026-09-10T19:23:49Z INF Registered tunnel connection connIndex=1 connection=2c84fbec-8e36-4323-bb01-dfd6791edfeb event=0 ip=198.41.200.53 location=sjc05 protocol=quic
2026-09-10T19:23:56Z ERR failed to run the datagram handler error="timeout: no recent network activity" connIndex=1 event=0 ip=198.41.200.53
2026-09-10T19:23:56Z ERR failed to accept incoming stream requests error="failed to accept QUIC stream: timeout: no recent network activity" connIndex=1 event=0 ip=198.41.200.53
2026-09-10T19:23:56Z WRN failed to serve tunnel connection error="datagram manager encountered a failure while serving" connIndex=1 event=0 ip=198.41.200.53
2026-09-10T19:23:56Z WRN Serve tunnel error error="datagram manager encountered a failure while serving" connIndex=1 event=0 ip=198.41.200.53
2026-09-10T19:23:56Z INF Retrying connection in up to 1s connIndex=1 event=0 ip=198.41.200.53
2026-09-10T19:23:56Z WRN Connection terminated error="datagram manager encountered a failure while serving" connIndex=1
2026-09-10T19:24:15Z ERR Failed to refresh DNS local resolver error="ParseAddr(\"\"): unable to parse IP"
2026-09-10T19:24:49Z INF Tunnel connection curve preferences: [X25519MLKEM768 CurveP256] connIndex=1 event=0 ip=198.41.200.53
2026-09-10T19:24:55Z INF Registered tunnel connection connIndex=1 connection=f3d1db5c-215f-4aec-985a-2414664fb6f0 event=0 ip=198.41.200.53 location=sjc05 protocol=quic
2026-09-10T19:25:35Z ERR failed to accept incoming stream requests error="failed to accept QUIC stream: timeout: no recent network activity" connIndex=1 event=0 ip=198.41.200.53
2026-09-10T19:25:35Z ERR failed to run the datagram handler error="timeout: no recent network activity" connIndex=1 event=0 ip=198.41.200.53
2026-09-10T19:25:35Z WRN failed to serve tunnel connection error="accept stream listener encountered a failure while serving" connIndex=1 event=0 ip=198.41.200.53
2026-09-10T19:25:35Z WRN Serve tunnel error error="accept stream listener encountered a failure while serving" connIndex=1 event=0 ip=198.41.200.53
2026-09-10T19:25:35Z INF Retrying connection in up to 1s connIndex=1 event=0 ip=198.41.200.53
2026-09-10T19:25:36Z WRN Connection terminated error="accept stream listener encountered a failure while serving" connIndex=1
2026-09-10T19:26:57Z INF Tunnel connection curve preferences: [X25519MLKEM768 CurveP256] connIndex=1 event=0 ip=198.41.200.53
2026-09-10T19:27:01Z INF Registered tunnel connection connIndex=1 connection=b88618f1-edc2-4b4a-804a-1e86cafeb4df event=0 ip=198.41.200.53 location=sjc05 protocol=quic
2026-09-10T19:27:47Z ERR failed to accept incoming stream requests error="failed to accept QUIC stream: timeout: no recent network activity" connIndex=1 event=0 ip=198.41.200.53
2026-09-10T19:27:47Z ERR failed to run the datagram handler error="timeout: no recent network activity" connIndex=1 event=0 ip=198.41.200.53
2026-09-10T19:27:47Z WRN failed to serve tunnel connection error="accept stream listener encountered a failure while serving" connIndex=1 event=0 ip=198.41.200.53
2026-09-10T19:27:47Z WRN Serve tunnel error error="accept stream listener encountered a failure while serving" connIndex=1 event=0 ip=198.41.200.53
2026-09-10T19:27:47Z INF Retrying connection in up to 1s connIndex=1 event=0 ip=198.41.200.53
2026-09-10T19:27:49Z WRN Connection terminated error="accept stream listener encountered a failure while serving" connIndex=1
2026-09-10T19:29:15Z ERR Failed to refresh DNS local resolver error="ParseAddr(\"\"): unable to parse IP"
2026-09-10T19:32:07Z INF Tunnel connection curve preferences: [X25519MLKEM768 CurveP256] connIndex=1 event=0 ip=198.41.200.53
2026-09-10T19:32:17Z ERR failed to accept incoming stream requests error="failed to accept QUIC stream: timeout: no recent network activity" connIndex=1 event=0 ip=198.41.200.53
2026-09-10T19:32:17Z ERR failed to run the datagram handler error="context canceled" connIndex=1 event=0 ip=198.41.200.53
2026-09-10T19:32:17Z WRN failed to serve tunnel connection error="control stream encountered a failure while serving" connIndex=1 event=0 ip=198.41.200.53
2026-09-10T19:32:17Z WRN Serve tunnel error error="control stream encountered a failure while serving" connIndex=1 event=0 ip=198.41.200.53
2026-09-10T19:32:17Z INF Retrying connection in up to 4s connIndex=1 event=0 ip=198.41.200.53
2026-09-10T19:32:18Z WRN Connection terminated error="control stream encountered a failure while serving" connIndex=1
2026-09-10T19:34:15Z ERR Failed to refresh DNS local resolver error="ParseAddr(\"\"): unable to parse IP"
2026-09-10T19:35:05Z INF Tunnel connection curve preferences: [X25519MLKEM768 CurveP256] connIndex=1 event=0 ip=198.41.200.53
2026-09-10T19:35:14Z WRN Failed to dial a quic connection error="failed to dial to edge with quic: timeout: no recent network activity" connIndex=1 event=0 ip=198.41.200.53
2026-09-10T19:35:14Z WRN Connection terminated error="there are no free edge addresses left to resolve to" connIndex=1
2026-09-10T19:35:19Z INF Tunnel connection curve preferences: [X25519MLKEM768 CurveP256] connIndex=1 event=0 ip=198.41.200.53
2026-09-10T19:35:26Z ERR failed to run the datagram handler error="context canceled" connIndex=1 event=0 ip=198.41.200.53
2026-09-10T19:35:26Z WRN failed to serve tunnel connection error="control stream encountered a failure while serving" connIndex=1 event=0 ip=198.41.200.53
2026-09-10T19:35:26Z WRN Serve tunnel error error="control stream encountered a failure while serving" connIndex=1 event=0 ip=198.41.200.53
2026-09-10T19:35:26Z INF Retrying connection in up to 8s connIndex=1 event=0 ip=198.41.200.53
2026-09-10T19:35:30Z WRN Connection terminated error="control stream encountered a failure while serving" connIndex=1
2026-09-10T19:36:00Z INF Tunnel connection curve preferences: [X25519MLKEM768 CurveP256] connIndex=1 event=0 ip=198.41.200.53
2026-09-10T19:36:08Z WRN Failed to dial a quic connection error="failed to dial to edge with quic: timeout: no recent network activity" connIndex=1 event=0 ip=198.41.200.53
2026-09-10T19:36:08Z WRN Connection terminated error="there are no free edge addresses left to resolve to" connIndex=1
2026-09-10T19:39:15Z ERR Failed to refresh DNS local resolver error="ParseAddr(\"\"): unable to parse IP"
2026-09-10T19:41:24Z INF Tunnel connection curve preferences: [X25519MLKEM768 CurveP256] connIndex=1 event=0 ip=198.41.200.53
2026-09-10T19:41:29Z WRN Failed to dial a quic connection error="failed to dial to edge with quic: timeout: no recent network activity" connIndex=1 event=0 ip=198.41.200.53
2026-09-10T19:41:29Z WRN Connection terminated error="there are no free edge addresses left to resolve to" connIndex=1
2026-09-10T19:44:15Z ERR Failed to refresh DNS local resolver error="ParseAddr(\"\"): unable to parse IP"
2026-09-10T19:45:29Z INF Tunnel connection curve preferences: [X25519MLKEM768 CurveP256] connIndex=1 event=0 ip=198.41.200.53
2026-09-10T19:45:31Z INF Registered tunnel connection connIndex=1 connection=217178ee-707a-48ba-b048-dc6a72332a4b event=0 ip=198.41.200.53 location=sjc11 protocol=quic
2026-09-10T19:46:24Z ERR failed to accept incoming stream requests error="failed to accept QUIC stream: timeout: no recent network activity" connIndex=1 event=0 ip=198.41.200.53
2026-09-10T19:46:24Z ERR failed to run the datagram handler error="timeout: no recent network activity" connIndex=1 event=0 ip=198.41.200.53
2026-09-10T19:46:24Z WRN failed to serve tunnel connection error="accept stream listener encountered a failure while serving" connIndex=1 event=0 ip=198.41.200.53
2026-09-10T19:46:24Z WRN Serve tunnel error error="accept stream listener encountered a failure while serving" connIndex=1 event=0 ip=198.41.200.53
2026-09-10T19:46:24Z INF Retrying connection in up to 1s connIndex=1 event=0 ip=198.41.200.53
2026-09-10T19:46:25Z WRN Connection terminated error="accept stream listener encountered a failure while serving" connIndex=1
2026-09-10T19:49:15Z ERR Failed to refresh DNS local resolver error="ParseAddr(\"\"): unable to parse IP"
2026-09-10T19:50:06Z INF Tunnel connection curve preferences: [X25519MLKEM768 CurveP256] connIndex=1 event=0 ip=198.41.200.53
2026-09-10T19:50:10Z INF Registered tunnel connection connIndex=1 connection=808eae45-77ba-48c6-b7c4-c285d46549ed event=0 ip=198.41.200.53 location=sjc11 protocol=quic
2026-09-10T19:50:16Z ERR failed to accept incoming stream requests error="failed to accept QUIC stream: timeout: no recent network activity" connIndex=1 event=0 ip=198.41.200.53
2026-09-10T19:50:16Z ERR failed to run the datagram handler error="timeout: no recent network activity" connIndex=1 event=0 ip=198.41.200.53
2026-09-10T19:50:16Z WRN failed to serve tunnel connection error="accept stream listener encountered a failure while serving" connIndex=1 event=0 ip=198.41.200.53
2026-09-10T19:50:16Z WRN Serve tunnel error error="accept stream listener encountered a failure while serving" connIndex=1 event=0 ip=198.41.200.53
2026-09-10T19:50:16Z INF Retrying connection in up to 1s connIndex=1 event=0 ip=198.41.200.53
2026-09-10T19:50:17Z WRN Connection terminated error="accept stream listener encountered a failure while serving" connIndex=1
2026-09-10T19:50:58Z INF Tunnel connection curve preferences: [X25519MLKEM768 CurveP256] connIndex=1 event=0 ip=198.41.200.53
2026-09-10T19:51:06Z WRN Failed to dial a quic connection error="failed to dial to edge with quic: timeout: no recent network activity" connIndex=1 event=0 ip=198.41.200.53
2026-09-10T19:51:06Z WRN Connection terminated error="there are no free edge addresses left to resolve to" connIndex=1
2026-09-10T19:52:45Z INF Tunnel connection curve preferences: [X25519MLKEM768 CurveP256] connIndex=1 event=0 ip=198.41.200.53
2026-09-10T19:52:55Z WRN Failed to dial a quic connection error="failed to dial to edge with quic: timeout: handshake did not complete in time" connIndex=1 event=0 ip=198.41.200.53
2026-09-10T19:52:55Z WRN Connection terminated error="there are no free edge addresses left to resolve to" connIndex=1
2026-09-10T19:52:55Z INF Tunnel connection curve preferences: [X25519MLKEM768 CurveP256] connIndex=1 event=0 ip=198.41.200.53
2026-09-10T19:53:05Z WRN Failed to dial a quic connection error="failed to dial to edge with quic: timeout: handshake did not complete in time" connIndex=1 event=0 ip=198.41.200.53
2026-09-10T19:53:05Z WRN Connection terminated error="there are no free edge addresses left to resolve to" connIndex=1
2026-09-10T19:53:14Z INF Tunnel connection curve preferences: [X25519MLKEM768 CurveP256] connIndex=1 event=0 ip=198.41.200.53
2026-09-10T19:53:24Z WRN Failed to dial a quic connection error="failed to dial to edge with quic: timeout: handshake did not complete in time" connIndex=1 event=0 ip=198.41.200.53
2026-09-10T19:53:24Z WRN Connection terminated error="there are no free edge addresses left to resolve to" connIndex=1
2026-09-10T19:53:52Z INF Tunnel connection curve preferences: [X25519MLKEM768 CurveP256] connIndex=1 event=0 ip=198.41.200.53
2026-09-10T19:53:58Z ERR failed to run the datagram handler error="context canceled" connIndex=1 event=0 ip=198.41.200.53
2026-09-10T19:53:58Z WRN failed to serve tunnel connection error="control stream encountered a failure while serving" connIndex=1 event=0 ip=198.41.200.53
2026-09-10T19:53:58Z WRN Serve tunnel error error="control stream encountered a failure while serving" connIndex=1 event=0 ip=198.41.200.53
2026-09-10T19:53:58Z INF Retrying connection in up to 4s connIndex=1 event=0 ip=198.41.200.53
2026-09-10T19:54:00Z WRN Connection terminated error="control stream encountered a failure while serving" connIndex=1
2026-09-10T19:54:15Z ERR Failed to refresh DNS local resolver error="ParseAddr(\"\"): unable to parse IP"
2026-09-10T19:55:52Z INF Tunnel connection curve preferences: [X25519MLKEM768 CurveP256] connIndex=1 event=0 ip=198.41.200.53
2026-09-10T19:55:59Z ERR failed to run the datagram handler error="context canceled" connIndex=1 event=0 ip=198.41.200.53
2026-09-10T19:55:59Z WRN failed to serve tunnel connection error="control stream encountered a failure while serving" connIndex=1 event=0 ip=198.41.200.53
2026-09-10T19:55:59Z WRN Serve tunnel error error="control stream encountered a failure while serving" connIndex=1 event=0 ip=198.41.200.53
2026-09-10T19:55:59Z INF Retrying connection in up to 8s connIndex=1 event=0 ip=198.41.200.53
2026-09-10T19:56:06Z WRN Connection terminated error="control stream encountered a failure while serving" connIndex=1
2026-09-10T19:56:38Z INF Tunnel connection curve preferences: [X25519MLKEM768 CurveP256] connIndex=1 event=0 ip=198.41.200.53
2026-09-10T19:56:47Z ERR failed to run the datagram handler error="context canceled" connIndex=1 event=0 ip=198.41.200.53
2026-09-10T19:56:47Z WRN failed to serve tunnel connection error="control stream encountered a failure while serving" connIndex=1 event=0 ip=198.41.200.53
2026-09-10T19:56:47Z WRN Serve tunnel error error="control stream encountered a failure while serving" connIndex=1 event=0 ip=198.41.200.53
2026-09-10T19:56:47Z INF Retrying connection in up to 16s connIndex=1 event=0 ip=198.41.200.53
2026-09-10T19:56:58Z WRN Connection terminated error="control stream encountered a failure while serving" connIndex=1
2026-09-10T19:59:15Z ERR Failed to refresh DNS local resolver error="ParseAddr(\"\"): unable to parse IP"
2026-09-10T19:59:30Z INF Tunnel connection curve preferences: [X25519MLKEM768 CurveP256] connIndex=1 event=0 ip=198.41.200.53
2026-09-10T19:59:40Z ERR failed to run the datagram handler error="context canceled" connIndex=1 event=0 ip=198.41.200.53
2026-09-10T19:59:40Z WRN failed to serve tunnel connection error="control stream encountered a failure while serving" connIndex=1 event=0 ip=198.41.200.53
2026-09-10T19:59:40Z WRN Serve tunnel error error="control stream encountered a failure while serving" connIndex=1 event=0 ip=198.41.200.53
2026-09-10T19:59:40Z INF Retrying connection in up to 32s connIndex=1 event=0 ip=198.41.200.53
2026-09-10T20:00:10Z WRN Connection terminated error="control stream encountered a failure while serving" connIndex=1
2026-09-10T20:00:12Z INF Tunnel connection curve preferences: [X25519MLKEM768 CurveP256] connIndex=1 event=0 ip=198.41.200.53
2026-09-10T20:00:22Z WRN Failed to dial a quic connection error="failed to dial to edge with quic: timeout: handshake did not complete in time" connIndex=1 event=0 ip=198.41.200.53
2026-09-10T20:00:22Z WRN Connection terminated error="there are no free edge addresses left to resolve to" connIndex=1
2026-09-10T20:02:15Z INF Tunnel connection curve preferences: [X25519MLKEM768 CurveP256] connIndex=1 event=0 ip=198.41.200.53
2026-09-10T20:02:19Z INF Registered tunnel connection connIndex=1 connection=52a4c1b9-274a-409b-b0ef-8ea717b148ce event=0 ip=198.41.200.53 location=sjc05 protocol=quic
2026-09-10T20:04:15Z ERR Failed to refresh DNS local resolver error="ParseAddr(\"\"): unable to parse IP"
2026-09-10T20:04:31Z ERR failed to accept incoming stream requests error="failed to accept QUIC stream: timeout: no recent network activity" connIndex=1 event=0 ip=198.41.200.53
2026-09-10T20:04:31Z ERR failed to run the datagram handler error="timeout: no recent network activity" connIndex=1 event=0 ip=198.41.200.53
2026-09-10T20:04:31Z WRN failed to serve tunnel connection error="accept stream listener encountered a failure while serving" connIndex=1 event=0 ip=198.41.200.53
2026-09-10T20:04:31Z WRN Serve tunnel error error="accept stream listener encountered a failure while serving" connIndex=1 event=0 ip=198.41.200.53
2026-09-10T20:04:31Z INF Retrying connection in up to 1s connIndex=1 event=0 ip=198.41.200.53
2026-09-10T20:04:31Z WRN Connection terminated error="accept stream listener encountered a failure while serving" connIndex=1
2026-09-10T20:08:28Z INF Tunnel connection curve preferences: [X25519MLKEM768 CurveP256] connIndex=1 event=0 ip=198.41.200.53
2026-09-10T20:08:30Z INF Registered tunnel connection connIndex=1 connection=9658aca8-5578-41a2-8ad2-3cf783d7ed80 event=0 ip=198.41.200.53 location=sjc05 protocol=quic
2026-09-10T20:09:15Z ERR Failed to refresh DNS local resolver error="ParseAddr(\"\"): unable to parse IP"
2026-09-10T20:11:00Z ERR failed to accept incoming stream requests error="failed to accept QUIC stream: timeout: no recent network activity" connIndex=1 event=0 ip=198.41.200.53
2026-09-10T20:11:00Z ERR failed to run the datagram handler error="timeout: no recent network activity" connIndex=1 event=0 ip=198.41.200.53
2026-09-10T20:11:00Z WRN failed to serve tunnel connection error="accept stream listener encountered a failure while serving" connIndex=1 event=0 ip=198.41.200.53
2026-09-10T20:11:00Z WRN Serve tunnel error error="accept stream listener encountered a failure while serving" connIndex=1 event=0 ip=198.41.200.53
2026-09-10T20:11:00Z INF Retrying connection in up to 1s connIndex=1 event=0 ip=198.41.200.53
2026-09-10T20:11:02Z WRN Connection terminated error="accept stream listener encountered a failure while serving" connIndex=1
2026-09-10T20:12:18Z INF Tunnel connection curve preferences: [X25519MLKEM768 CurveP256] connIndex=1 event=0 ip=198.41.200.53
2026-09-10T20:12:23Z INF Registered tunnel connection connIndex=1 connection=c6c29b62-28ef-49bf-99cd-272ba7e78c92 event=0 ip=198.41.200.53 location=sjc05 protocol=quic
2026-09-10T20:14:15Z ERR Failed to refresh DNS local resolver error="ParseAddr(\"\"): unable to parse IP"
2026-09-10T20:14:40Z ERR failed to accept incoming stream requests error="failed to accept QUIC stream: timeout: no recent network activity" connIndex=1 event=0 ip=198.41.200.53
2026-09-10T20:14:40Z ERR failed to run the datagram handler error="timeout: no recent network activity" connIndex=1 event=0 ip=198.41.200.53
2026-09-10T20:14:40Z WRN failed to serve tunnel connection error="accept stream listener encountered a failure while serving" connIndex=1 event=0 ip=198.41.200.53
2026-09-10T20:14:40Z WRN Serve tunnel error error="accept stream listener encountered a failure while serving" connIndex=1 event=0 ip=198.41.200.53
2026-09-10T20:14:40Z INF Retrying connection in up to 1s connIndex=1 event=0 ip=198.41.200.53
2026-09-10T20:14:41Z WRN Connection terminated error="accept stream listener encountered a failure while serving" connIndex=1
2026-09-10T20:14:46Z INF Tunnel connection curve preferences: [X25519MLKEM768 CurveP256] connIndex=1 event=0 ip=198.41.200.53
2026-09-10T20:14:48Z INF Registered tunnel connection connIndex=1 connection=3f307386-7e4a-4bb0-a82c-c1598abbdf30 event=0 ip=198.41.200.53 location=sjc05 protocol=quic
2026-09-10T20:19:15Z ERR Failed to refresh DNS local resolver error="ParseAddr(\"\"): unable to parse IP"
2026-09-10T20:24:12Z ERR failed to accept incoming stream requests error="failed to accept QUIC stream: timeout: no recent network activity" connIndex=1 event=0 ip=198.41.200.53
2026-09-10T20:24:12Z ERR failed to run the datagram handler error="timeout: no recent network activity" connIndex=1 event=0 ip=198.41.200.53
2026-09-10T20:24:12Z WRN failed to serve tunnel connection error="accept stream listener encountered a failure while serving" connIndex=1 event=0 ip=198.41.200.53
2026-09-10T20:24:12Z WRN Serve tunnel error error="accept stream listener encountered a failure while serving" connIndex=1 event=0 ip=198.41.200.53
2026-09-10T20:24:12Z INF Retrying connection in up to 1s connIndex=1 event=0 ip=198.41.200.53
2026-09-10T20:24:13Z WRN Connection terminated error="accept stream listener encountered a failure while serving" connIndex=1
2026-09-10T20:24:15Z ERR Failed to refresh DNS local resolver error="ParseAddr(\"\"): unable to parse IP"
2026-09-10T20:28:29Z INF Tunnel connection curve preferences: [X25519MLKEM768 CurveP256] connIndex=1 event=0 ip=198.41.200.53
2026-09-10T20:28:32Z INF Registered tunnel connection connIndex=1 connection=a9d9fbe0-e8df-4c8f-be4b-92a239918317 event=0 ip=198.41.200.53 location=sjc08 protocol=quic
2026-09-10T20:29:15Z ERR Failed to refresh DNS local resolver error="ParseAddr(\"\"): unable to parse IP"
2026-09-10T20:33:59Z ERR failed to accept incoming stream requests error="failed to accept QUIC stream: timeout: no recent network activity" connIndex=1 event=0 ip=198.41.200.53
2026-09-10T20:33:59Z ERR failed to run the datagram handler error="timeout: no recent network activity" connIndex=1 event=0 ip=198.41.200.53
2026-09-10T20:33:59Z WRN failed to serve tunnel connection error="accept stream listener encountered a failure while serving" connIndex=1 event=0 ip=198.41.200.53
2026-09-10T20:33:59Z WRN Serve tunnel error error="accept stream listener encountered a failure while serving" connIndex=1 event=0 ip=198.41.200.53
2026-09-10T20:33:59Z INF Retrying connection in up to 1s connIndex=1 event=0 ip=198.41.200.53
2026-09-10T20:34:00Z WRN Connection terminated error="accept stream listener encountered a failure while serving" connIndex=1
2026-09-10T20:34:15Z ERR Failed to refresh DNS local resolver error="ParseAddr(\"\"): unable to parse IP"
2026-09-10T20:37:34Z INF Tunnel connection curve preferences: [X25519MLKEM768 CurveP256] connIndex=1 event=0 ip=198.41.200.53
2026-09-10T20:37:36Z INF Registered tunnel connection connIndex=1 connection=b5287d83-a32f-4c85-bb53-94af4c05d666 event=0 ip=198.41.200.53 location=sjc07 protocol=quic
2026-09-10T20:39:15Z ERR Failed to refresh DNS local resolver error="ParseAddr(\"\"): unable to parse IP"
2026-09-10T20:42:40Z ERR failed to accept incoming stream requests error="failed to accept QUIC stream: timeout: no recent network activity" connIndex=1 event=0 ip=198.41.200.53
2026-09-10T20:42:40Z ERR failed to run the datagram handler error="timeout: no recent network activity" connIndex=1 event=0 ip=198.41.200.53
2026-09-10T20:42:40Z WRN failed to serve tunnel connection error="accept stream listener encountered a failure while serving" connIndex=1 event=0 ip=198.41.200.53
2026-09-10T20:42:40Z WRN Serve tunnel error error="accept stream listener encountered a failure while serving" connIndex=1 event=0 ip=198.41.200.53
2026-09-10T20:42:40Z INF Retrying connection in up to 1s connIndex=1 event=0 ip=198.41.200.53
2026-09-10T20:42:41Z WRN Connection terminated error="accept stream listener encountered a failure while serving" connIndex=1
2026-09-10T20:44:15Z ERR Failed to refresh DNS local resolver error="ParseAddr(\"\"): unable to parse IP"
2026-09-10T20:45:21Z INF Tunnel connection curve preferences: [X25519MLKEM768 CurveP256] connIndex=1 event=0 ip=198.41.200.53
2026-09-10T20:45:31Z WRN Failed to dial a quic connection error="failed to dial to edge with quic: timeout: handshake did not complete in time" connIndex=1 event=0 ip=198.41.200.53
2026-09-10T20:45:31Z WRN Connection terminated error="there are no free edge addresses left to resolve to" connIndex=1
2026-09-10T20:48:34Z INF Tunnel connection curve preferences: [X25519MLKEM768 CurveP256] connIndex=1 event=0 ip=198.41.200.53
2026-09-10T20:48:36Z INF Registered tunnel connection connIndex=1 connection=075ec698-f567-478d-b15b-076da7e3e865 event=0 ip=198.41.200.53 location=sjc08 protocol=quic
2026-09-10T20:49:15Z ERR Failed to refresh DNS local resolver error="ParseAddr(\"\"): unable to parse IP"
2026-09-10T20:49:18Z ERR failed to accept incoming stream requests error="failed to accept QUIC stream: timeout: no recent network activity" connIndex=1 event=0 ip=198.41.200.53
2026-09-10T20:49:18Z ERR failed to run the datagram handler error="timeout: no recent network activity" connIndex=1 event=0 ip=198.41.200.53
2026-09-10T20:49:18Z WRN failed to serve tunnel connection error="accept stream listener encountered a failure while serving" connIndex=1 event=0 ip=198.41.200.53
2026-09-10T20:49:18Z WRN Serve tunnel error error="accept stream listener encountered a failure while serving" connIndex=1 event=0 ip=198.41.200.53
2026-09-10T20:49:18Z INF Retrying connection in up to 1s connIndex=1 event=0 ip=198.41.200.53
2026-09-10T20:49:18Z WRN Connection terminated error="accept stream listener encountered a failure while serving" connIndex=1
2026-09-10T20:52:00Z INF Tunnel connection curve preferences: [X25519MLKEM768 CurveP256] connIndex=1 event=0 ip=198.41.200.53
2026-09-10T20:52:03Z INF Registered tunnel connection connIndex=1 connection=10b30d28-f250-4a1f-a983-a0e91bfdf1b2 event=0 ip=198.41.200.53 location=sjc10 protocol=quic
2026-09-10T20:54:15Z ERR Failed to refresh DNS local resolver error="ParseAddr(\"\"): unable to parse IP"
2026-09-10T20:57:13Z ERR failed to accept incoming stream requests error="failed to accept QUIC stream: timeout: no recent network activity" connIndex=1 event=0 ip=198.41.200.53
2026-09-10T20:57:13Z ERR failed to run the datagram handler error="timeout: no recent network activity" connIndex=1 event=0 ip=198.41.200.53
2026-09-10T20:57:13Z WRN failed to serve tunnel connection error="accept stream listener encountered a failure while serving" connIndex=1 event=0 ip=198.41.200.53
2026-09-10T20:57:13Z WRN Serve tunnel error error="accept stream listener encountered a failure while serving" connIndex=1 event=0 ip=198.41.200.53
2026-09-10T20:57:13Z INF Retrying connection in up to 1s connIndex=1 event=0 ip=198.41.200.53
2026-09-10T20:57:14Z WRN Connection terminated error="accept stream listener encountered a failure while serving" connIndex=1
2026-09-10T20:57:29Z INF Tunnel connection curve preferences: [X25519MLKEM768 CurveP256] connIndex=1 event=0 ip=198.41.200.53
2026-09-10T20:57:31Z INF Registered tunnel connection connIndex=1 connection=6a49b652-ff6b-4938-86d0-8d173a1c7e4a event=0 ip=198.41.200.53 location=sjc10 protocol=quic
2026-09-10T20:58:11Z ERR failed to accept incoming stream requests error="failed to accept QUIC stream: timeout: no recent network activity" connIndex=1 event=0 ip=198.41.200.53
2026-09-10T20:58:11Z ERR failed to run the datagram handler error="timeout: no recent network activity" connIndex=1 event=0 ip=198.41.200.53
2026-09-10T20:58:11Z WRN failed to serve tunnel connection error="accept stream listener encountered a failure while serving" connIndex=1 event=0 ip=198.41.200.53
2026-09-10T20:58:11Z WRN Serve tunnel error error="accept stream listener encountered a failure while serving" connIndex=1 event=0 ip=198.41.200.53
2026-09-10T20:58:11Z INF Retrying connection in up to 1s connIndex=1 event=0 ip=198.41.200.53
2026-09-10T20:58:13Z WRN Connection terminated error="accept stream listener encountered a failure while serving" connIndex=1
2026-09-10T20:58:18Z INF Tunnel connection curve preferences: [X25519MLKEM768 CurveP256] connIndex=1 event=0 ip=198.41.200.53
2026-09-10T20:58:22Z INF Registered tunnel connection connIndex=1 connection=cdd0d4c1-d1aa-4302-bea4-b3cafedb9c13 event=0 ip=198.41.200.53 location=sjc10 protocol=quic
2026-09-10T20:58:49Z ERR failed to run the datagram handler error="timeout: no recent network activity" connIndex=1 event=0 ip=198.41.200.53
2026-09-10T20:58:49Z ERR failed to accept incoming stream requests error="failed to accept QUIC stream: timeout: no recent network activity" connIndex=1 event=0 ip=198.41.200.53
2026-09-10T20:58:49Z WRN failed to serve tunnel connection error="datagram manager encountered a failure while serving" connIndex=1 event=0 ip=198.41.200.53
2026-09-10T20:58:49Z WRN Serve tunnel error error="datagram manager encountered a failure while serving" connIndex=1 event=0 ip=198.41.200.53
2026-09-10T20:58:49Z INF Retrying connection in up to 1s connIndex=1 event=0 ip=198.41.200.53
2026-09-10T20:58:50Z WRN Connection terminated error="datagram manager encountered a failure while serving" connIndex=1
2026-09-10T20:59:06Z INF Tunnel connection curve preferences: [X25519MLKEM768 CurveP256] connIndex=1 event=0 ip=198.41.200.53
2026-09-10T20:59:08Z INF Registered tunnel connection connIndex=1 connection=f90e943d-5003-4551-8826-b2dca81d1c00 event=0 ip=198.41.200.53 location=sjc10 protocol=quic
2026-09-10T20:59:15Z ERR Failed to refresh DNS local resolver error="ParseAddr(\"\"): unable to parse IP"
2026-09-10T21:04:15Z ERR Failed to refresh DNS local resolver error="ParseAddr(\"\"): unable to parse IP"
2026-09-10T21:09:15Z ERR Failed to refresh DNS local resolver error="ParseAddr(\"\"): unable to parse IP"
2026-09-10T21:09:36Z ERR failed to accept incoming stream requests error="failed to accept QUIC stream: timeout: no recent network activity" connIndex=1 event=0 ip=198.41.200.53
2026-09-10T21:09:36Z ERR failed to run the datagram handler error="timeout: no recent network activity" connIndex=1 event=0 ip=198.41.200.53
2026-09-10T21:09:36Z WRN failed to serve tunnel connection error="accept stream listener encountered a failure while serving" connIndex=1 event=0 ip=198.41.200.53
2026-09-10T21:09:36Z WRN Serve tunnel error error="accept stream listener encountered a failure while serving" connIndex=1 event=0 ip=198.41.200.53
2026-09-10T21:09:36Z INF Retrying connection in up to 1s connIndex=1 event=0 ip=198.41.200.53
2026-09-10T21:09:36Z WRN Connection terminated error="accept stream listener encountered a failure while serving" connIndex=1
2026-09-10T21:09:44Z INF Tunnel connection curve preferences: [X25519MLKEM768 CurveP256] connIndex=1 event=0 ip=198.41.200.53
2026-09-10T21:09:47Z INF Registered tunnel connection connIndex=1 connection=c227654e-aa82-4673-a466-1234100ee2ac event=0 ip=198.41.200.53 location=sjc10 protocol=quic
2026-09-10T21:10:35Z ERR failed to accept incoming stream requests error="failed to accept QUIC stream: timeout: no recent network activity" connIndex=1 event=0 ip=198.41.200.53
2026-09-10T21:10:35Z ERR failed to run the datagram handler error="timeout: no recent network activity" connIndex=1 event=0 ip=198.41.200.53
2026-09-10T21:10:35Z WRN failed to serve tunnel connection error="accept stream listener encountered a failure while serving" connIndex=1 event=0 ip=198.41.200.53
2026-09-10T21:10:35Z WRN Serve tunnel error error="accept stream listener encountered a failure while serving" connIndex=1 event=0 ip=198.41.200.53
2026-09-10T21:10:35Z INF Retrying connection in up to 1s connIndex=1 event=0 ip=198.41.200.53
2026-09-10T21:10:37Z WRN Connection terminated error="accept stream listener encountered a failure while serving" connIndex=1
2026-09-10T21:10:44Z INF Tunnel connection curve preferences: [X25519MLKEM768 CurveP256] connIndex=1 event=0 ip=198.41.200.53
2026-09-10T21:10:52Z INF Registered tunnel connection connIndex=1 connection=39b89d74-ea80-425f-b81f-47181684b246 event=0 ip=198.41.200.53 location=sjc10 protocol=quic
2026-09-10T21:14:15Z ERR Failed to refresh DNS local resolver error="ParseAddr(\"\"): unable to parse IP"
2026-09-10T21:19:15Z ERR Failed to refresh DNS local resolver error="ParseAddr(\"\"): unable to parse IP"
2026-09-10T21:24:15Z ERR Failed to refresh DNS local resolver error="ParseAddr(\"\"): unable to parse IP"
2026-09-10T21:29:15Z ERR Failed to refresh DNS local resolver error="ParseAddr(\"\"): unable to parse IP"
2026-09-10T21:34:15Z ERR Failed to refresh DNS local resolver error="ParseAddr(\"\"): unable to parse IP"
2026-09-10T21:37:23Z ERR failed to accept incoming stream requests error="failed to accept QUIC stream: timeout: no recent network activity" connIndex=1 event=0 ip=198.41.200.53
2026-09-10T21:37:23Z ERR failed to run the datagram handler error="timeout: no recent network activity" connIndex=1 event=0 ip=198.41.200.53
2026-09-10T21:37:23Z WRN failed to serve tunnel connection error="accept stream listener encountered a failure while serving" connIndex=1 event=0 ip=198.41.200.53
2026-09-10T21:37:23Z WRN Serve tunnel error error="accept stream listener encountered a failure while serving" connIndex=1 event=0 ip=198.41.200.53
2026-09-10T21:37:23Z INF Retrying connection in up to 1s connIndex=1 event=0 ip=198.41.200.53
2026-09-10T21:37:25Z WRN Connection terminated error="accept stream listener encountered a failure while serving" connIndex=1
2026-09-10T21:37:34Z INF Tunnel connection curve preferences: [X25519MLKEM768 CurveP256] connIndex=1 event=0 ip=198.41.200.53
2026-09-10T21:37:36Z INF Registered tunnel connection connIndex=1 connection=d61e718d-dabe-4777-ac7d-b09ddaab14f6 event=0 ip=198.41.200.53 location=sjc10 protocol=quic
2026-09-10T21:39:15Z ERR Failed to refresh DNS local resolver error="ParseAddr(\"\"): unable to parse IP"
2026-09-10T21:41:41Z ERR failed to accept incoming stream requests error="failed to accept QUIC stream: timeout: no recent network activity" connIndex=1 event=0 ip=198.41.200.53
2026-09-10T21:41:41Z ERR failed to run the datagram handler error="timeout: no recent network activity" connIndex=1 event=0 ip=198.41.200.53
2026-09-10T21:41:41Z WRN failed to serve tunnel connection error="accept stream listener encountered a failure while serving" connIndex=1 event=0 ip=198.41.200.53
2026-09-10T21:41:41Z WRN Serve tunnel error error="accept stream listener encountered a failure while serving" connIndex=1 event=0 ip=198.41.200.53
2026-09-10T21:41:41Z INF Retrying connection in up to 1s connIndex=1 event=0 ip=198.41.200.53
2026-09-10T21:41:41Z WRN Connection terminated error="accept stream listener encountered a failure while serving" connIndex=1
2026-09-10T21:42:00Z INF Tunnel connection curve preferences: [X25519MLKEM768 CurveP256] connIndex=1 event=0 ip=198.41.200.53
2026-09-10T21:42:05Z INF Registered tunnel connection connIndex=1 connection=cff6a5d9-aea7-4688-8889-53cfe7e3053d event=0 ip=198.41.200.53 location=sjc10 protocol=quic
2026-09-10T21:42:20Z ERR failed to accept incoming stream requests error="failed to accept QUIC stream: timeout: no recent network activity" connIndex=1 event=0 ip=198.41.200.53
2026-09-10T21:42:20Z ERR failed to run the datagram handler error="timeout: no recent network activity" connIndex=1 event=0 ip=198.41.200.53
2026-09-10T21:42:20Z WRN failed to serve tunnel connection error="accept stream listener encountered a failure while serving" connIndex=1 event=0 ip=198.41.200.53
2026-09-10T21:42:20Z WRN Serve tunnel error error="accept stream listener encountered a failure while serving" connIndex=1 event=0 ip=198.41.200.53
2026-09-10T21:42:20Z INF Retrying connection in up to 1s connIndex=1 event=0 ip=198.41.200.53
2026-09-10T21:42:20Z WRN Connection terminated error="accept stream listener encountered a failure while serving" connIndex=1
2026-09-10T21:42:31Z INF Tunnel connection curve preferences: [X25519MLKEM768 CurveP256] connIndex=1 event=0 ip=198.41.200.53
2026-09-10T21:42:41Z WRN Failed to dial a quic connection error="failed to dial to edge with quic: timeout: handshake did not complete in time" connIndex=1 event=0 ip=198.41.200.53
2026-09-10T21:42:41Z WRN Connection terminated error="there are no free edge addresses left to resolve to" connIndex=1
2026-09-10T21:43:16Z INF Tunnel connection curve preferences: [X25519MLKEM768 CurveP256] connIndex=1 event=0 ip=198.41.200.53
2026-09-10T21:43:17Z INF Registered tunnel connection connIndex=1 connection=15e6a296-01ca-445a-8505-536df44436fe event=0 ip=198.41.200.53 location=sjc10 protocol=quic
2026-09-10T21:44:15Z ERR Failed to refresh DNS local resolver error="ParseAddr(\"\"): unable to parse IP"
2026-09-10T21:45:33Z ERR failed to accept incoming stream requests error="failed to accept QUIC stream: timeout: no recent network activity" connIndex=1 event=0 ip=198.41.200.53
2026-09-10T21:45:33Z ERR failed to run the datagram handler error="timeout: no recent network activity" connIndex=1 event=0 ip=198.41.200.53
2026-09-10T21:45:33Z WRN failed to serve tunnel connection error="accept stream listener encountered a failure while serving" connIndex=1 event=0 ip=198.41.200.53
2026-09-10T21:45:33Z WRN Serve tunnel error error="accept stream listener encountered a failure while serving" connIndex=1 event=0 ip=198.41.200.53
2026-09-10T21:45:33Z INF Retrying connection in up to 1s connIndex=1 event=0 ip=198.41.200.53
2026-09-10T21:45:33Z WRN Connection terminated error="accept stream listener encountered a failure while serving" connIndex=1
2026-09-10T21:47:02Z INF Tunnel connection curve preferences: [X25519MLKEM768 CurveP256] connIndex=1 event=0 ip=198.41.200.53
2026-09-10T21:47:08Z INF Registered tunnel connection connIndex=1 connection=adc82885-19c2-4dd0-9be9-060dc9db61f2 event=0 ip=198.41.200.53 location=sjc05 protocol=quic
2026-09-10T21:49:15Z ERR Failed to refresh DNS local resolver error="ParseAddr(\"\"): unable to parse IP"
2026-09-10T21:49:16Z ERR failed to accept incoming stream requests error="failed to accept QUIC stream: timeout: no recent network activity" connIndex=1 event=0 ip=198.41.200.53
2026-09-10T21:49:16Z ERR failed to run the datagram handler error="timeout: no recent network activity" connIndex=1 event=0 ip=198.41.200.53
2026-09-10T21:49:16Z WRN failed to serve tunnel connection error="accept stream listener encountered a failure while serving" connIndex=1 event=0 ip=198.41.200.53
2026-09-10T21:49:16Z WRN Serve tunnel error error="accept stream listener encountered a failure while serving" connIndex=1 event=0 ip=198.41.200.53
2026-09-10T21:49:16Z INF Retrying connection in up to 1s connIndex=1 event=0 ip=198.41.200.53
2026-09-10T21:49:16Z WRN Connection terminated error="accept stream listener encountered a failure while serving" connIndex=1
2026-09-10T21:52:27Z INF Tunnel connection curve preferences: [X25519MLKEM768 CurveP256] connIndex=1 event=0 ip=198.41.200.53
2026-09-10T21:52:32Z INF Registered tunnel connection connIndex=1 connection=f8e17378-4c28-4825-98c7-abf3b44b076f event=0 ip=198.41.200.53 location=sjc08 protocol=quic
2026-09-10T21:53:52Z ERR failed to accept incoming stream requests error="failed to accept QUIC stream: timeout: no recent network activity" connIndex=1 event=0 ip=198.41.200.53
2026-09-10T21:53:52Z ERR failed to run the datagram handler error="timeout: no recent network activity" connIndex=1 event=0 ip=198.41.200.53
2026-09-10T21:53:52Z WRN failed to serve tunnel connection error="accept stream listener encountered a failure while serving" connIndex=1 event=0 ip=198.41.200.53
2026-09-10T21:53:52Z WRN Serve tunnel error error="accept stream listener encountered a failure while serving" connIndex=1 event=0 ip=198.41.200.53
2026-09-10T21:53:52Z INF Retrying connection in up to 1s connIndex=1 event=0 ip=198.41.200.53
2026-09-10T21:53:52Z WRN Connection terminated error="accept stream listener encountered a failure while serving" connIndex=1
2026-09-10T21:54:15Z ERR Failed to refresh DNS local resolver error="ParseAddr(\"\"): unable to parse IP"
2026-09-10T21:59:01Z INF Tunnel connection curve preferences: [X25519MLKEM768 CurveP256] connIndex=1 event=0 ip=198.41.200.53
2026-09-10T21:59:10Z WRN Failed to dial a quic connection error="failed to dial to edge with quic: timeout: no recent network activity" connIndex=1 event=0 ip=198.41.200.53
2026-09-10T21:59:10Z WRN Connection terminated error="there are no free edge addresses left to resolve to" connIndex=1
2026-09-10T21:59:15Z ERR Failed to refresh DNS local resolver error="ParseAddr(\"\"): unable to parse IP"
2026-09-10T22:02:20Z INF Tunnel connection curve preferences: [X25519MLKEM768 CurveP256] connIndex=1 event=0 ip=198.41.200.53
2026-09-10T22:02:30Z WRN Failed to dial a quic connection error="failed to dial to edge with quic: timeout: handshake did not complete in time" connIndex=1 event=0 ip=198.41.200.53
2026-09-10T22:02:30Z WRN Connection terminated error="there are no free edge addresses left to resolve to" connIndex=1
2026-09-10T22:04:15Z ERR Failed to refresh DNS local resolver error="ParseAddr(\"\"): unable to parse IP"
2026-09-10T22:06:41Z INF Tunnel connection curve preferences: [X25519MLKEM768 CurveP256] connIndex=1 event=0 ip=198.41.200.53
2026-09-10T22:06:48Z WRN Failed to dial a quic connection error="failed to dial to edge with quic: timeout: no recent network activity" connIndex=1 event=0 ip=198.41.200.53
2026-09-10T22:06:48Z WRN Connection terminated error="there are no free edge addresses left to resolve to" connIndex=1
2026-09-10T22:07:57Z INF Tunnel connection curve preferences: [X25519MLKEM768 CurveP256] connIndex=1 event=0 ip=198.41.200.53
2026-09-10T22:07:58Z INF Registered tunnel connection connIndex=1 connection=857dbce2-cb82-4cf1-a5c8-6c4bf0650aae event=0 ip=198.41.200.53 location=sjc11 protocol=quic
2026-09-10T22:09:15Z ERR Failed to refresh DNS local resolver error="ParseAddr(\"\"): unable to parse IP"
2026-09-10T22:14:02Z ERR failed to accept incoming stream requests error="failed to accept QUIC stream: timeout: no recent network activity" connIndex=1 event=0 ip=198.41.200.53
2026-09-10T22:14:02Z ERR failed to run the datagram handler error="timeout: no recent network activity" connIndex=1 event=0 ip=198.41.200.53
2026-09-10T22:14:02Z WRN failed to serve tunnel connection error="accept stream listener encountered a failure while serving" connIndex=1 event=0 ip=198.41.200.53
2026-09-10T22:14:02Z WRN Serve tunnel error error="accept stream listener encountered a failure while serving" connIndex=1 event=0 ip=198.41.200.53
2026-09-10T22:14:02Z INF Retrying connection in up to 1s connIndex=1 event=0 ip=198.41.200.53
2026-09-10T22:14:03Z WRN Connection terminated error="accept stream listener encountered a failure while serving" connIndex=1
2026-09-10T22:14:15Z ERR Failed to refresh DNS local resolver error="ParseAddr(\"\"): unable to parse IP"
2026-09-10T22:14:22Z INF Tunnel connection curve preferences: [X25519MLKEM768 CurveP256] connIndex=1 event=0 ip=198.41.200.53
2026-09-10T22:14:36Z ERR failed to run the datagram handler error="context canceled" connIndex=1 event=0 ip=198.41.200.53
2026-09-10T22:14:36Z WRN failed to serve tunnel connection error="control stream encountered a failure while serving" connIndex=1 event=0 ip=198.41.200.53
2026-09-10T22:14:36Z WRN Serve tunnel error error="control stream encountered a failure while serving" connIndex=1 event=0 ip=198.41.200.53
2026-09-10T22:14:36Z INF Retrying connection in up to 4s connIndex=1 event=0 ip=198.41.200.53
2026-09-10T22:14:39Z WRN Connection terminated error="control stream encountered a failure while serving" connIndex=1
2026-09-10T22:15:09Z INF Tunnel connection curve preferences: [X25519MLKEM768 CurveP256] connIndex=1 event=0 ip=198.41.200.53
2026-09-10T22:15:14Z WRN Failed to dial a quic connection error="failed to dial to edge with quic: timeout: no recent network activity" connIndex=1 event=0 ip=198.41.200.53
2026-09-10T22:15:14Z WRN Connection terminated error="there are no free edge addresses left to resolve to" connIndex=1
2026-09-10T22:15:55Z INF Tunnel connection curve preferences: [X25519MLKEM768 CurveP256] connIndex=1 event=0 ip=198.41.200.53
2026-09-10T22:15:56Z INF Registered tunnel connection connIndex=1 connection=853ce61e-d50b-4c06-88ec-f790f4972a0c event=0 ip=198.41.200.53 location=sjc11 protocol=quic
2026-09-10T22:16:08Z ERR failed to accept incoming stream requests error="failed to accept QUIC stream: timeout: no recent network activity" connIndex=1 event=0 ip=198.41.200.53
2026-09-10T22:16:08Z ERR failed to run the datagram handler error="timeout: no recent network activity" connIndex=1 event=0 ip=198.41.200.53
2026-09-10T22:16:08Z WRN failed to serve tunnel connection error="accept stream listener encountered a failure while serving" connIndex=1 event=0 ip=198.41.200.53
2026-09-10T22:16:08Z WRN Serve tunnel error error="accept stream listener encountered a failure while serving" connIndex=1 event=0 ip=198.41.200.53
2026-09-10T22:16:08Z INF Retrying connection in up to 1s connIndex=1 event=0 ip=198.41.200.53
2026-09-10T22:16:08Z WRN Connection terminated error="accept stream listener encountered a failure while serving" connIndex=1
2026-09-10T22:17:37Z INF Tunnel connection curve preferences: [X25519MLKEM768 CurveP256] connIndex=1 event=0 ip=198.41.200.53
2026-09-10T22:17:43Z ERR failed to run the datagram handler error="context canceled" connIndex=1 event=0 ip=198.41.200.53
2026-09-10T22:17:43Z WRN failed to serve tunnel connection error="control stream encountered a failure while serving" connIndex=1 event=0 ip=198.41.200.53
2026-09-10T22:17:43Z WRN Serve tunnel error error="control stream encountered a failure while serving" connIndex=1 event=0 ip=198.41.200.53
2026-09-10T22:17:43Z INF Retrying connection in up to 4s connIndex=1 event=0 ip=198.41.200.53
2026-09-10T22:17:44Z WRN Connection terminated error="control stream encountered a failure while serving" connIndex=1
2026-09-10T22:19:15Z ERR Failed to refresh DNS local resolver error="ParseAddr(\"\"): unable to parse IP"
2026-09-10T22:21:55Z INF Tunnel connection curve preferences: [X25519MLKEM768 CurveP256] connIndex=1 event=0 ip=198.41.200.53
2026-09-10T22:22:01Z ERR failed to run the datagram handler error="context canceled" connIndex=1 event=0 ip=198.41.200.53
2026-09-10T22:22:01Z WRN failed to serve tunnel connection error="control stream encountered a failure while serving" connIndex=1 event=0 ip=198.41.200.53
2026-09-10T22:22:01Z WRN Serve tunnel error error="control stream encountered a failure while serving" connIndex=1 event=0 ip=198.41.200.53
2026-09-10T22:22:01Z INF Retrying connection in up to 8s connIndex=1 event=0 ip=198.41.200.53
2026-09-10T22:22:03Z WRN Connection terminated error="control stream encountered a failure while serving" connIndex=1
2026-09-10T22:22:21Z INF Tunnel connection curve preferences: [X25519MLKEM768 CurveP256] connIndex=1 event=0 ip=198.41.200.53
2026-09-10T22:22:30Z INF Registered tunnel connection connIndex=1 connection=b6dea49f-c2e7-4d4f-a561-3dcf29bdb517 event=0 ip=198.41.200.53 location=sjc05 protocol=quic
2026-09-10T22:23:33Z ERR failed to accept incoming stream requests error="failed to accept QUIC stream: timeout: no recent network activity" connIndex=1 event=0 ip=198.41.200.53
2026-09-10T22:23:33Z ERR failed to run the datagram handler error="timeout: no recent network activity" connIndex=1 event=0 ip=198.41.200.53
2026-09-10T22:23:33Z WRN failed to serve tunnel connection error="accept stream listener encountered a failure while serving" connIndex=1 event=0 ip=198.41.200.53
2026-09-10T22:23:33Z WRN Serve tunnel error error="accept stream listener encountered a failure while serving" connIndex=1 event=0 ip=198.41.200.53
2026-09-10T22:23:33Z INF Retrying connection in up to 1s connIndex=1 event=0 ip=198.41.200.53
2026-09-10T22:23:34Z WRN Connection terminated error="accept stream listener encountered a failure while serving" connIndex=1
2026-09-10T22:23:37Z INF Tunnel connection curve preferences: [X25519MLKEM768 CurveP256] connIndex=1 event=0 ip=198.41.200.53
2026-09-10T22:23:39Z INF Registered tunnel connection connIndex=1 connection=9fe30961-5ea2-4a8e-8086-081fe80ce297 event=0 ip=198.41.200.53 location=sjc05 protocol=quic
2026-09-10T22:23:54Z ERR failed to run the datagram handler error="timeout: no recent network activity" connIndex=1 event=0 ip=198.41.200.53
2026-09-10T22:23:54Z ERR failed to accept incoming stream requests error="failed to accept QUIC stream: timeout: no recent network activity" connIndex=1 event=0 ip=198.41.200.53
2026-09-10T22:23:54Z WRN failed to serve tunnel connection error="datagram manager encountered a failure while serving" connIndex=1 event=0 ip=198.41.200.53
2026-09-10T22:23:54Z WRN Serve tunnel error error="datagram manager encountered a failure while serving" connIndex=1 event=0 ip=198.41.200.53
2026-09-10T22:23:54Z INF Retrying connection in up to 1s connIndex=1 event=0 ip=198.41.200.53
2026-09-10T22:23:55Z WRN Connection terminated error="datagram manager encountered a failure while serving" connIndex=1
2026-09-10T22:23:58Z INF Tunnel connection curve preferences: [X25519MLKEM768 CurveP256] connIndex=1 event=0 ip=198.41.200.53
2026-09-10T22:24:07Z ERR failed to run the datagram handler error="context canceled" connIndex=1 event=0 ip=198.41.200.53
2026-09-10T22:24:07Z ERR failed to accept incoming stream requests error="failed to accept QUIC stream: timeout: no recent network activity" connIndex=1 event=0 ip=198.41.200.53
2026-09-10T22:24:07Z WRN failed to serve tunnel connection error="control stream encountered a failure while serving" connIndex=1 event=0 ip=198.41.200.53
2026-09-10T22:24:07Z WRN Serve tunnel error error="control stream encountered a failure while serving" connIndex=1 event=0 ip=198.41.200.53
2026-09-10T22:24:07Z INF Retrying connection in up to 4s connIndex=1 event=0 ip=198.41.200.53
2026-09-10T22:24:08Z WRN Connection terminated error="control stream encountered a failure while serving" connIndex=1
2026-09-10T22:24:15Z ERR Failed to refresh DNS local resolver error="ParseAddr(\"\"): unable to parse IP"
2026-09-10T22:24:26Z INF Tunnel connection curve preferences: [X25519MLKEM768 CurveP256] connIndex=1 event=0 ip=198.41.200.53
2026-09-10T22:24:50Z ERR failed to run the datagram handler error="context canceled" connIndex=1 event=0 ip=198.41.200.53
2026-09-10T22:24:50Z WRN failed to serve tunnel connection error="control stream encountered a failure while serving" connIndex=1 event=0 ip=198.41.200.53
2026-09-10T22:24:50Z WRN Serve tunnel error error="control stream encountered a failure while serving" connIndex=1 event=0 ip=198.41.200.53
2026-09-10T22:24:50Z INF Retrying connection in up to 8s connIndex=1 event=0 ip=198.41.200.53
2026-09-10T22:24:52Z WRN Connection terminated error="control stream encountered a failure while serving" connIndex=1
2026-09-10T22:25:02Z INF Tunnel connection curve preferences: [X25519MLKEM768 CurveP256] connIndex=1 event=0 ip=198.41.200.53
2026-09-10T22:25:08Z ERR failed to run the datagram handler error="context canceled" connIndex=1 event=0 ip=198.41.200.53
2026-09-10T22:25:08Z WRN failed to serve tunnel connection error="control stream encountered a failure while serving" connIndex=1 event=0 ip=198.41.200.53
2026-09-10T22:25:08Z WRN Serve tunnel error error="control stream encountered a failure while serving" connIndex=1 event=0 ip=198.41.200.53
2026-09-10T22:25:08Z INF Retrying connection in up to 16s connIndex=1 event=0 ip=198.41.200.53
2026-09-10T22:25:11Z WRN Connection terminated error="control stream encountered a failure while serving" connIndex=1
2026-09-10T22:25:50Z INF Tunnel connection curve preferences: [X25519MLKEM768 CurveP256] connIndex=1 event=0 ip=198.41.200.53
2026-09-10T22:25:53Z INF Registered tunnel connection connIndex=1 connection=ab6ff9d4-fd8f-466b-a5a3-53d16883e96c event=0 ip=198.41.200.53 location=sjc05 protocol=quic
2026-09-10T22:29:15Z ERR Failed to refresh DNS local resolver error="ParseAddr(\"\"): unable to parse IP"
2026-09-10T22:30:02Z ERR failed to run the datagram handler error="timeout: no recent network activity" connIndex=1 event=0 ip=198.41.200.53
2026-09-10T22:30:02Z ERR failed to accept incoming stream requests error="failed to accept QUIC stream: timeout: no recent network activity" connIndex=1 event=0 ip=198.41.200.53
2026-09-10T22:30:02Z WRN failed to serve tunnel connection error="datagram manager encountered a failure while serving" connIndex=1 event=0 ip=198.41.200.53
2026-09-10T22:30:02Z WRN Serve tunnel error error="datagram manager encountered a failure while serving" connIndex=1 event=0 ip=198.41.200.53
2026-09-10T22:30:02Z INF Retrying connection in up to 1s connIndex=1 event=0 ip=198.41.200.53
2026-09-10T22:30:03Z WRN Connection terminated error="datagram manager encountered a failure while serving" connIndex=1
2026-09-10T22:30:13Z INF Tunnel connection curve preferences: [X25519MLKEM768 CurveP256] connIndex=1 event=0 ip=198.41.200.53
2026-09-10T22:30:19Z WRN Failed to dial a quic connection error="failed to dial to edge with quic: timeout: no recent network activity" connIndex=1 event=0 ip=198.41.200.53
2026-09-10T22:30:19Z WRN Connection terminated error="there are no free edge addresses left to resolve to" connIndex=1
2026-09-10T22:30:45Z INF Tunnel connection curve preferences: [X25519MLKEM768 CurveP256] connIndex=1 event=0 ip=198.41.200.53
2026-09-10T22:30:53Z ERR failed to run the datagram handler error="context canceled" connIndex=1 event=0 ip=198.41.200.53
2026-09-10T22:30:53Z WRN failed to serve tunnel connection error="control stream encountered a failure while serving" connIndex=1 event=0 ip=198.41.200.53
2026-09-10T22:30:53Z WRN Serve tunnel error error="control stream encountered a failure while serving" connIndex=1 event=0 ip=198.41.200.53
2026-09-10T22:30:53Z INF Retrying connection in up to 4s connIndex=1 event=0 ip=198.41.200.53
2026-09-10T22:30:55Z WRN Connection terminated error="control stream encountered a failure while serving" connIndex=1
2026-09-10T22:31:55Z INF Tunnel connection curve preferences: [X25519MLKEM768 CurveP256] connIndex=1 event=0 ip=198.41.200.53
2026-09-10T22:32:00Z INF Registered tunnel connection connIndex=1 connection=27f0f9a5-1070-4d74-bc57-12b601f583e3 event=0 ip=198.41.200.53 location=sjc07 protocol=quic
2026-09-10T22:33:11Z ERR failed to run the datagram handler error="timeout: no recent network activity" connIndex=1 event=0 ip=198.41.200.53
2026-09-10T22:33:11Z ERR failed to accept incoming stream requests error="failed to accept QUIC stream: timeout: no recent network activity" connIndex=1 event=0 ip=198.41.200.53
2026-09-10T22:33:11Z WRN failed to serve tunnel connection error="datagram manager encountered a failure while serving" connIndex=1 event=0 ip=198.41.200.53
2026-09-10T22:33:11Z WRN Serve tunnel error error="datagram manager encountered a failure while serving" connIndex=1 event=0 ip=198.41.200.53
2026-09-10T22:33:11Z INF Retrying connection in up to 1s connIndex=1 event=0 ip=198.41.200.53
2026-09-10T22:33:13Z WRN Connection terminated error="datagram manager encountered a failure while serving" connIndex=1
2026-09-10T22:34:15Z ERR Failed to refresh DNS local resolver error="ParseAddr(\"\"): unable to parse IP"
2026-09-10T22:35:40Z INF Tunnel connection curve preferences: [X25519MLKEM768 CurveP256] connIndex=1 event=0 ip=198.41.200.53
2026-09-10T22:35:41Z INF Registered tunnel connection connIndex=1 connection=b5135b28-d4ac-475e-b90c-dcf045e98108 event=0 ip=198.41.200.53 location=sjc08 protocol=quic
2026-09-10T22:35:55Z ERR failed to run the datagram handler error="timeout: no recent network activity" connIndex=1 event=0 ip=198.41.200.53
2026-09-10T22:35:55Z ERR failed to accept incoming stream requests error="failed to accept QUIC stream: timeout: no recent network activity" connIndex=1 event=0 ip=198.41.200.53
2026-09-10T22:35:55Z WRN failed to serve tunnel connection error="datagram manager encountered a failure while serving" connIndex=1 event=0 ip=198.41.200.53
2026-09-10T22:35:55Z WRN Serve tunnel error error="datagram manager encountered a failure while serving" connIndex=1 event=0 ip=198.41.200.53
2026-09-10T22:35:55Z INF Retrying connection in up to 1s connIndex=1 event=0 ip=198.41.200.53
2026-09-10T22:35:55Z WRN Connection terminated error="datagram manager encountered a failure while serving" connIndex=1
2026-09-10T22:39:15Z ERR Failed to refresh DNS local resolver error="ParseAddr(\"\"): unable to parse IP"
2026-09-10T22:39:48Z INF Tunnel connection curve preferences: [X25519MLKEM768 CurveP256] connIndex=1 event=0 ip=198.41.200.53
2026-09-10T22:39:53Z INF Registered tunnel connection connIndex=1 connection=d946dd66-af5c-4868-a660-735252d25398 event=0 ip=198.41.200.53 location=sjc05 protocol=quic
2026-09-10T22:40:23Z ERR failed to accept incoming stream requests error="failed to accept QUIC stream: timeout: no recent network activity" connIndex=1 event=0 ip=198.41.200.53
2026-09-10T22:40:23Z ERR failed to run the datagram handler error="timeout: no recent network activity" connIndex=1 event=0 ip=198.41.200.53
2026-09-10T22:40:23Z WRN failed to serve tunnel connection error="accept stream listener encountered a failure while serving" connIndex=1 event=0 ip=198.41.200.53
2026-09-10T22:40:23Z WRN Serve tunnel error error="accept stream listener encountered a failure while serving" connIndex=1 event=0 ip=198.41.200.53
2026-09-10T22:40:23Z INF Retrying connection in up to 1s connIndex=1 event=0 ip=198.41.200.53
2026-09-10T22:40:24Z WRN Connection terminated error="accept stream listener encountered a failure while serving" connIndex=1
2026-09-10T22:40:26Z INF Tunnel connection curve preferences: [X25519MLKEM768 CurveP256] connIndex=1 event=0 ip=198.41.200.53
2026-09-10T22:40:31Z INF Registered tunnel connection connIndex=1 connection=3eba27c2-c396-45d6-8f6f-1b3d0669291a event=0 ip=198.41.200.53 location=sjc05 protocol=quic
2026-09-10T22:40:52Z ERR failed to run the datagram handler error="timeout: no recent network activity" connIndex=1 event=0 ip=198.41.200.53
2026-09-10T22:40:52Z ERR failed to accept incoming stream requests error="failed to accept QUIC stream: timeout: no recent network activity" connIndex=1 event=0 ip=198.41.200.53
2026-09-10T22:40:52Z WRN failed to serve tunnel connection error="datagram manager encountered a failure while serving" connIndex=1 event=0 ip=198.41.200.53
2026-09-10T22:40:52Z WRN Serve tunnel error error="datagram manager encountered a failure while serving" connIndex=1 event=0 ip=198.41.200.53
2026-09-10T22:40:52Z INF Retrying connection in up to 1s connIndex=1 event=0 ip=198.41.200.53
2026-09-10T22:40:53Z WRN Connection terminated error="datagram manager encountered a failure while serving" connIndex=1
2026-09-10T22:40:53Z INF Tunnel connection curve preferences: [X25519MLKEM768 CurveP256] connIndex=1 event=0 ip=198.41.200.53
2026-09-10T22:41:03Z WRN Failed to dial a quic connection error="failed to dial to edge with quic: timeout: handshake did not complete in time" connIndex=1 event=0 ip=198.41.200.53
2026-09-10T22:41:03Z WRN Connection terminated error="there are no free edge addresses left to resolve to" connIndex=1
2026-09-10T22:42:02Z INF Tunnel connection curve preferences: [X25519MLKEM768 CurveP256] connIndex=1 event=0 ip=198.41.200.53
2026-09-10T22:42:07Z INF Registered tunnel connection connIndex=1 connection=6cabff6c-2f2d-41b7-a3a9-e3164fa71da3 event=0 ip=198.41.200.53 location=sjc11 protocol=quic
2026-09-10T22:42:15Z ERR failed to run the datagram handler error="timeout: no recent network activity" connIndex=1 event=0 ip=198.41.200.53
2026-09-10T22:42:15Z ERR failed to accept incoming stream requests error="failed to accept QUIC stream: timeout: no recent network activity" connIndex=1 event=0 ip=198.41.200.53
2026-09-10T22:42:15Z WRN failed to serve tunnel connection error="datagram manager encountered a failure while serving" connIndex=1 event=0 ip=198.41.200.53
2026-09-10T22:42:15Z WRN Serve tunnel error error="datagram manager encountered a failure while serving" connIndex=1 event=0 ip=198.41.200.53
2026-09-10T22:42:15Z INF Retrying connection in up to 1s connIndex=1 event=0 ip=198.41.200.53
2026-09-10T22:42:15Z WRN Connection terminated error="datagram manager encountered a failure while serving" connIndex=1
2026-09-10T22:43:47Z INF Tunnel connection curve preferences: [X25519MLKEM768 CurveP256] connIndex=1 event=0 ip=198.41.200.53
2026-09-10T22:43:47Z INF Registered tunnel connection connIndex=1 connection=655987f5-6e05-4e82-832c-ea5d32cf4172 event=0 ip=198.41.200.53 location=sjc08 protocol=quic
2026-09-10T22:44:15Z ERR Failed to refresh DNS local resolver error="ParseAddr(\"\"): unable to parse IP"
2026-09-10T22:46:16Z ERR failed to accept incoming stream requests error="failed to accept QUIC stream: timeout: no recent network activity" connIndex=1 event=0 ip=198.41.200.53
2026-09-10T22:46:16Z ERR failed to run the datagram handler error="timeout: no recent network activity" connIndex=1 event=0 ip=198.41.200.53
2026-09-10T22:46:16Z WRN failed to serve tunnel connection error="accept stream listener encountered a failure while serving" connIndex=1 event=0 ip=198.41.200.53
2026-09-10T22:46:16Z WRN Serve tunnel error error="accept stream listener encountered a failure while serving" connIndex=1 event=0 ip=198.41.200.53
2026-09-10T22:46:16Z INF Retrying connection in up to 1s connIndex=1 event=0 ip=198.41.200.53
2026-09-10T22:46:18Z WRN Connection terminated error="accept stream listener encountered a failure while serving" connIndex=1
2026-09-10T22:46:30Z INF Tunnel connection curve preferences: [X25519MLKEM768 CurveP256] connIndex=1 event=0 ip=198.41.200.53
2026-09-10T22:46:36Z INF Registered tunnel connection connIndex=1 connection=a7b9be43-a100-4422-943b-226f03c66339 event=0 ip=198.41.200.53 location=sjc08 protocol=quic
2026-09-10T22:47:25Z ERR failed to run the datagram handler error="timeout: no recent network activity" connIndex=1 event=0 ip=198.41.200.53
2026-09-10T22:47:25Z ERR failed to accept incoming stream requests error="failed to accept QUIC stream: timeout: no recent network activity" connIndex=1 event=0 ip=198.41.200.53
2026-09-10T22:47:25Z WRN failed to serve tunnel connection error="datagram manager encountered a failure while serving" connIndex=1 event=0 ip=198.41.200.53
2026-09-10T22:47:25Z WRN Serve tunnel error error="datagram manager encountered a failure while serving" connIndex=1 event=0 ip=198.41.200.53
2026-09-10T22:47:25Z INF Retrying connection in up to 1s connIndex=1 event=0 ip=198.41.200.53
2026-09-10T22:47:27Z WRN Connection terminated error="datagram manager encountered a failure while serving" connIndex=1
2026-09-10T22:47:43Z INF Tunnel connection curve preferences: [X25519MLKEM768 CurveP256] connIndex=1 event=0 ip=198.41.200.53
2026-09-10T22:47:48Z WRN Failed to dial a quic connection error="failed to dial to edge with quic: timeout: no recent network activity" connIndex=1 event=0 ip=198.41.200.53
2026-09-10T22:47:48Z WRN Connection terminated error="there are no free edge addresses left to resolve to" connIndex=1
2026-09-10T22:48:21Z INF Tunnel connection curve preferences: [X25519MLKEM768 CurveP256] connIndex=1 event=0 ip=198.41.200.53
2026-09-10T22:48:30Z WRN Failed to dial a quic connection error="failed to dial to edge with quic: timeout: no recent network activity" connIndex=1 event=0 ip=198.41.200.53
2026-09-10T22:48:30Z WRN Connection terminated error="there are no free edge addresses left to resolve to" connIndex=1
2026-09-10T22:49:15Z ERR Failed to refresh DNS local resolver error="ParseAddr(\"\"): unable to parse IP"
2026-09-10T22:49:25Z INF Tunnel connection curve preferences: [X25519MLKEM768 CurveP256] connIndex=1 event=0 ip=198.41.200.53
2026-09-10T22:49:31Z ERR failed to accept incoming stream requests error="failed to accept QUIC stream: timeout: no recent network activity" connIndex=1 event=0 ip=198.41.200.53
2026-09-10T22:49:31Z ERR failed to run the datagram handler error="timeout: no recent network activity" connIndex=1 event=0 ip=198.41.200.53
2026-09-10T22:49:31Z WRN failed to serve tunnel connection error="control stream encountered a failure while serving" connIndex=1 event=0 ip=198.41.200.53
2026-09-10T22:49:31Z WRN Serve tunnel error error="control stream encountered a failure while serving" connIndex=1 event=0 ip=198.41.200.53
2026-09-10T22:49:31Z INF Retrying connection in up to 4s connIndex=1 event=0 ip=198.41.200.53
2026-09-10T22:49:32Z WRN Connection terminated error="control stream encountered a failure while serving" connIndex=1
2026-09-10T22:50:21Z INF Tunnel connection curve preferences: [X25519MLKEM768 CurveP256] connIndex=1 event=0 ip=198.41.200.53
2026-09-10T22:50:34Z ERR failed to accept incoming stream requests error="failed to accept QUIC stream: timeout: no recent network activity" connIndex=1 event=0 ip=198.41.200.53
2026-09-10T22:50:34Z ERR failed to run the datagram handler error="timeout: no recent network activity" connIndex=1 event=0 ip=198.41.200.53
2026-09-10T22:50:34Z WRN failed to serve tunnel connection error="control stream encountered a failure while serving" connIndex=1 event=0 ip=198.41.200.53
2026-09-10T22:50:34Z WRN Serve tunnel error error="control stream encountered a failure while serving" connIndex=1 event=0 ip=198.41.200.53
2026-09-10T22:50:34Z INF Retrying connection in up to 8s connIndex=1 event=0 ip=198.41.200.53
2026-09-10T22:50:42Z WRN Connection terminated error="control stream encountered a failure while serving" connIndex=1
2026-09-10T22:51:49Z INF Tunnel connection curve preferences: [X25519MLKEM768 CurveP256] connIndex=1 event=0 ip=198.41.200.53
2026-09-10T22:51:57Z WRN Failed to dial a quic connection error="failed to dial to edge with quic: timeout: no recent network activity" connIndex=1 event=0 ip=198.41.200.53
2026-09-10T22:51:57Z WRN Connection terminated error="there are no free edge addresses left to resolve to" connIndex=1
2026-09-10T22:52:34Z INF Tunnel connection curve preferences: [X25519MLKEM768 CurveP256] connIndex=1 event=0 ip=198.41.200.53
2026-09-10T22:52:40Z ERR failed to accept incoming stream requests error="failed to accept QUIC stream: timeout: no recent network activity" connIndex=1 event=0 ip=198.41.200.53
2026-09-10T22:52:40Z ERR failed to run the datagram handler error="timeout: no recent network activity" connIndex=1 event=0 ip=198.41.200.53
2026-09-10T22:52:40Z WRN failed to serve tunnel connection error="control stream encountered a failure while serving" connIndex=1 event=0 ip=198.41.200.53
2026-09-10T22:52:40Z WRN Serve tunnel error error="control stream encountered a failure while serving" connIndex=1 event=0 ip=198.41.200.53
2026-09-10T22:52:40Z INF Retrying connection in up to 16s connIndex=1 event=0 ip=198.41.200.53
2026-09-10T22:52:47Z WRN Connection terminated error="control stream encountered a failure while serving" connIndex=1
2026-09-10T22:54:15Z ERR Failed to refresh DNS local resolver error="ParseAddr(\"\"): unable to parse IP"
2026-09-10T22:55:14Z INF Tunnel connection curve preferences: [X25519MLKEM768 CurveP256] connIndex=1 event=0 ip=198.41.200.53
2026-09-10T22:55:15Z INF Registered tunnel connection connIndex=1 connection=e1654556-c747-4f0f-9fe6-ecdade88009d event=0 ip=198.41.200.53 location=sjc07 protocol=quic
2026-09-10T22:55:43Z ERR failed to run the datagram handler error="timeout: no recent network activity" connIndex=1 event=0 ip=198.41.200.53
2026-09-10T22:55:43Z ERR failed to accept incoming stream requests error="failed to accept QUIC stream: timeout: no recent network activity" connIndex=1 event=0 ip=198.41.200.53
2026-09-10T22:55:43Z WRN failed to serve tunnel connection error="datagram manager encountered a failure while serving" connIndex=1 event=0 ip=198.41.200.53
2026-09-10T22:55:43Z WRN Serve tunnel error error="datagram manager encountered a failure while serving" connIndex=1 event=0 ip=198.41.200.53
2026-09-10T22:55:43Z INF Retrying connection in up to 1s connIndex=1 event=0 ip=198.41.200.53
2026-09-10T22:55:44Z WRN Connection terminated error="datagram manager encountered a failure while serving" connIndex=1
2026-09-10T22:59:15Z ERR Failed to refresh DNS local resolver error="ParseAddr(\"\"): unable to parse IP"
2026-09-10T23:00:11Z INF Tunnel connection curve preferences: [X25519MLKEM768 CurveP256] connIndex=1 event=0 ip=198.41.200.53
2026-09-10T23:00:16Z WRN Failed to dial a quic connection error="failed to dial to edge with quic: timeout: no recent network activity" connIndex=1 event=0 ip=198.41.200.53
2026-09-10T23:00:16Z WRN Connection terminated error="there are no free edge addresses left to resolve to" connIndex=1
2026-09-10T23:02:02Z INF Tunnel connection curve preferences: [X25519MLKEM768 CurveP256] connIndex=1 event=0 ip=198.41.200.53
2026-09-10T23:02:12Z WRN Failed to dial a quic connection error="failed to dial to edge with quic: timeout: no recent network activity" connIndex=1 event=0 ip=198.41.200.53
2026-09-10T23:02:12Z WRN Connection terminated error="there are no free edge addresses left to resolve to" connIndex=1
2026-09-10T23:04:15Z ERR Failed to refresh DNS local resolver error="ParseAddr(\"\"): unable to parse IP"
2026-09-10T23:06:28Z INF Tunnel connection curve preferences: [X25519MLKEM768 CurveP256] connIndex=1 event=0 ip=198.41.200.53
2026-09-10T23:06:38Z ERR failed to run the datagram handler error="context canceled" connIndex=1 event=0 ip=198.41.200.53
2026-09-10T23:06:38Z WRN failed to serve tunnel connection error="control stream encountered a failure while serving" connIndex=1 event=0 ip=198.41.200.53
2026-09-10T23:06:38Z WRN Serve tunnel error error="control stream encountered a failure while serving" connIndex=1 event=0 ip=198.41.200.53
2026-09-10T23:06:38Z INF Retrying connection in up to 4s connIndex=1 event=0 ip=198.41.200.53
2026-09-10T23:06:38Z WRN Connection terminated error="control stream encountered a failure while serving" connIndex=1
2026-09-10T23:06:43Z INF Tunnel connection curve preferences: [X25519MLKEM768 CurveP256] connIndex=1 event=0 ip=198.41.200.53
2026-09-10T23:06:50Z ERR failed to run the datagram handler error="context canceled" connIndex=1 event=0 ip=198.41.200.53
2026-09-10T23:06:50Z WRN failed to serve tunnel connection error="control stream encountered a failure while serving" connIndex=1 event=0 ip=198.41.200.53
2026-09-10T23:06:50Z WRN Serve tunnel error error="control stream encountered a failure while serving" connIndex=1 event=0 ip=198.41.200.53
2026-09-10T23:06:50Z INF Retrying connection in up to 8s connIndex=1 event=0 ip=198.41.200.53
2026-09-10T23:06:55Z WRN Connection terminated error="control stream encountered a failure while serving" connIndex=1
2026-09-10T23:06:56Z INF Tunnel connection curve preferences: [X25519MLKEM768 CurveP256] connIndex=1 event=0 ip=198.41.200.53
2026-09-10T23:07:01Z WRN Failed to dial a quic connection error="failed to dial to edge with quic: timeout: no recent network activity" connIndex=1 event=0 ip=198.41.200.53
2026-09-10T23:07:01Z WRN Connection terminated error="there are no free edge addresses left to resolve to" connIndex=1
2026-09-10T23:07:12Z INF Tunnel connection curve preferences: [X25519MLKEM768 CurveP256] connIndex=1 event=0 ip=198.41.200.53
2026-09-10T23:07:25Z ERR failed to run the datagram handler error="context canceled" connIndex=1 event=0 ip=198.41.200.53
2026-09-10T23:07:25Z WRN failed to serve tunnel connection error="control stream encountered a failure while serving" connIndex=1 event=0 ip=198.41.200.53
2026-09-10T23:07:25Z WRN Serve tunnel error error="control stream encountered a failure while serving" connIndex=1 event=0 ip=198.41.200.53
2026-09-10T23:07:25Z INF Retrying connection in up to 16s connIndex=1 event=0 ip=198.41.200.53
2026-09-10T23:07:39Z WRN Connection terminated error="control stream encountered a failure while serving" connIndex=1
2026-09-10T23:09:15Z ERR Failed to refresh DNS local resolver error="ParseAddr(\"\"): unable to parse IP"
2026-09-10T23:10:01Z INF Tunnel connection curve preferences: [X25519MLKEM768 CurveP256] connIndex=1 event=0 ip=198.41.200.53
2026-09-10T23:10:07Z ERR failed to run the datagram handler error="context canceled" connIndex=1 event=0 ip=198.41.200.53
2026-09-10T23:10:07Z WRN failed to serve tunnel connection error="control stream encountered a failure while serving" connIndex=1 event=0 ip=198.41.200.53
2026-09-10T23:10:07Z WRN Serve tunnel error error="control stream encountered a failure while serving" connIndex=1 event=0 ip=198.41.200.53
2026-09-10T23:10:07Z INF Retrying connection in up to 32s connIndex=1 event=0 ip=198.41.200.53
2026-09-10T23:10:20Z WRN Connection terminated error="control stream encountered a failure while serving" connIndex=1
2026-09-10T23:14:15Z ERR Failed to refresh DNS local resolver error="ParseAddr(\"\"): unable to parse IP"
2026-09-10T23:14:16Z INF Tunnel connection curve preferences: [X25519MLKEM768 CurveP256] connIndex=1 event=0 ip=198.41.200.53
2026-09-10T23:14:26Z WRN Failed to dial a quic connection error="failed to dial to edge with quic: timeout: handshake did not complete in time" connIndex=1 event=0 ip=198.41.200.53
2026-09-10T23:14:26Z WRN Connection terminated error="there are no free edge addresses left to resolve to" connIndex=1
2026-09-10T23:15:26Z INF Tunnel connection curve preferences: [X25519MLKEM768 CurveP256] connIndex=1 event=0 ip=198.41.200.53
2026-09-10T23:15:31Z INF Registered tunnel connection connIndex=1 connection=62a7a9b4-2d2d-452e-bfdb-aa45477547df event=0 ip=198.41.200.53 location=sjc07 protocol=quic
2026-09-10T23:15:39Z ERR failed to accept incoming stream requests error="failed to accept QUIC stream: timeout: no recent network activity" connIndex=1 event=0 ip=198.41.200.53
2026-09-10T23:15:39Z ERR failed to run the datagram handler error="timeout: no recent network activity" connIndex=1 event=0 ip=198.41.200.53
2026-09-10T23:15:39Z WRN failed to serve tunnel connection error="accept stream listener encountered a failure while serving" connIndex=1 event=0 ip=198.41.200.53
2026-09-10T23:15:39Z WRN Serve tunnel error error="accept stream listener encountered a failure while serving" connIndex=1 event=0 ip=198.41.200.53
2026-09-10T23:15:39Z INF Retrying connection in up to 1s connIndex=1 event=0 ip=198.41.200.53
2026-09-10T23:15:41Z WRN Connection terminated error="accept stream listener encountered a failure while serving" connIndex=1
2026-09-10T23:18:19Z INF Tunnel connection curve preferences: [X25519MLKEM768 CurveP256] connIndex=1 event=0 ip=198.41.200.53
2026-09-10T23:18:28Z ERR failed to run the datagram handler error="context canceled" connIndex=1 event=0 ip=198.41.200.53
2026-09-10T23:18:28Z WRN failed to serve tunnel connection error="control stream encountered a failure while serving" connIndex=1 event=0 ip=198.41.200.53
2026-09-10T23:18:28Z WRN Serve tunnel error error="control stream encountered a failure while serving" connIndex=1 event=0 ip=198.41.200.53
2026-09-10T23:18:28Z INF Retrying connection in up to 4s connIndex=1 event=0 ip=198.41.200.53
2026-09-10T23:18:30Z WRN Connection terminated error="control stream encountered a failure while serving" connIndex=1
2026-09-10T23:18:31Z INF Tunnel connection curve preferences: [X25519MLKEM768 CurveP256] connIndex=1 event=0 ip=198.41.200.53
2026-09-10T23:18:37Z ERR failed to accept incoming stream requests error="failed to accept QUIC stream: timeout: no recent network activity" connIndex=1 event=0 ip=198.41.200.53
2026-09-10T23:18:37Z ERR failed to run the datagram handler error="context canceled" connIndex=1 event=0 ip=198.41.200.53
2026-09-10T23:18:37Z WRN failed to serve tunnel connection error="control stream encountered a failure while serving" connIndex=1 event=0 ip=198.41.200.53
2026-09-10T23:18:37Z WRN Serve tunnel error error="control stream encountered a failure while serving" connIndex=1 event=0 ip=198.41.200.53
2026-09-10T23:18:37Z INF Retrying connection in up to 8s connIndex=1 event=0 ip=198.41.200.53
2026-09-10T23:18:41Z WRN Connection terminated error="control stream encountered a failure while serving" connIndex=1
2026-09-10T23:19:15Z ERR Failed to refresh DNS local resolver error="ParseAddr(\"\"): unable to parse IP"
2026-09-10T23:19:18Z INF Tunnel connection curve preferences: [X25519MLKEM768 CurveP256] connIndex=1 event=0 ip=198.41.200.53
2026-09-10T23:19:27Z WRN Failed to dial a quic connection error="failed to dial to edge with quic: timeout: no recent network activity" connIndex=1 event=0 ip=198.41.200.53
2026-09-10T23:19:27Z WRN Connection terminated error="there are no free edge addresses left to resolve to" connIndex=1
2026-09-10T23:20:23Z INF Tunnel connection curve preferences: [X25519MLKEM768 CurveP256] connIndex=1 event=0 ip=198.41.200.53
2026-09-10T23:20:38Z ERR failed to run the datagram handler error="context canceled" connIndex=1 event=0 ip=198.41.200.53
2026-09-10T23:20:38Z WRN failed to serve tunnel connection error="control stream encountered a failure while serving" connIndex=1 event=0 ip=198.41.200.53
2026-09-10T23:20:38Z WRN Serve tunnel error error="control stream encountered a failure while serving" connIndex=1 event=0 ip=198.41.200.53
2026-09-10T23:20:38Z INF Retrying connection in up to 16s connIndex=1 event=0 ip=198.41.200.53
2026-09-10T23:20:48Z WRN Connection terminated error="control stream encountered a failure while serving" connIndex=1
2026-09-10T23:22:45Z INF Tunnel connection curve preferences: [X25519MLKEM768 CurveP256] connIndex=1 event=0 ip=198.41.200.53
2026-09-10T23:22:51Z ERR failed to run the datagram handler error="context canceled" connIndex=1 event=0 ip=198.41.200.53
2026-09-10T23:22:51Z WRN failed to serve tunnel connection error="control stream encountered a failure while serving" connIndex=1 event=0 ip=198.41.200.53
2026-09-10T23:22:51Z WRN Serve tunnel error error="control stream encountered a failure while serving" connIndex=1 event=0 ip=198.41.200.53
2026-09-10T23:22:51Z INF Retrying connection in up to 32s connIndex=1 event=0 ip=198.41.200.53
2026-09-10T23:23:19Z WRN Connection terminated error="control stream encountered a failure while serving" connIndex=1
2026-09-10T23:24:15Z ERR Failed to refresh DNS local resolver error="ParseAddr(\"\"): unable to parse IP"
2026-09-10T23:25:54Z INF Tunnel connection curve preferences: [X25519MLKEM768 CurveP256] connIndex=1 event=0 ip=198.41.200.53
2026-09-10T23:25:58Z INF Registered tunnel connection connIndex=1 connection=77c36f8b-e880-456a-8cc6-f3ed0ed821cb event=0 ip=198.41.200.53 location=sjc11 protocol=quic
2026-09-10T23:26:41Z ERR failed to run the datagram handler error="timeout: no recent network activity" connIndex=1 event=0 ip=198.41.200.53
2026-09-10T23:26:41Z ERR failed to accept incoming stream requests error="failed to accept QUIC stream: timeout: no recent network activity" connIndex=1 event=0 ip=198.41.200.53
2026-09-10T23:26:41Z WRN failed to serve tunnel connection error="datagram manager encountered a failure while serving" connIndex=1 event=0 ip=198.41.200.53
2026-09-10T23:26:41Z WRN Serve tunnel error error="datagram manager encountered a failure while serving" connIndex=1 event=0 ip=198.41.200.53
2026-09-10T23:26:41Z INF Retrying connection in up to 1s connIndex=1 event=0 ip=198.41.200.53
2026-09-10T23:26:42Z WRN Connection terminated error="datagram manager encountered a failure while serving" connIndex=1
2026-09-10T23:27:28Z INF Tunnel connection curve preferences: [X25519MLKEM768 CurveP256] connIndex=1 event=0 ip=198.41.200.53
2026-09-10T23:27:38Z WRN Failed to dial a quic connection error="failed to dial to edge with quic: timeout: handshake did not complete in time" connIndex=1 event=0 ip=198.41.200.53
2026-09-10T23:27:38Z WRN Connection terminated error="there are no free edge addresses left to resolve to" connIndex=1
2026-09-10T23:29:15Z ERR Failed to refresh DNS local resolver error="ParseAddr(\"\"): unable to parse IP"
2026-09-10T23:32:46Z INF Tunnel connection curve preferences: [X25519MLKEM768 CurveP256] connIndex=1 event=0 ip=198.41.200.53
2026-09-10T23:32:52Z INF Registered tunnel connection connIndex=1 connection=a0f8aca0-fb29-41e3-bdcf-819cb5bf326b event=0 ip=198.41.200.53 location=sjc11 protocol=quic
2026-09-10T23:33:49Z ERR failed to accept incoming stream requests error="failed to accept QUIC stream: timeout: no recent network activity" connIndex=1 event=0 ip=198.41.200.53
2026-09-10T23:33:49Z ERR failed to run the datagram handler error="timeout: no recent network activity" connIndex=1 event=0 ip=198.41.200.53
2026-09-10T23:33:49Z WRN failed to serve tunnel connection error="accept stream listener encountered a failure while serving" connIndex=1 event=0 ip=198.41.200.53
2026-09-10T23:33:49Z WRN Serve tunnel error error="accept stream listener encountered a failure while serving" connIndex=1 event=0 ip=198.41.200.53
2026-09-10T23:33:49Z INF Retrying connection in up to 1s connIndex=1 event=0 ip=198.41.200.53
2026-09-10T23:33:50Z WRN Connection terminated error="accept stream listener encountered a failure while serving" connIndex=1
2026-09-10T23:34:15Z ERR Failed to refresh DNS local resolver error="ParseAddr(\"\"): unable to parse IP"
2026-09-10T23:37:55Z INF Tunnel connection curve preferences: [X25519MLKEM768 CurveP256] connIndex=1 event=0 ip=198.41.200.53
2026-09-10T23:37:58Z INF Registered tunnel connection connIndex=1 connection=e1bc1ffe-3f20-4329-b687-c8b98d730f70 event=0 ip=198.41.200.53 location=sjc08 protocol=quic
2026-09-10T23:38:19Z ERR failed to accept incoming stream requests error="failed to accept QUIC stream: timeout: no recent network activity" connIndex=1 event=0 ip=198.41.200.53
2026-09-10T23:38:19Z ERR failed to run the datagram handler error="timeout: no recent network activity" connIndex=1 event=0 ip=198.41.200.53
2026-09-10T23:38:19Z WRN failed to serve tunnel connection error="accept stream listener encountered a failure while serving" connIndex=1 event=0 ip=198.41.200.53
2026-09-10T23:38:19Z WRN Serve tunnel error error="accept stream listener encountered a failure while serving" connIndex=1 event=0 ip=198.41.200.53
2026-09-10T23:38:19Z INF Retrying connection in up to 1s connIndex=1 event=0 ip=198.41.200.53
2026-09-10T23:38:21Z WRN Connection terminated error="accept stream listener encountered a failure while serving" connIndex=1
2026-09-10T23:39:15Z ERR Failed to refresh DNS local resolver error="ParseAddr(\"\"): unable to parse IP"
2026-09-10T23:42:16Z INF Tunnel connection curve preferences: [X25519MLKEM768 CurveP256] connIndex=1 event=0 ip=198.41.200.53
2026-09-10T23:42:19Z INF Registered tunnel connection connIndex=1 connection=642e3251-7c28-4b62-9f55-37aa0332d999 event=0 ip=198.41.200.53 location=sjc08 protocol=quic
2026-09-10T23:43:02Z ERR failed to run the datagram handler error="timeout: no recent network activity" connIndex=1 event=0 ip=198.41.200.53
2026-09-10T23:43:02Z ERR failed to accept incoming stream requests error="failed to accept QUIC stream: timeout: no recent network activity" connIndex=1 event=0 ip=198.41.200.53
2026-09-10T23:43:02Z WRN failed to serve tunnel connection error="datagram manager encountered a failure while serving" connIndex=1 event=0 ip=198.41.200.53
2026-09-10T23:43:02Z WRN Serve tunnel error error="datagram manager encountered a failure while serving" connIndex=1 event=0 ip=198.41.200.53
2026-09-10T23:43:02Z INF Retrying connection in up to 1s connIndex=1 event=0 ip=198.41.200.53
2026-09-10T23:43:04Z WRN Connection terminated error="datagram manager encountered a failure while serving" connIndex=1
2026-09-10T23:43:23Z INF Tunnel connection curve preferences: [X25519MLKEM768 CurveP256] connIndex=1 event=0 ip=198.41.200.53
2026-09-10T23:43:30Z ERR failed to run the datagram handler error="context canceled" connIndex=1 event=0 ip=198.41.200.53
2026-09-10T23:43:30Z WRN failed to serve tunnel connection error="control stream encountered a failure while serving" connIndex=1 event=0 ip=198.41.200.53
2026-09-10T23:43:30Z WRN Serve tunnel error error="control stream encountered a failure while serving" connIndex=1 event=0 ip=198.41.200.53
2026-09-10T23:43:30Z INF Retrying connection in up to 4s connIndex=1 event=0 ip=198.41.200.53
2026-09-10T23:43:32Z WRN Connection terminated error="control stream encountered a failure while serving" connIndex=1
2026-09-10T23:44:15Z ERR Failed to refresh DNS local resolver error="ParseAddr(\"\"): unable to parse IP"
2026-09-10T23:44:36Z INF Tunnel connection curve preferences: [X25519MLKEM768 CurveP256] connIndex=1 event=0 ip=198.41.200.53
2026-09-10T23:44:43Z ERR failed to run the datagram handler error="timeout: no recent network activity" connIndex=1 event=0 ip=198.41.200.53
2026-09-10T23:44:43Z ERR failed to accept incoming stream requests error="failed to accept QUIC stream: timeout: no recent network activity" connIndex=1 event=0 ip=198.41.200.53
2026-09-10T23:44:43Z WRN failed to serve tunnel connection error="control stream encountered a failure while serving" connIndex=1 event=0 ip=198.41.200.53
2026-09-10T23:44:43Z WRN Serve tunnel error error="control stream encountered a failure while serving" connIndex=1 event=0 ip=198.41.200.53
2026-09-10T23:44:43Z INF Retrying connection in up to 8s connIndex=1 event=0 ip=198.41.200.53
2026-09-10T23:44:45Z WRN Connection terminated error="control stream encountered a failure while serving" connIndex=1
2026-09-10T23:48:40Z INF Tunnel connection curve preferences: [X25519MLKEM768 CurveP256] connIndex=1 event=0 ip=198.41.200.53
2026-09-10T23:48:41Z INF Registered tunnel connection connIndex=1 connection=002936dd-0014-4dab-9bb3-14fda6283b92 event=0 ip=198.41.200.53 location=sjc10 protocol=quic
2026-09-10T23:49:03Z ERR failed to run the datagram handler error="timeout: no recent network activity" connIndex=1 event=0 ip=198.41.200.53
2026-09-10T23:49:03Z ERR failed to accept incoming stream requests error="failed to accept QUIC stream: timeout: no recent network activity" connIndex=1 event=0 ip=198.41.200.53
2026-09-10T23:49:03Z WRN failed to serve tunnel connection error="datagram manager encountered a failure while serving" connIndex=1 event=0 ip=198.41.200.53
2026-09-10T23:49:03Z WRN Serve tunnel error error="datagram manager encountered a failure while serving" connIndex=1 event=0 ip=198.41.200.53
2026-09-10T23:49:03Z INF Retrying connection in up to 1s connIndex=1 event=0 ip=198.41.200.53
2026-09-10T23:49:03Z WRN Connection terminated error="datagram manager encountered a failure while serving" connIndex=1
2026-09-10T23:49:15Z ERR Failed to refresh DNS local resolver error="ParseAddr(\"\"): unable to parse IP"
2026-09-10T23:52:07Z INF Tunnel connection curve preferences: [X25519MLKEM768 CurveP256] connIndex=1 event=0 ip=198.41.200.53
2026-09-10T23:52:17Z WRN Failed to dial a quic connection error="failed to dial to edge with quic: timeout: handshake did not complete in time" connIndex=1 event=0 ip=198.41.200.53
2026-09-10T23:52:17Z WRN Connection terminated error="there are no free edge addresses left to resolve to" connIndex=1
2026-09-10T23:52:46Z INF Tunnel connection curve preferences: [X25519MLKEM768 CurveP256] connIndex=1 event=0 ip=198.41.200.53
2026-09-10T23:52:51Z WRN Failed to dial a quic connection error="failed to dial to edge with quic: timeout: no recent network activity" connIndex=1 event=0 ip=198.41.200.53
2026-09-10T23:52:51Z WRN Connection terminated error="there are no free edge addresses left to resolve to" connIndex=1
2026-09-10T23:54:15Z ERR Failed to refresh DNS local resolver error="ParseAddr(\"\"): unable to parse IP"
2026-09-10T23:56:26Z INF Tunnel connection curve preferences: [X25519MLKEM768 CurveP256] connIndex=1 event=0 ip=198.41.200.53
2026-09-10T23:56:32Z ERR failed to run the datagram handler error="context canceled" connIndex=1 event=0 ip=198.41.200.53
2026-09-10T23:56:32Z WRN failed to serve tunnel connection error="control stream encountered a failure while serving" connIndex=1 event=0 ip=198.41.200.53
2026-09-10T23:56:32Z WRN Serve tunnel error error="control stream encountered a failure while serving" connIndex=1 event=0 ip=198.41.200.53
2026-09-10T23:56:32Z INF Retrying connection in up to 4s connIndex=1 event=0 ip=198.41.200.53
2026-09-10T23:56:33Z WRN Connection terminated error="control stream encountered a failure while serving" connIndex=1
2026-09-10T23:59:15Z ERR Failed to refresh DNS local resolver error="ParseAddr(\"\"): unable to parse IP"
2026-09-11T00:01:41Z INF Tunnel connection curve preferences: [X25519MLKEM768 CurveP256] connIndex=1 event=0 ip=198.41.200.53
2026-09-11T00:01:46Z ERR failed to run the datagram handler error="context canceled" connIndex=1 event=0 ip=198.41.200.53
2026-09-11T00:01:46Z WRN failed to serve tunnel connection error="control stream encountered a failure while serving" connIndex=1 event=0 ip=198.41.200.53
2026-09-11T00:01:46Z WRN Serve tunnel error error="control stream encountered a failure while serving" connIndex=1 event=0 ip=198.41.200.53
2026-09-11T00:01:46Z INF Retrying connection in up to 8s connIndex=1 event=0 ip=198.41.200.53
2026-09-11T00:01:48Z WRN Connection terminated error="control stream encountered a failure while serving" connIndex=1
2026-09-11T00:02:03Z INF Tunnel connection curve preferences: [X25519MLKEM768 CurveP256] connIndex=1 event=0 ip=198.41.200.53
2026-09-11T00:02:08Z INF Registered tunnel connection connIndex=1 connection=00dee8c9-c1a1-4a51-a9f9-d083d2013ca3 event=0 ip=198.41.200.53 location=sjc07 protocol=quic
2026-09-11T00:02:46Z ERR failed to accept incoming stream requests error="failed to accept QUIC stream: timeout: no recent network activity" connIndex=1 event=0 ip=198.41.200.53
2026-09-11T00:02:46Z ERR failed to run the datagram handler error="timeout: no recent network activity" connIndex=1 event=0 ip=198.41.200.53
2026-09-11T00:02:46Z WRN failed to serve tunnel connection error="accept stream listener encountered a failure while serving" connIndex=1 event=0 ip=198.41.200.53
2026-09-11T00:02:46Z WRN Serve tunnel error error="accept stream listener encountered a failure while serving" connIndex=1 event=0 ip=198.41.200.53
2026-09-11T00:02:46Z INF Retrying connection in up to 1s connIndex=1 event=0 ip=198.41.200.53
2026-09-11T00:02:46Z WRN Connection terminated error="accept stream listener encountered a failure while serving" connIndex=1
2026-09-11T00:02:48Z INF Tunnel connection curve preferences: [X25519MLKEM768 CurveP256] connIndex=1 event=0 ip=198.41.200.53
2026-09-11T00:02:54Z ERR failed to run the datagram handler error="context canceled" connIndex=1 event=0 ip=198.41.200.53
2026-09-11T00:02:54Z WRN failed to serve tunnel connection error="control stream encountered a failure while serving" connIndex=1 event=0 ip=198.41.200.53
2026-09-11T00:02:54Z WRN Serve tunnel error error="control stream encountered a failure while serving" connIndex=1 event=0 ip=198.41.200.53
2026-09-11T00:02:54Z INF Retrying connection in up to 4s connIndex=1 event=0 ip=198.41.200.53
2026-09-11T00:02:57Z WRN Connection terminated error="control stream encountered a failure while serving" connIndex=1
2026-09-11T00:03:34Z INF Tunnel connection curve preferences: [X25519MLKEM768 CurveP256] connIndex=1 event=0 ip=198.41.200.53
2026-09-11T00:03:37Z INF Registered tunnel connection connIndex=1 connection=9a66bc23-25c3-4b82-9048-66de645ae5a4 event=0 ip=198.41.200.53 location=sjc07 protocol=quic
2026-09-11T00:03:54Z ERR failed to accept incoming stream requests error="failed to accept QUIC stream: timeout: no recent network activity" connIndex=1 event=0 ip=198.41.200.53
2026-09-11T00:03:54Z ERR failed to run the datagram handler error="timeout: no recent network activity" connIndex=1 event=0 ip=198.41.200.53
2026-09-11T00:03:54Z WRN failed to serve tunnel connection error="accept stream listener encountered a failure while serving" connIndex=1 event=0 ip=198.41.200.53
2026-09-11T00:03:54Z WRN Serve tunnel error error="accept stream listener encountered a failure while serving" connIndex=1 event=0 ip=198.41.200.53
2026-09-11T00:03:54Z INF Retrying connection in up to 1s connIndex=1 event=0 ip=198.41.200.53
2026-09-11T00:03:55Z WRN Connection terminated error="accept stream listener encountered a failure while serving" connIndex=1
2026-09-11T00:04:09Z INF Tunnel connection curve preferences: [X25519MLKEM768 CurveP256] connIndex=1 event=0 ip=198.41.200.53
2026-09-11T00:04:15Z ERR failed to accept incoming stream requests error="failed to accept QUIC stream: timeout: no recent network activity" connIndex=1 event=0 ip=198.41.200.53
2026-09-11T00:04:15Z ERR failed to run the datagram handler error="timeout: no recent network activity" connIndex=1 event=0 ip=198.41.200.53
2026-09-11T00:04:15Z WRN failed to serve tunnel connection error="control stream encountered a failure while serving" connIndex=1 event=0 ip=198.41.200.53
2026-09-11T00:04:15Z WRN Serve tunnel error error="control stream encountered a failure while serving" connIndex=1 event=0 ip=198.41.200.53
2026-09-11T00:04:15Z INF Retrying connection in up to 4s connIndex=1 event=0 ip=198.41.200.53
2026-09-11T00:04:15Z WRN Connection terminated error="control stream encountered a failure while serving" connIndex=1
2026-09-11T00:04:15Z ERR Failed to refresh DNS local resolver error="ParseAddr(\"\"): unable to parse IP"
2026-09-11T00:06:42Z INF Tunnel connection curve preferences: [X25519MLKEM768 CurveP256] connIndex=1 event=0 ip=198.41.200.53
2026-09-11T00:06:43Z INF Registered tunnel connection connIndex=1 connection=ec5c064a-fd20-4e36-baf9-de9ce99670d9 event=0 ip=198.41.200.53 location=sjc11 protocol=quic
2026-09-11T00:07:44Z ERR failed to accept incoming stream requests error="failed to accept QUIC stream: timeout: no recent network activity" connIndex=1 event=0 ip=198.41.200.53
2026-09-11T00:07:44Z ERR failed to run the datagram handler error="timeout: no recent network activity" connIndex=1 event=0 ip=198.41.200.53
2026-09-11T00:07:44Z WRN failed to serve tunnel connection error="accept stream listener encountered a failure while serving" connIndex=1 event=0 ip=198.41.200.53
2026-09-11T00:07:44Z WRN Serve tunnel error error="accept stream listener encountered a failure while serving" connIndex=1 event=0 ip=198.41.200.53
2026-09-11T00:07:44Z INF Retrying connection in up to 1s connIndex=1 event=0 ip=198.41.200.53
2026-09-11T00:07:45Z WRN Connection terminated error="accept stream listener encountered a failure while serving" connIndex=1
2026-09-11T00:09:15Z ERR Failed to refresh DNS local resolver error="ParseAddr(\"\"): unable to parse IP"
2026-09-11T00:12:35Z INF Tunnel connection curve preferences: [X25519MLKEM768 CurveP256] connIndex=1 event=0 ip=198.41.200.53
2026-09-11T00:12:44Z ERR failed to run the datagram handler error="context canceled" connIndex=1 event=0 ip=198.41.200.53
2026-09-11T00:12:44Z WRN failed to serve tunnel connection error="control stream encountered a failure while serving" connIndex=1 event=0 ip=198.41.200.53
2026-09-11T00:12:44Z WRN Serve tunnel error error="control stream encountered a failure while serving" connIndex=1 event=0 ip=198.41.200.53
2026-09-11T00:12:44Z INF Retrying connection in up to 4s connIndex=1 event=0 ip=198.41.200.53
2026-09-11T00:12:47Z WRN Connection terminated error="control stream encountered a failure while serving" connIndex=1
2026-09-11T00:12:51Z INF Tunnel connection curve preferences: [X25519MLKEM768 CurveP256] connIndex=1 event=0 ip=198.41.200.53
2026-09-11T00:13:01Z ERR failed to run the datagram handler error="timeout: no recent network activity" connIndex=1 event=0 ip=198.41.200.53
2026-09-11T00:13:01Z ERR failed to accept incoming stream requests error="failed to accept QUIC stream: timeout: no recent network activity" connIndex=1 event=0 ip=198.41.200.53
2026-09-11T00:13:01Z WRN failed to serve tunnel connection error="control stream encountered a failure while serving" connIndex=1 event=0 ip=198.41.200.53
2026-09-11T00:13:01Z WRN Serve tunnel error error="control stream encountered a failure while serving" connIndex=1 event=0 ip=198.41.200.53
2026-09-11T00:13:01Z INF Retrying connection in up to 8s connIndex=1 event=0 ip=198.41.200.53
2026-09-11T00:13:02Z WRN Connection terminated error="control stream encountered a failure while serving" connIndex=1
2026-09-11T00:13:17Z INF Tunnel connection curve preferences: [X25519MLKEM768 CurveP256] connIndex=1 event=0 ip=198.41.200.53
2026-09-11T00:13:19Z INF Registered tunnel connection connIndex=1 connection=70e3b3ff-f97b-41d9-904a-1b9e17b4d9ea event=0 ip=198.41.200.53 location=sjc08 protocol=quic
2026-09-11T00:14:03Z ERR failed to run the datagram handler error="timeout: no recent network activity" connIndex=1 event=0 ip=198.41.200.53
2026-09-11T00:14:03Z ERR failed to accept incoming stream requests error="failed to accept QUIC stream: timeout: no recent network activity" connIndex=1 event=0 ip=198.41.200.53
2026-09-11T00:14:03Z WRN failed to serve tunnel connection error="datagram manager encountered a failure while serving" connIndex=1 event=0 ip=198.41.200.53
2026-09-11T00:14:03Z WRN Serve tunnel error error="datagram manager encountered a failure while serving" connIndex=1 event=0 ip=198.41.200.53
2026-09-11T00:14:03Z INF Retrying connection in up to 1s connIndex=1 event=0 ip=198.41.200.53
2026-09-11T00:14:03Z WRN Connection terminated error="datagram manager encountered a failure while serving" connIndex=1
2026-09-11T00:14:15Z ERR Failed to refresh DNS local resolver error="ParseAddr(\"\"): unable to parse IP"
2026-09-11T00:14:26Z INF Tunnel connection curve preferences: [X25519MLKEM768 CurveP256] connIndex=1 event=0 ip=198.41.200.53
2026-09-11T00:14:32Z ERR failed to run the datagram handler error="context canceled" connIndex=1 event=0 ip=198.41.200.53
2026-09-11T00:14:32Z WRN failed to serve tunnel connection error="control stream encountered a failure while serving" connIndex=1 event=0 ip=198.41.200.53
2026-09-11T00:14:32Z WRN Serve tunnel error error="control stream encountered a failure while serving" connIndex=1 event=0 ip=198.41.200.53
2026-09-11T00:14:32Z INF Retrying connection in up to 4s connIndex=1 event=0 ip=198.41.200.53
2026-09-11T00:14:35Z WRN Connection terminated error="control stream encountered a failure while serving" connIndex=1
2026-09-11T00:14:49Z INF Tunnel connection curve preferences: [X25519MLKEM768 CurveP256] connIndex=1 event=0 ip=198.41.200.53
2026-09-11T00:14:56Z ERR failed to accept incoming stream requests error="failed to accept QUIC stream: timeout: no recent network activity" connIndex=1 event=0 ip=198.41.200.53
2026-09-11T00:14:56Z ERR failed to run the datagram handler error="timeout: no recent network activity" connIndex=1 event=0 ip=198.41.200.53
2026-09-11T00:14:56Z WRN failed to serve tunnel connection error="control stream encountered a failure while serving" connIndex=1 event=0 ip=198.41.200.53
2026-09-11T00:14:56Z WRN Serve tunnel error error="control stream encountered a failure while serving" connIndex=1 event=0 ip=198.41.200.53
2026-09-11T00:14:56Z INF Retrying connection in up to 8s connIndex=1 event=0 ip=198.41.200.53
2026-09-11T00:15:00Z WRN Connection terminated error="control stream encountered a failure while serving" connIndex=1
2026-09-11T00:15:18Z INF Tunnel connection curve preferences: [X25519MLKEM768 CurveP256] connIndex=1 event=0 ip=198.41.200.53
2026-09-11T00:15:26Z WRN Failed to dial a quic connection error="failed to dial to edge with quic: timeout: no recent network activity" connIndex=1 event=0 ip=198.41.200.53
2026-09-11T00:15:26Z WRN Connection terminated error="there are no free edge addresses left to resolve to" connIndex=1
2026-09-11T00:16:39Z INF Tunnel connection curve preferences: [X25519MLKEM768 CurveP256] connIndex=1 event=0 ip=198.41.200.53
2026-09-11T00:16:49Z ERR failed to accept incoming stream requests error="failed to accept QUIC stream: timeout: no recent network activity" connIndex=1 event=0 ip=198.41.200.53
2026-09-11T00:16:49Z ERR failed to run the datagram handler error="context canceled" connIndex=1 event=0 ip=198.41.200.53
2026-09-11T00:16:49Z WRN failed to serve tunnel connection error="control stream encountered a failure while serving" connIndex=1 event=0 ip=198.41.200.53
2026-09-11T00:16:49Z WRN Serve tunnel error error="control stream encountered a failure while serving" connIndex=1 event=0 ip=198.41.200.53
2026-09-11T00:16:49Z INF Retrying connection in up to 16s connIndex=1 event=0 ip=198.41.200.53
2026-09-11T00:16:52Z WRN Connection terminated error="control stream encountered a failure while serving" connIndex=1
2026-09-11T00:17:01Z INF Tunnel connection curve preferences: [X25519MLKEM768 CurveP256] connIndex=1 event=0 ip=198.41.200.53
2026-09-11T00:17:10Z WRN Failed to dial a quic connection error="failed to dial to edge with quic: timeout: no recent network activity" connIndex=1 event=0 ip=198.41.200.53
2026-09-11T00:17:10Z WRN Connection terminated error="there are no free edge addresses left to resolve to" connIndex=1
2026-09-11T00:19:15Z ERR Failed to refresh DNS local resolver error="ParseAddr(\"\"): unable to parse IP"
2026-09-11T00:20:53Z INF Tunnel connection curve preferences: [X25519MLKEM768 CurveP256] connIndex=1 event=0 ip=198.41.200.53
2026-09-11T00:20:54Z INF Registered tunnel connection connIndex=1 connection=d348a119-d834-42e9-a1b1-6875ce9bb48d event=0 ip=198.41.200.53 location=sjc10 protocol=quic
2026-09-11T00:21:04Z ERR failed to accept incoming stream requests error="failed to accept QUIC stream: timeout: no recent network activity" connIndex=1 event=0 ip=198.41.200.53
2026-09-11T00:21:04Z ERR failed to run the datagram handler error="timeout: no recent network activity" connIndex=1 event=0 ip=198.41.200.53
2026-09-11T00:21:04Z WRN failed to serve tunnel connection error="accept stream listener encountered a failure while serving" connIndex=1 event=0 ip=198.41.200.53
2026-09-11T00:21:04Z WRN Serve tunnel error error="accept stream listener encountered a failure while serving" connIndex=1 event=0 ip=198.41.200.53
2026-09-11T00:21:04Z INF Retrying connection in up to 1s connIndex=1 event=0 ip=198.41.200.53
2026-09-11T00:21:06Z WRN Connection terminated error="accept stream listener encountered a failure while serving" connIndex=1
2026-09-11T00:23:56Z INF Tunnel connection curve preferences: [X25519MLKEM768 CurveP256] connIndex=1 event=0 ip=198.41.200.53
2026-09-11T00:24:02Z WRN Failed to dial a quic connection error="failed to dial to edge with quic: timeout: no recent network activity" connIndex=1 event=0 ip=198.41.200.53
2026-09-11T00:24:02Z WRN Connection terminated error="there are no free edge addresses left to resolve to" connIndex=1
2026-09-11T00:24:15Z ERR Failed to refresh DNS local resolver error="ParseAddr(\"\"): unable to parse IP"
2026-09-11T00:27:30Z INF Tunnel connection curve preferences: [X25519MLKEM768 CurveP256] connIndex=1 event=0 ip=198.41.200.53
2026-09-11T00:27:45Z ERR failed to accept incoming stream requests error="failed to accept QUIC stream: timeout: no recent network activity" connIndex=1 event=0 ip=198.41.200.53
2026-09-11T00:27:45Z ERR failed to run the datagram handler error="context canceled" connIndex=1 event=0 ip=198.41.200.53
2026-09-11T00:27:45Z WRN failed to serve tunnel connection error="control stream encountered a failure while serving" connIndex=1 event=0 ip=198.41.200.53
2026-09-11T00:27:45Z WRN Serve tunnel error error="control stream encountered a failure while serving" connIndex=1 event=0 ip=198.41.200.53
2026-09-11T00:27:45Z INF Retrying connection in up to 4s connIndex=1 event=0 ip=198.41.200.53
2026-09-11T00:27:47Z WRN Connection terminated error="control stream encountered a failure while serving" connIndex=1
2026-09-11T00:27:53Z INF Tunnel connection curve preferences: [X25519MLKEM768 CurveP256] connIndex=1 event=0 ip=198.41.200.53
2026-09-11T00:27:55Z INF Registered tunnel connection connIndex=1 connection=99e28afe-304c-48b2-9ec5-4f61b15f1701 event=0 ip=198.41.200.53 location=sjc07 protocol=quic
2026-09-11T00:28:07Z ERR failed to run the datagram handler error="timeout: no recent network activity" connIndex=1 event=0 ip=198.41.200.53
2026-09-11T00:28:07Z ERR failed to accept incoming stream requests error="failed to accept QUIC stream: timeout: no recent network activity" connIndex=1 event=0 ip=198.41.200.53
2026-09-11T00:28:07Z WRN failed to serve tunnel connection error="datagram manager encountered a failure while serving" connIndex=1 event=0 ip=198.41.200.53
2026-09-11T00:28:07Z WRN Serve tunnel error error="datagram manager encountered a failure while serving" connIndex=1 event=0 ip=198.41.200.53
2026-09-11T00:28:07Z INF Retrying connection in up to 1s connIndex=1 event=0 ip=198.41.200.53
2026-09-11T00:28:08Z WRN Connection terminated error="datagram manager encountered a failure while serving" connIndex=1
2026-09-11T00:28:18Z INF Tunnel connection curve preferences: [X25519MLKEM768 CurveP256] connIndex=1 event=0 ip=198.41.200.53
2026-09-11T00:28:31Z ERR failed to run the datagram handler error="context canceled" connIndex=1 event=0 ip=198.41.200.53
2026-09-11T00:28:31Z WRN failed to serve tunnel connection error="control stream encountered a failure while serving" connIndex=1 event=0 ip=198.41.200.53
2026-09-11T00:28:31Z WRN Serve tunnel error error="control stream encountered a failure while serving" connIndex=1 event=0 ip=198.41.200.53
2026-09-11T00:28:31Z INF Retrying connection in up to 4s connIndex=1 event=0 ip=198.41.200.53
2026-09-11T00:28:34Z WRN Connection terminated error="control stream encountered a failure while serving" connIndex=1
2026-09-11T00:29:15Z ERR Failed to refresh DNS local resolver error="ParseAddr(\"\"): unable to parse IP"
2026-09-11T00:29:29Z INF Tunnel connection curve preferences: [X25519MLKEM768 CurveP256] connIndex=1 event=0 ip=198.41.200.53
2026-09-11T00:29:39Z ERR failed to run the datagram handler error="context canceled" connIndex=1 event=0 ip=198.41.200.53
2026-09-11T00:29:39Z WRN failed to serve tunnel connection error="control stream encountered a failure while serving" connIndex=1 event=0 ip=198.41.200.53
2026-09-11T00:29:39Z WRN Serve tunnel error error="control stream encountered a failure while serving" connIndex=1 event=0 ip=198.41.200.53
2026-09-11T00:29:39Z INF Retrying connection in up to 8s connIndex=1 event=0 ip=198.41.200.53
2026-09-11T00:29:40Z WRN Connection terminated error="control stream encountered a failure while serving" connIndex=1
2026-09-11T00:29:49Z INF Tunnel connection curve preferences: [X25519MLKEM768 CurveP256] connIndex=1 event=0 ip=198.41.200.53
2026-09-11T00:29:51Z INF Registered tunnel connection connIndex=1 connection=28e6469f-7825-4aa0-822b-19b3db0596bf event=0 ip=198.41.200.53 location=sjc07 protocol=quic
2026-09-11T00:29:59Z ERR failed to accept incoming stream requests error="failed to accept QUIC stream: timeout: no recent network activity" connIndex=1 event=0 ip=198.41.200.53
2026-09-11T00:29:59Z ERR failed to run the datagram handler error="timeout: no recent network activity" connIndex=1 event=0 ip=198.41.200.53
2026-09-11T00:29:59Z WRN failed to serve tunnel connection error="accept stream listener encountered a failure while serving" connIndex=1 event=0 ip=198.41.200.53
2026-09-11T00:29:59Z WRN Serve tunnel error error="accept stream listener encountered a failure while serving" connIndex=1 event=0 ip=198.41.200.53
2026-09-11T00:29:59Z INF Retrying connection in up to 1s connIndex=1 event=0 ip=198.41.200.53
2026-09-11T00:30:01Z WRN Connection terminated error="accept stream listener encountered a failure while serving" connIndex=1
2026-09-11T00:30:17Z INF Tunnel connection curve preferences: [X25519MLKEM768 CurveP256] connIndex=1 event=0 ip=198.41.200.53
2026-09-11T00:30:25Z WRN Failed to dial a quic connection error="failed to dial to edge with quic: timeout: no recent network activity" connIndex=1 event=0 ip=198.41.200.53
2026-09-11T00:30:25Z WRN Connection terminated error="there are no free edge addresses left to resolve to" connIndex=1
2026-09-11T00:30:47Z INF Tunnel connection curve preferences: [X25519MLKEM768 CurveP256] connIndex=1 event=0 ip=198.41.200.53
2026-09-11T00:30:50Z INF Registered tunnel connection connIndex=1 connection=723c0c97-374e-4404-9599-e6bcdd3703e3 event=0 ip=198.41.200.53 location=sjc07 protocol=quic
2026-09-11T00:31:15Z ERR failed to accept incoming stream requests error="failed to accept QUIC stream: timeout: no recent network activity" connIndex=1 event=0 ip=198.41.200.53
2026-09-11T00:31:15Z ERR failed to run the datagram handler error="timeout: no recent network activity" connIndex=1 event=0 ip=198.41.200.53
2026-09-11T00:31:15Z WRN failed to serve tunnel connection error="accept stream listener encountered a failure while serving" connIndex=1 event=0 ip=198.41.200.53
2026-09-11T00:31:15Z WRN Serve tunnel error error="accept stream listener encountered a failure while serving" connIndex=1 event=0 ip=198.41.200.53
2026-09-11T00:31:15Z INF Retrying connection in up to 1s connIndex=1 event=0 ip=198.41.200.53
2026-09-11T00:31:16Z WRN Connection terminated error="accept stream listener encountered a failure while serving" connIndex=1
2026-09-11T00:31:38Z INF Tunnel connection curve preferences: [X25519MLKEM768 CurveP256] connIndex=1 event=0 ip=198.41.200.53
2026-09-11T00:31:44Z INF Registered tunnel connection connIndex=1 connection=79b04bab-d78d-4314-9c2c-ddc123c2f99f event=0 ip=198.41.200.53 location=sjc07 protocol=quic
2026-09-11T00:32:41Z ERR failed to run the datagram handler error="timeout: no recent network activity" connIndex=1 event=0 ip=198.41.200.53
2026-09-11T00:32:41Z ERR failed to accept incoming stream requests error="failed to accept QUIC stream: timeout: no recent network activity" connIndex=1 event=0 ip=198.41.200.53
2026-09-11T00:32:41Z WRN failed to serve tunnel connection error="datagram manager encountered a failure while serving" connIndex=1 event=0 ip=198.41.200.53
2026-09-11T00:32:41Z WRN Serve tunnel error error="datagram manager encountered a failure while serving" connIndex=1 event=0 ip=198.41.200.53
2026-09-11T00:32:41Z INF Retrying connection in up to 1s connIndex=1 event=0 ip=198.41.200.53
2026-09-11T00:32:42Z WRN Connection terminated error="datagram manager encountered a failure while serving" connIndex=1
2026-09-11T00:33:46Z INF Tunnel connection curve preferences: [X25519MLKEM768 CurveP256] connIndex=1 event=0 ip=198.41.200.53
2026-09-11T00:33:54Z ERR failed to run the datagram handler error="context canceled" connIndex=1 event=0 ip=198.41.200.53
2026-09-11T00:33:54Z WRN failed to serve tunnel connection error="control stream encountered a failure while serving" connIndex=1 event=0 ip=198.41.200.53
2026-09-11T00:33:54Z WRN Serve tunnel error error="control stream encountered a failure while serving" connIndex=1 event=0 ip=198.41.200.53
2026-09-11T00:33:54Z INF Retrying connection in up to 4s connIndex=1 event=0 ip=198.41.200.53
2026-09-11T00:33:56Z WRN Connection terminated error="control stream encountered a failure while serving" connIndex=1
2026-09-11T00:34:03Z INF Tunnel connection curve preferences: [X25519MLKEM768 CurveP256] connIndex=1 event=0 ip=198.41.200.53
2026-09-11T00:34:07Z INF Registered tunnel connection connIndex=1 connection=108dc989-2a1f-4f33-ae93-d7883dee750c event=0 ip=198.41.200.53 location=sjc08 protocol=quic
2026-09-11T00:34:15Z ERR Failed to refresh DNS local resolver error="ParseAddr(\"\"): unable to parse IP"
2026-09-11T00:34:44Z ERR failed to run the datagram handler error="timeout: no recent network activity" connIndex=1 event=0 ip=198.41.200.53
2026-09-11T00:34:44Z ERR failed to accept incoming stream requests error="failed to accept QUIC stream: timeout: no recent network activity" connIndex=1 event=0 ip=198.41.200.53
2026-09-11T00:34:44Z WRN failed to serve tunnel connection error="datagram manager encountered a failure while serving" connIndex=1 event=0 ip=198.41.200.53
2026-09-11T00:34:44Z WRN Serve tunnel error error="datagram manager encountered a failure while serving" connIndex=1 event=0 ip=198.41.200.53
2026-09-11T00:34:44Z INF Retrying connection in up to 1s connIndex=1 event=0 ip=198.41.200.53
2026-09-11T00:34:46Z WRN Connection terminated error="datagram manager encountered a failure while serving" connIndex=1
2026-09-11T00:35:02Z INF Tunnel connection curve preferences: [X25519MLKEM768 CurveP256] connIndex=1 event=0 ip=198.41.200.53
2026-09-11T00:35:09Z ERR failed to run the datagram handler error="context canceled" connIndex=1 event=0 ip=198.41.200.53
2026-09-11T00:35:09Z WRN failed to serve tunnel connection error="control stream encountered a failure while serving" connIndex=1 event=0 ip=198.41.200.53
2026-09-11T00:35:09Z WRN Serve tunnel error error="control stream encountered a failure while serving" connIndex=1 event=0 ip=198.41.200.53
2026-09-11T00:35:09Z INF Retrying connection in up to 4s connIndex=1 event=0 ip=198.41.200.53
2026-09-11T00:35:11Z WRN Connection terminated error="control stream encountered a failure while serving" connIndex=1
2026-09-11T00:35:21Z INF Tunnel connection curve preferences: [X25519MLKEM768 CurveP256] connIndex=1 event=0 ip=198.41.200.53
2026-09-11T00:35:31Z WRN Failed to dial a quic connection error="failed to dial to edge with quic: timeout: handshake did not complete in time" connIndex=1 event=0 ip=198.41.200.53
2026-09-11T00:35:31Z WRN Connection terminated error="there are no free edge addresses left to resolve to" connIndex=1
2026-09-11T00:36:30Z INF Tunnel connection curve preferences: [X25519MLKEM768 CurveP256] connIndex=1 event=0 ip=198.41.200.53
2026-09-11T00:36:40Z ERR failed to run the datagram handler error="context canceled" connIndex=1 event=0 ip=198.41.200.53
2026-09-11T00:36:40Z WRN failed to serve tunnel connection error="control stream encountered a failure while serving" connIndex=1 event=0 ip=198.41.200.53
2026-09-11T00:36:40Z WRN Serve tunnel error error="control stream encountered a failure while serving" connIndex=1 event=0 ip=198.41.200.53
2026-09-11T00:36:40Z INF Retrying connection in up to 8s connIndex=1 event=0 ip=198.41.200.53
2026-09-11T00:36:44Z WRN Connection terminated error="control stream encountered a failure while serving" connIndex=1
2026-09-11T00:37:34Z INF Tunnel connection curve preferences: [X25519MLKEM768 CurveP256] connIndex=1 event=0 ip=198.41.200.53
2026-09-11T00:37:42Z WRN Failed to dial a quic connection error="failed to dial to edge with quic: timeout: no recent network activity" connIndex=1 event=0 ip=198.41.200.53
2026-09-11T00:37:42Z WRN Connection terminated error="there are no free edge addresses left to resolve to" connIndex=1
2026-09-11T00:39:15Z ERR Failed to refresh DNS local resolver error="ParseAddr(\"\"): unable to parse IP"
2026-09-11T00:40:52Z INF Tunnel connection curve preferences: [X25519MLKEM768 CurveP256] connIndex=1 event=0 ip=198.41.200.53
2026-09-11T00:40:53Z INF Registered tunnel connection connIndex=1 connection=600fc74f-3ba7-42c2-988a-c315c4bb7afd event=0 ip=198.41.200.53 location=sjc11 protocol=quic
2026-09-11T00:40:58Z ERR failed to accept incoming stream requests error="failed to accept QUIC stream: timeout: no recent network activity" connIndex=1 event=0 ip=198.41.200.53
2026-09-11T00:40:58Z ERR failed to run the datagram handler error="timeout: no recent network activity" connIndex=1 event=0 ip=198.41.200.53
2026-09-11T00:40:58Z WRN failed to serve tunnel connection error="accept stream listener encountered a failure while serving" connIndex=1 event=0 ip=198.41.200.53
2026-09-11T00:40:58Z WRN Serve tunnel error error="accept stream listener encountered a failure while serving" connIndex=1 event=0 ip=198.41.200.53
2026-09-11T00:40:58Z INF Retrying connection in up to 1s connIndex=1 event=0 ip=198.41.200.53
2026-09-11T00:40:58Z WRN Connection terminated error="accept stream listener encountered a failure while serving" connIndex=1
2026-09-11T00:44:15Z ERR Failed to refresh DNS local resolver error="ParseAddr(\"\"): unable to parse IP"
2026-09-11T00:45:13Z INF Tunnel connection curve preferences: [X25519MLKEM768 CurveP256] connIndex=1 event=0 ip=198.41.200.53
2026-09-11T00:45:17Z INF Registered tunnel connection connIndex=1 connection=db3e0a8d-4491-4d70-8d1f-a5e43b8438c0 event=0 ip=198.41.200.53 location=sjc11 protocol=quic
2026-09-11T00:45:55Z ERR failed to accept incoming stream requests error="failed to accept QUIC stream: timeout: no recent network activity" connIndex=1 event=0 ip=198.41.200.53
2026-09-11T00:45:55Z ERR failed to run the datagram handler error="timeout: no recent network activity" connIndex=1 event=0 ip=198.41.200.53
2026-09-11T00:45:55Z WRN failed to serve tunnel connection error="accept stream listener encountered a failure while serving" connIndex=1 event=0 ip=198.41.200.53
2026-09-11T00:45:55Z WRN Serve tunnel error error="accept stream listener encountered a failure while serving" connIndex=1 event=0 ip=198.41.200.53
2026-09-11T00:45:55Z INF Retrying connection in up to 1s connIndex=1 event=0 ip=198.41.200.53
2026-09-11T00:45:57Z WRN Connection terminated error="accept stream listener encountered a failure while serving" connIndex=1
2026-09-11T00:47:57Z INF Tunnel connection curve preferences: [X25519MLKEM768 CurveP256] connIndex=1 event=0 ip=198.41.200.53
2026-09-11T00:48:03Z WRN Failed to dial a quic connection error="failed to dial to edge with quic: timeout: no recent network activity" connIndex=1 event=0 ip=198.41.200.53
2026-09-11T00:48:03Z WRN Connection terminated error="there are no free edge addresses left to resolve to" connIndex=1
2026-09-11T00:49:15Z ERR Failed to refresh DNS local resolver error="ParseAddr(\"\"): unable to parse IP"
2026-09-11T00:52:18Z INF Tunnel connection curve preferences: [X25519MLKEM768 CurveP256] connIndex=1 event=0 ip=198.41.200.53
2026-09-11T00:52:25Z ERR failed to run the datagram handler error="context canceled" connIndex=1 event=0 ip=198.41.200.53
2026-09-11T00:52:25Z WRN failed to serve tunnel connection error="control stream encountered a failure while serving" connIndex=1 event=0 ip=198.41.200.53
2026-09-11T00:52:25Z WRN Serve tunnel error error="control stream encountered a failure while serving" connIndex=1 event=0 ip=198.41.200.53
2026-09-11T00:52:25Z INF Retrying connection in up to 4s connIndex=1 event=0 ip=198.41.200.53
2026-09-11T00:52:26Z WRN Connection terminated error="control stream encountered a failure while serving" connIndex=1
2026-09-11T00:53:06Z INF Tunnel connection curve preferences: [X25519MLKEM768 CurveP256] connIndex=1 event=0 ip=198.41.200.53
2026-09-11T00:53:15Z INF Registered tunnel connection connIndex=1 connection=87a96353-b421-4e9d-be70-ccedb4a42a95 event=0 ip=198.41.200.53 location=sjc07 protocol=quic
2026-09-11T00:53:30Z ERR failed to accept incoming stream requests error="failed to accept QUIC stream: timeout: no recent network activity" connIndex=1 event=0 ip=198.41.200.53
2026-09-11T00:53:30Z ERR failed to run the datagram handler error="timeout: no recent network activity" connIndex=1 event=0 ip=198.41.200.53
2026-09-11T00:53:30Z WRN failed to serve tunnel connection error="accept stream listener encountered a failure while serving" connIndex=1 event=0 ip=198.41.200.53
2026-09-11T00:53:30Z WRN Serve tunnel error error="accept stream listener encountered a failure while serving" connIndex=1 event=0 ip=198.41.200.53
2026-09-11T00:53:30Z INF Retrying connection in up to 1s connIndex=1 event=0 ip=198.41.200.53
2026-09-11T00:53:31Z WRN Connection terminated error="accept stream listener encountered a failure while serving" connIndex=1
2026-09-11T00:54:15Z ERR Failed to refresh DNS local resolver error="ParseAddr(\"\"): unable to parse IP"
2026-09-11T00:57:02Z INF Tunnel connection curve preferences: [X25519MLKEM768 CurveP256] connIndex=1 event=0 ip=198.41.200.53
2026-09-11T00:57:07Z WRN Failed to dial a quic connection error="failed to dial to edge with quic: timeout: no recent network activity" connIndex=1 event=0 ip=198.41.200.53
2026-09-11T00:57:07Z WRN Connection terminated error="there are no free edge addresses left to resolve to" connIndex=1
2026-09-11T00:59:15Z ERR Failed to refresh DNS local resolver error="ParseAddr(\"\"): unable to parse IP"
2026-09-11T01:02:06Z INF Tunnel connection curve preferences: [X25519MLKEM768 CurveP256] connIndex=1 event=0 ip=198.41.200.53
2026-09-11T01:02:12Z ERR failed to run the datagram handler error="context canceled" connIndex=1 event=0 ip=198.41.200.53
2026-09-11T01:02:12Z WRN failed to serve tunnel connection error="control stream encountered a failure while serving" connIndex=1 event=0 ip=198.41.200.53
2026-09-11T01:02:12Z WRN Serve tunnel error error="control stream encountered a failure while serving" connIndex=1 event=0 ip=198.41.200.53
2026-09-11T01:02:12Z INF Retrying connection in up to 4s connIndex=1 event=0 ip=198.41.200.53
2026-09-11T01:02:13Z WRN Connection terminated error="control stream encountered a failure while serving" connIndex=1
2026-09-11T01:02:33Z INF Tunnel connection curve preferences: [X25519MLKEM768 CurveP256] connIndex=1 event=0 ip=198.41.200.53
2026-09-11T01:02:40Z ERR failed to run the datagram handler error="context canceled" connIndex=1 event=0 ip=198.41.200.53
2026-09-11T01:02:40Z ERR failed to accept incoming stream requests error="failed to accept QUIC stream: timeout: no recent network activity" connIndex=1 event=0 ip=198.41.200.53
2026-09-11T01:02:40Z WRN failed to serve tunnel connection error="control stream encountered a failure while serving" connIndex=1 event=0 ip=198.41.200.53
2026-09-11T01:02:40Z WRN Serve tunnel error error="control stream encountered a failure while serving" connIndex=1 event=0 ip=198.41.200.53
2026-09-11T01:02:40Z INF Retrying connection in up to 8s connIndex=1 event=0 ip=198.41.200.53
2026-09-11T01:02:45Z WRN Connection terminated error="control stream encountered a failure while serving" connIndex=1
2026-09-11T01:02:55Z INF Tunnel connection curve preferences: [X25519MLKEM768 CurveP256] connIndex=1 event=0 ip=198.41.200.53
2026-09-11T01:03:01Z WRN Failed to dial a quic connection error="failed to dial to edge with quic: timeout: no recent network activity" connIndex=1 event=0 ip=198.41.200.53
2026-09-11T01:03:01Z WRN Connection terminated error="there are no free edge addresses left to resolve to" connIndex=1
2026-09-11T01:03:26Z INF Tunnel connection curve preferences: [X25519MLKEM768 CurveP256] connIndex=1 event=0 ip=198.41.200.53
2026-09-11T01:03:40Z ERR failed to accept incoming stream requests error="failed to accept QUIC stream: timeout: no recent network activity" connIndex=1 event=0 ip=198.41.200.53
2026-09-11T01:03:40Z ERR failed to run the datagram handler error="context canceled" connIndex=1 event=0 ip=198.41.200.53
2026-09-11T01:03:40Z WRN failed to serve tunnel connection error="control stream encountered a failure while serving" connIndex=1 event=0 ip=198.41.200.53
2026-09-11T01:03:40Z WRN Serve tunnel error error="control stream encountered a failure while serving" connIndex=1 event=0 ip=198.41.200.53
2026-09-11T01:03:40Z INF Retrying connection in up to 16s connIndex=1 event=0 ip=198.41.200.53
2026-09-11T01:03:48Z WRN Connection terminated error="control stream encountered a failure while serving" connIndex=1
2026-09-11T01:04:13Z INF Tunnel connection curve preferences: [X25519MLKEM768 CurveP256] connIndex=1 event=0 ip=198.41.200.53
2026-09-11T01:04:15Z ERR Failed to refresh DNS local resolver error="ParseAddr(\"\"): unable to parse IP"
2026-09-11T01:04:18Z ERR failed to run the datagram handler error="context canceled" connIndex=1 event=0 ip=198.41.200.53
2026-09-11T01:04:18Z WRN failed to serve tunnel connection error="control stream encountered a failure while serving" connIndex=1 event=0 ip=198.41.200.53
2026-09-11T01:04:18Z WRN Serve tunnel error error="control stream encountered a failure while serving" connIndex=1 event=0 ip=198.41.200.53
2026-09-11T01:04:18Z INF Retrying connection in up to 32s connIndex=1 event=0 ip=198.41.200.53
2026-09-11T01:04:39Z WRN Connection terminated error="control stream encountered a failure while serving" connIndex=1
2026-09-11T01:08:53Z INF Tunnel connection curve preferences: [X25519MLKEM768 CurveP256] connIndex=1 event=0 ip=198.41.200.53
2026-09-11T01:08:58Z INF Registered tunnel connection connIndex=1 connection=288800cc-1823-4211-affd-6da91083718d event=0 ip=198.41.200.53 location=sjc08 protocol=quic
2026-09-11T01:09:04Z ERR failed to accept incoming stream requests error="failed to accept QUIC stream: timeout: no recent network activity" connIndex=1 event=0 ip=198.41.200.53
2026-09-11T01:09:04Z ERR failed to run the datagram handler error="timeout: no recent network activity" connIndex=1 event=0 ip=198.41.200.53
2026-09-11T01:09:04Z WRN failed to serve tunnel connection error="accept stream listener encountered a failure while serving" connIndex=1 event=0 ip=198.41.200.53
2026-09-11T01:09:04Z WRN Serve tunnel error error="accept stream listener encountered a failure while serving" connIndex=1 event=0 ip=198.41.200.53
2026-09-11T01:09:04Z INF Retrying connection in up to 1s connIndex=1 event=0 ip=198.41.200.53
2026-09-11T01:09:04Z WRN Connection terminated error="accept stream listener encountered a failure while serving" connIndex=1
2026-09-11T01:09:15Z ERR Failed to refresh DNS local resolver error="ParseAddr(\"\"): unable to parse IP"
2026-09-11T01:14:11Z INF Tunnel connection curve preferences: [X25519MLKEM768 CurveP256] connIndex=1 event=0 ip=198.41.200.53
2026-09-11T01:14:15Z ERR Failed to refresh DNS local resolver error="ParseAddr(\"\"): unable to parse IP"
2026-09-11T01:14:17Z ERR failed to run the datagram handler error="timeout: no recent network activity" connIndex=1 event=0 ip=198.41.200.53
2026-09-11T01:14:17Z ERR failed to accept incoming stream requests error="failed to accept QUIC stream: timeout: no recent network activity" connIndex=1 event=0 ip=198.41.200.53
2026-09-11T01:14:17Z WRN failed to serve tunnel connection error="control stream encountered a failure while serving" connIndex=1 event=0 ip=198.41.200.53
2026-09-11T01:14:17Z WRN Serve tunnel error error="control stream encountered a failure while serving" connIndex=1 event=0 ip=198.41.200.53
2026-09-11T01:14:17Z INF Retrying connection in up to 4s connIndex=1 event=0 ip=198.41.200.53
2026-09-11T01:14:19Z WRN Connection terminated error="control stream encountered a failure while serving" connIndex=1
2026-09-11T01:15:32Z INF Tunnel connection curve preferences: [X25519MLKEM768 CurveP256] connIndex=1 event=0 ip=198.41.200.53
2026-09-11T01:15:39Z ERR failed to run the datagram handler error="context canceled" connIndex=1 event=0 ip=198.41.200.53
2026-09-11T01:15:39Z WRN failed to serve tunnel connection error="control stream encountered a failure while serving" connIndex=1 event=0 ip=198.41.200.53
2026-09-11T01:15:39Z WRN Serve tunnel error error="control stream encountered a failure while serving" connIndex=1 event=0 ip=198.41.200.53
2026-09-11T01:15:39Z INF Retrying connection in up to 8s connIndex=1 event=0 ip=198.41.200.53
2026-09-11T01:15:43Z WRN Connection terminated error="control stream encountered a failure while serving" connIndex=1
2026-09-11T01:16:13Z INF Tunnel connection curve preferences: [X25519MLKEM768 CurveP256] connIndex=1 event=0 ip=198.41.200.53
2026-09-11T01:16:29Z ERR failed to run the datagram handler error="context canceled" connIndex=1 event=0 ip=198.41.200.53
2026-09-11T01:16:29Z WRN failed to serve tunnel connection error="control stream encountered a failure while serving" connIndex=1 event=0 ip=198.41.200.53
2026-09-11T01:16:29Z WRN Serve tunnel error error="control stream encountered a failure while serving" connIndex=1 event=0 ip=198.41.200.53
2026-09-11T01:16:29Z INF Retrying connection in up to 16s connIndex=1 event=0 ip=198.41.200.53
2026-09-11T01:16:44Z WRN Connection terminated error="control stream encountered a failure while serving" connIndex=1
2026-09-11T01:18:13Z INF Tunnel connection curve preferences: [X25519MLKEM768 CurveP256] connIndex=1 event=0 ip=198.41.200.53
2026-09-11T01:18:23Z ERR failed to run the datagram handler error="context canceled" connIndex=1 event=0 ip=198.41.200.53
2026-09-11T01:18:23Z WRN failed to serve tunnel connection error="control stream encountered a failure while serving" connIndex=1 event=0 ip=198.41.200.53
2026-09-11T01:18:23Z WRN Serve tunnel error error="control stream encountered a failure while serving" connIndex=1 event=0 ip=198.41.200.53
2026-09-11T01:18:23Z INF Retrying connection in up to 32s connIndex=1 event=0 ip=198.41.200.53
2026-09-11T01:18:31Z WRN Connection terminated error="control stream encountered a failure while serving" connIndex=1
2026-09-11T01:19:15Z ERR Failed to refresh DNS local resolver error="ParseAddr(\"\"): unable to parse IP"
2026-09-11T01:20:01Z INF Tunnel connection curve preferences: [X25519MLKEM768 CurveP256] connIndex=1 event=0 ip=198.41.200.53
2026-09-11T01:20:02Z INF Registered tunnel connection connIndex=1 connection=e8ab4651-1554-4d63-91d4-ba8818fb2f60 event=0 ip=198.41.200.53 location=sjc10 protocol=quic
2026-09-11T01:20:25Z ERR failed to accept incoming stream requests error="failed to accept QUIC stream: timeout: no recent network activity" connIndex=1 event=0 ip=198.41.200.53
2026-09-11T01:20:25Z ERR failed to run the datagram handler error="timeout: no recent network activity" connIndex=1 event=0 ip=198.41.200.53
2026-09-11T01:20:25Z WRN failed to serve tunnel connection error="accept stream listener encountered a failure while serving" connIndex=1 event=0 ip=198.41.200.53
2026-09-11T01:20:25Z WRN Serve tunnel error error="accept stream listener encountered a failure while serving" connIndex=1 event=0 ip=198.41.200.53
2026-09-11T01:20:25Z INF Retrying connection in up to 1s connIndex=1 event=0 ip=198.41.200.53
2026-09-11T01:20:26Z WRN Connection terminated error="accept stream listener encountered a failure while serving" connIndex=1
2026-09-11T01:22:29Z INF Tunnel connection curve preferences: [X25519MLKEM768 CurveP256] connIndex=1 event=0 ip=198.41.200.53
2026-09-11T01:22:35Z ERR failed to run the datagram handler error="context canceled" connIndex=1 event=0 ip=198.41.200.53
2026-09-11T01:22:35Z WRN failed to serve tunnel connection error="control stream encountered a failure while serving" connIndex=1 event=0 ip=198.41.200.53
2026-09-11T01:22:35Z WRN Serve tunnel error error="control stream encountered a failure while serving" connIndex=1 event=0 ip=198.41.200.53
2026-09-11T01:22:35Z INF Retrying connection in up to 4s connIndex=1 event=0 ip=198.41.200.53
2026-09-11T01:22:39Z WRN Connection terminated error="control stream encountered a failure while serving" connIndex=1
2026-09-11T01:24:15Z ERR Failed to refresh DNS local resolver error="ParseAddr(\"\"): unable to parse IP"
2026-09-11T01:26:38Z INF Tunnel connection curve preferences: [X25519MLKEM768 CurveP256] connIndex=1 event=0 ip=198.41.200.53
2026-09-11T01:26:43Z WRN Failed to dial a quic connection error="failed to dial to edge with quic: timeout: no recent network activity" connIndex=1 event=0 ip=198.41.200.53
2026-09-11T01:26:43Z WRN Connection terminated error="there are no free edge addresses left to resolve to" connIndex=1
2026-09-11T01:29:15Z ERR Failed to refresh DNS local resolver error="ParseAddr(\"\"): unable to parse IP"
2026-09-11T01:29:25Z INF Tunnel connection curve preferences: [X25519MLKEM768 CurveP256] connIndex=1 event=0 ip=198.41.200.53
2026-09-11T01:29:33Z WRN Failed to dial a quic connection error="failed to dial to edge with quic: timeout: no recent network activity" connIndex=1 event=0 ip=198.41.200.53
2026-09-11T01:29:33Z WRN Connection terminated error="there are no free edge addresses left to resolve to" connIndex=1
2026-09-11T01:33:07Z INF Tunnel connection curve preferences: [X25519MLKEM768 CurveP256] connIndex=1 event=0 ip=198.41.200.53
2026-09-11T01:33:17Z WRN Failed to dial a quic connection error="failed to dial to edge with quic: timeout: handshake did not complete in time" connIndex=1 event=0 ip=198.41.200.53
2026-09-11T01:33:17Z WRN Connection terminated error="there are no free edge addresses left to resolve to" connIndex=1
2026-09-11T01:34:15Z ERR Failed to refresh DNS local resolver error="ParseAddr(\"\"): unable to parse IP"
2026-09-11T01:34:50Z INF Tunnel connection curve preferences: [X25519MLKEM768 CurveP256] connIndex=1 event=0 ip=198.41.200.53
2026-09-11T01:34:55Z INF Registered tunnel connection connIndex=1 connection=e5b5ae2d-ecc9-4a90-8c33-73dc0ab1d6e2 event=0 ip=198.41.200.53 location=sjc11 protocol=quic
2026-09-11T01:35:36Z ERR failed to run the datagram handler error="timeout: no recent network activity" connIndex=1 event=0 ip=198.41.200.53
2026-09-11T01:35:36Z ERR failed to accept incoming stream requests error="failed to accept QUIC stream: timeout: no recent network activity" connIndex=1 event=0 ip=198.41.200.53
2026-09-11T01:35:36Z WRN failed to serve tunnel connection error="datagram manager encountered a failure while serving" connIndex=1 event=0 ip=198.41.200.53
2026-09-11T01:35:36Z WRN Serve tunnel error error="datagram manager encountered a failure while serving" connIndex=1 event=0 ip=198.41.200.53
2026-09-11T01:35:36Z INF Retrying connection in up to 1s connIndex=1 event=0 ip=198.41.200.53
2026-09-11T01:35:37Z WRN Connection terminated error="datagram manager encountered a failure while serving" connIndex=1
2026-09-11T01:36:17Z INF Tunnel connection curve preferences: [X25519MLKEM768 CurveP256] connIndex=1 event=0 ip=198.41.200.53
2026-09-11T01:36:40Z ERR failed to accept incoming stream requests error="failed to accept QUIC stream: timeout: no recent network activity" connIndex=1 event=0 ip=198.41.200.53
2026-09-11T01:36:40Z ERR failed to run the datagram handler error="timeout: no recent network activity" connIndex=1 event=0 ip=198.41.200.53
2026-09-11T01:36:40Z WRN failed to serve tunnel connection error="control stream encountered a failure while serving" connIndex=1 event=0 ip=198.41.200.53
2026-09-11T01:36:40Z WRN Serve tunnel error error="control stream encountered a failure while serving" connIndex=1 event=0 ip=198.41.200.53
2026-09-11T01:36:40Z INF Retrying connection in up to 4s connIndex=1 event=0 ip=198.41.200.53
2026-09-11T01:36:41Z WRN Connection terminated error="control stream encountered a failure while serving" connIndex=1
2026-09-11T01:37:15Z INF Tunnel connection curve preferences: [X25519MLKEM768 CurveP256] connIndex=1 event=0 ip=198.41.200.53
2026-09-11T01:37:18Z INF Registered tunnel connection connIndex=1 connection=926b0e77-6dc9-453d-bccf-e3a7a3305970 event=0 ip=198.41.200.53 location=sjc11 protocol=quic
2026-09-11T01:37:27Z ERR failed to accept incoming stream requests error="failed to accept QUIC stream: timeout: no recent network activity" connIndex=1 event=0 ip=198.41.200.53
2026-09-11T01:37:27Z ERR failed to run the datagram handler error="timeout: no recent network activity" connIndex=1 event=0 ip=198.41.200.53
2026-09-11T01:37:27Z WRN failed to serve tunnel connection error="accept stream listener encountered a failure while serving" connIndex=1 event=0 ip=198.41.200.53
2026-09-11T01:37:27Z WRN Serve tunnel error error="accept stream listener encountered a failure while serving" connIndex=1 event=0 ip=198.41.200.53
2026-09-11T01:37:27Z INF Retrying connection in up to 1s connIndex=1 event=0 ip=198.41.200.53
2026-09-11T01:37:28Z WRN Connection terminated error="accept stream listener encountered a failure while serving" connIndex=1
2026-09-11T01:38:17Z INF Tunnel connection curve preferences: [X25519MLKEM768 CurveP256] connIndex=1 event=0 ip=198.41.200.53
2026-09-11T01:38:20Z INF Registered tunnel connection connIndex=1 connection=513ae099-05b5-4bc0-912a-c25a7ee9e86a event=0 ip=198.41.200.53 location=sjc11 protocol=quic
2026-09-11T01:38:30Z ERR failed to accept incoming stream requests error="failed to accept QUIC stream: timeout: no recent network activity" connIndex=1 event=0 ip=198.41.200.53
2026-09-11T01:38:30Z ERR failed to run the datagram handler error="timeout: no recent network activity" connIndex=1 event=0 ip=198.41.200.53
2026-09-11T01:38:30Z WRN failed to serve tunnel connection error="accept stream listener encountered a failure while serving" connIndex=1 event=0 ip=198.41.200.53
2026-09-11T01:38:30Z WRN Serve tunnel error error="accept stream listener encountered a failure while serving" connIndex=1 event=0 ip=198.41.200.53
2026-09-11T01:38:30Z INF Retrying connection in up to 1s connIndex=1 event=0 ip=198.41.200.53
2026-09-11T01:38:30Z WRN Connection terminated error="accept stream listener encountered a failure while serving" connIndex=1
2026-09-11T01:39:15Z ERR Failed to refresh DNS local resolver error="ParseAddr(\"\"): unable to parse IP"
2026-09-11T01:42:08Z INF Tunnel connection curve preferences: [X25519MLKEM768 CurveP256] connIndex=1 event=0 ip=198.41.200.53
2026-09-11T01:42:17Z WRN Failed to dial a quic connection error="failed to dial to edge with quic: timeout: no recent network activity" connIndex=1 event=0 ip=198.41.200.53
2026-09-11T01:42:17Z WRN Connection terminated error="there are no free edge addresses left to resolve to" connIndex=1
2026-09-11T01:44:15Z ERR Failed to refresh DNS local resolver error="ParseAddr(\"\"): unable to parse IP"
2026-09-11T01:44:45Z INF Tunnel connection curve preferences: [X25519MLKEM768 CurveP256] connIndex=1 event=0 ip=198.41.200.53
2026-09-11T01:44:54Z ERR failed to accept incoming stream requests error="failed to accept QUIC stream: timeout: no recent network activity" connIndex=1 event=0 ip=198.41.200.53
2026-09-11T01:44:54Z ERR failed to run the datagram handler error="timeout: no recent network activity" connIndex=1 event=0 ip=198.41.200.53
2026-09-11T01:44:54Z WRN failed to serve tunnel connection error="control stream encountered a failure while serving" connIndex=1 event=0 ip=198.41.200.53
2026-09-11T01:44:54Z WRN Serve tunnel error error="control stream encountered a failure while serving" connIndex=1 event=0 ip=198.41.200.53
2026-09-11T01:44:54Z INF Retrying connection in up to 4s connIndex=1 event=0 ip=198.41.200.53
2026-09-11T01:44:56Z WRN Connection terminated error="control stream encountered a failure while serving" connIndex=1
2026-09-11T01:47:38Z INF Tunnel connection curve preferences: [X25519MLKEM768 CurveP256] connIndex=1 event=0 ip=198.41.200.53
2026-09-11T01:47:48Z WRN Failed to dial a quic connection error="failed to dial to edge with quic: timeout: handshake did not complete in time" connIndex=1 event=0 ip=198.41.200.53
2026-09-11T01:47:48Z WRN Connection terminated error="there are no free edge addresses left to resolve to" connIndex=1
2026-09-11T01:49:15Z ERR Failed to refresh DNS local resolver error="ParseAddr(\"\"): unable to parse IP"
2026-09-11T01:51:21Z INF Tunnel connection curve preferences: [X25519MLKEM768 CurveP256] connIndex=1 event=0 ip=198.41.200.53
2026-09-11T01:51:26Z WRN Failed to dial a quic connection error="failed to dial to edge with quic: timeout: no recent network activity" connIndex=1 event=0 ip=198.41.200.53
2026-09-11T01:51:26Z WRN Connection terminated error="there are no free edge addresses left to resolve to" connIndex=1
2026-09-11T01:54:15Z ERR Failed to refresh DNS local resolver error="ParseAddr(\"\"): unable to parse IP"
2026-09-11T01:56:20Z INF Tunnel connection curve preferences: [X25519MLKEM768 CurveP256] connIndex=1 event=0 ip=198.41.200.53
2026-09-11T01:56:46Z ERR failed to run the datagram handler error="timeout: no recent network activity" connIndex=1 event=0 ip=198.41.200.53
2026-09-11T01:56:46Z ERR failed to accept incoming stream requests error="failed to accept QUIC stream: timeout: no recent network activity" connIndex=1 event=0 ip=198.41.200.53
2026-09-11T01:56:46Z WRN failed to serve tunnel connection error="control stream encountered a failure while serving" connIndex=1 event=0 ip=198.41.200.53
2026-09-11T01:56:46Z WRN Serve tunnel error error="control stream encountered a failure while serving" connIndex=1 event=0 ip=198.41.200.53
2026-09-11T01:56:46Z INF Retrying connection in up to 8s connIndex=1 event=0 ip=198.41.200.53
2026-09-11T01:56:46Z WRN Connection terminated error="control stream encountered a failure while serving" connIndex=1
2026-09-11T01:57:04Z INF Tunnel connection curve preferences: [X25519MLKEM768 CurveP256] connIndex=1 event=0 ip=198.41.200.53
2026-09-11T01:57:08Z INF Registered tunnel connection connIndex=1 connection=e1f53c1f-b737-4621-abb0-5ac74783a8a7 event=0 ip=198.41.200.53 location=sjc05 protocol=quic
2026-09-11T01:57:22Z ERR failed to accept incoming stream requests error="failed to accept QUIC stream: timeout: no recent network activity" connIndex=1 event=0 ip=198.41.200.53
2026-09-11T01:57:22Z ERR failed to run the datagram handler error="timeout: no recent network activity" connIndex=1 event=0 ip=198.41.200.53
2026-09-11T01:57:22Z WRN failed to serve tunnel connection error="accept stream listener encountered a failure while serving" connIndex=1 event=0 ip=198.41.200.53
2026-09-11T01:57:22Z WRN Serve tunnel error error="accept stream listener encountered a failure while serving" connIndex=1 event=0 ip=198.41.200.53
2026-09-11T01:57:22Z INF Retrying connection in up to 1s connIndex=1 event=0 ip=198.41.200.53
2026-09-11T01:57:22Z WRN Connection terminated error="accept stream listener encountered a failure while serving" connIndex=1
2026-09-11T01:57:58Z INF Tunnel connection curve preferences: [X25519MLKEM768 CurveP256] connIndex=1 event=0 ip=198.41.200.53
2026-09-11T01:58:03Z WRN Failed to dial a quic connection error="failed to dial to edge with quic: timeout: no recent network activity" connIndex=1 event=0 ip=198.41.200.53
2026-09-11T01:58:03Z WRN Connection terminated error="there are no free edge addresses left to resolve to" connIndex=1
2026-09-11T01:58:09Z INF Tunnel connection curve preferences: [X25519MLKEM768 CurveP256] connIndex=1 event=0 ip=198.41.200.53
2026-09-11T01:58:22Z ERR failed to run the datagram handler error="context canceled" connIndex=1 event=0 ip=198.41.200.53
2026-09-11T01:58:22Z WRN failed to serve tunnel connection error="control stream encountered a failure while serving" connIndex=1 event=0 ip=198.41.200.53
2026-09-11T01:58:22Z WRN Serve tunnel error error="control stream encountered a failure while serving" connIndex=1 event=0 ip=198.41.200.53
2026-09-11T01:58:22Z INF Retrying connection in up to 4s connIndex=1 event=0 ip=198.41.200.53
2026-09-11T01:58:25Z WRN Connection terminated error="control stream encountered a failure while serving" connIndex=1
2026-09-11T01:58:32Z INF Tunnel connection curve preferences: [X25519MLKEM768 CurveP256] connIndex=1 event=0 ip=198.41.200.53
2026-09-11T01:58:37Z WRN Failed to dial a quic connection error="failed to dial to edge with quic: timeout: no recent network activity" connIndex=1 event=0 ip=198.41.200.53
2026-09-11T01:58:37Z WRN Connection terminated error="there are no free edge addresses left to resolve to" connIndex=1
2026-09-11T01:58:54Z INF Tunnel connection curve preferences: [X25519MLKEM768 CurveP256] connIndex=1 event=0 ip=198.41.200.53
2026-09-11T01:59:13Z ERR failed to accept incoming stream requests error="failed to accept QUIC stream: timeout: no recent network activity" connIndex=1 event=0 ip=198.41.200.53
2026-09-11T01:59:13Z ERR failed to run the datagram handler error="context canceled" connIndex=1 event=0 ip=198.41.200.53
2026-09-11T01:59:13Z WRN failed to serve tunnel connection error="control stream encountered a failure while serving" connIndex=1 event=0 ip=198.41.200.53
2026-09-11T01:59:13Z WRN Serve tunnel error error="control stream encountered a failure while serving" connIndex=1 event=0 ip=198.41.200.53
2026-09-11T01:59:13Z INF Retrying connection in up to 8s connIndex=1 event=0 ip=198.41.200.53
2026-09-11T01:59:14Z WRN Connection terminated error="control stream encountered a failure while serving" connIndex=1
2026-09-11T01:59:15Z ERR Failed to refresh DNS local resolver error="ParseAddr(\"\"): unable to parse IP"
2026-09-11T01:59:48Z INF Tunnel connection curve preferences: [X25519MLKEM768 CurveP256] connIndex=1 event=0 ip=198.41.200.53
2026-09-11T01:59:51Z INF Registered tunnel connection connIndex=1 connection=42f891aa-02df-4d91-b723-7df0c8cab873 event=0 ip=198.41.200.53 location=sjc05 protocol=quic
2026-09-11T01:59:56Z ERR failed to accept incoming stream requests error="failed to accept QUIC stream: timeout: no recent network activity" connIndex=1 event=0 ip=198.41.200.53
2026-09-11T01:59:56Z ERR failed to run the datagram handler error="timeout: no recent network activity" connIndex=1 event=0 ip=198.41.200.53
2026-09-11T01:59:56Z WRN failed to serve tunnel connection error="accept stream listener encountered a failure while serving" connIndex=1 event=0 ip=198.41.200.53
2026-09-11T01:59:56Z WRN Serve tunnel error error="accept stream listener encountered a failure while serving" connIndex=1 event=0 ip=198.41.200.53
2026-09-11T01:59:56Z INF Retrying connection in up to 1s connIndex=1 event=0 ip=198.41.200.53
2026-09-11T01:59:57Z WRN Connection terminated error="accept stream listener encountered a failure while serving" connIndex=1
2026-09-11T02:03:21Z INF Tunnel connection curve preferences: [X25519MLKEM768 CurveP256] connIndex=1 event=0 ip=198.41.200.53
2026-09-11T02:03:34Z ERR failed to accept incoming stream requests error="failed to accept QUIC stream: timeout: no recent network activity" connIndex=1 event=0 ip=198.41.200.53
2026-09-11T02:03:34Z ERR failed to run the datagram handler error="context canceled" connIndex=1 event=0 ip=198.41.200.53
2026-09-11T02:03:34Z WRN failed to serve tunnel connection error="control stream encountered a failure while serving" connIndex=1 event=0 ip=198.41.200.53
2026-09-11T02:03:34Z WRN Serve tunnel error error="control stream encountered a failure while serving" connIndex=1 event=0 ip=198.41.200.53
2026-09-11T02:03:34Z INF Retrying connection in up to 4s connIndex=1 event=0 ip=198.41.200.53
2026-09-11T02:03:37Z WRN Connection terminated error="control stream encountered a failure while serving" connIndex=1
2026-09-11T02:04:15Z ERR Failed to refresh DNS local resolver error="ParseAddr(\"\"): unable to parse IP"
2026-09-11T02:05:51Z INF Tunnel connection curve preferences: [X25519MLKEM768 CurveP256] connIndex=1 event=0 ip=198.41.200.53
2026-09-11T02:06:00Z WRN Failed to dial a quic connection error="failed to dial to edge with quic: timeout: no recent network activity" connIndex=1 event=0 ip=198.41.200.53
2026-09-11T02:06:00Z WRN Connection terminated error="there are no free edge addresses left to resolve to" connIndex=1
2026-09-11T02:09:15Z ERR Failed to refresh DNS local resolver error="ParseAddr(\"\"): unable to parse IP"
2026-09-11T02:10:38Z INF Tunnel connection curve preferences: [X25519MLKEM768 CurveP256] connIndex=1 event=0 ip=198.41.200.53
2026-09-11T02:10:41Z INF Registered tunnel connection connIndex=1 connection=e1710c41-52e0-4b4b-bd9a-cb41798aea1f event=0 ip=198.41.200.53 location=sjc10 protocol=quic
2026-09-11T02:11:19Z ERR failed to accept incoming stream requests error="failed to accept QUIC stream: timeout: no recent network activity" connIndex=1 event=0 ip=198.41.200.53
2026-09-11T02:11:19Z ERR failed to run the datagram handler error="timeout: no recent network activity" connIndex=1 event=0 ip=198.41.200.53
2026-09-11T02:11:19Z WRN failed to serve tunnel connection error="accept stream listener encountered a failure while serving" connIndex=1 event=0 ip=198.41.200.53
2026-09-11T02:11:19Z WRN Serve tunnel error error="accept stream listener encountered a failure while serving" connIndex=1 event=0 ip=198.41.200.53
2026-09-11T02:11:19Z INF Retrying connection in up to 1s connIndex=1 event=0 ip=198.41.200.53
2026-09-11T02:11:19Z WRN Connection terminated error="accept stream listener encountered a failure while serving" connIndex=1
2026-09-11T02:13:05Z INF Tunnel connection curve preferences: [X25519MLKEM768 CurveP256] connIndex=1 event=0 ip=198.41.200.53
2026-09-11T02:13:12Z INF Registered tunnel connection connIndex=1 connection=9ddf34b1-6ee7-4b43-b8ff-4db335ef8761 event=0 ip=198.41.200.53 location=sjc08 protocol=quic
2026-09-11T02:13:18Z ERR failed to run the datagram handler error="timeout: no recent network activity" connIndex=1 event=0 ip=198.41.200.53
2026-09-11T02:13:18Z ERR failed to accept incoming stream requests error="failed to accept QUIC stream: timeout: no recent network activity" connIndex=1 event=0 ip=198.41.200.53
2026-09-11T02:13:18Z WRN failed to serve tunnel connection error="datagram manager encountered a failure while serving" connIndex=1 event=0 ip=198.41.200.53
2026-09-11T02:13:18Z WRN Serve tunnel error error="datagram manager encountered a failure while serving" connIndex=1 event=0 ip=198.41.200.53
2026-09-11T02:13:18Z INF Retrying connection in up to 1s connIndex=1 event=0 ip=198.41.200.53
2026-09-11T02:13:20Z WRN Connection terminated error="datagram manager encountered a failure while serving" connIndex=1
2026-09-11T02:14:15Z ERR Failed to refresh DNS local resolver error="ParseAddr(\"\"): unable to parse IP"
2026-09-11T02:15:48Z INF Tunnel connection curve preferences: [X25519MLKEM768 CurveP256] connIndex=1 event=0 ip=198.41.200.53
2026-09-11T02:15:54Z INF Registered tunnel connection connIndex=1 connection=156328f1-615c-404b-bdf0-b34eac65dbd1 event=0 ip=198.41.200.53 location=sjc07 protocol=quic
2026-09-11T02:16:01Z ERR failed to accept incoming stream requests error="failed to accept QUIC stream: timeout: no recent network activity" connIndex=1 event=0 ip=198.41.200.53
2026-09-11T02:16:01Z ERR failed to run the datagram handler error="timeout: no recent network activity" connIndex=1 event=0 ip=198.41.200.53
2026-09-11T02:16:01Z WRN failed to serve tunnel connection error="accept stream listener encountered a failure while serving" connIndex=1 event=0 ip=198.41.200.53
2026-09-11T02:16:01Z WRN Serve tunnel error error="accept stream listener encountered a failure while serving" connIndex=1 event=0 ip=198.41.200.53
2026-09-11T02:16:01Z INF Retrying connection in up to 1s connIndex=1 event=0 ip=198.41.200.53
2026-09-11T02:16:02Z WRN Connection terminated error="accept stream listener encountered a failure while serving" connIndex=1
2026-09-11T02:16:51Z INF Tunnel connection curve preferences: [X25519MLKEM768 CurveP256] connIndex=1 event=0 ip=198.41.200.53
2026-09-11T02:16:57Z ERR failed to run the datagram handler error="context canceled" connIndex=1 event=0 ip=198.41.200.53
2026-09-11T02:16:57Z WRN failed to serve tunnel connection error="control stream encountered a failure while serving" connIndex=1 event=0 ip=198.41.200.53
2026-09-11T02:16:57Z WRN Serve tunnel error error="control stream encountered a failure while serving" connIndex=1 event=0 ip=198.41.200.53
2026-09-11T02:16:57Z INF Retrying connection in up to 4s connIndex=1 event=0 ip=198.41.200.53
2026-09-11T02:16:58Z WRN Connection terminated error="control stream encountered a failure while serving" connIndex=1
2026-09-11T02:17:10Z INF Tunnel connection curve preferences: [X25519MLKEM768 CurveP256] connIndex=1 event=0 ip=198.41.200.53
2026-09-11T02:17:16Z ERR failed to run the datagram handler error="context canceled" connIndex=1 event=0 ip=198.41.200.53
2026-09-11T02:17:16Z WRN failed to serve tunnel connection error="control stream encountered a failure while serving" connIndex=1 event=0 ip=198.41.200.53
2026-09-11T02:17:16Z WRN Serve tunnel error error="control stream encountered a failure while serving" connIndex=1 event=0 ip=198.41.200.53
2026-09-11T02:17:16Z INF Retrying connection in up to 8s connIndex=1 event=0 ip=198.41.200.53
2026-09-11T02:17:18Z WRN Connection terminated error="control stream encountered a failure while serving" connIndex=1
2026-09-11T02:18:25Z INF Tunnel connection curve preferences: [X25519MLKEM768 CurveP256] connIndex=1 event=0 ip=198.41.200.53
2026-09-11T02:18:35Z WRN Failed to dial a quic connection error="failed to dial to edge with quic: timeout: handshake did not complete in time" connIndex=1 event=0 ip=198.41.200.53
2026-09-11T02:18:35Z WRN Connection terminated error="there are no free edge addresses left to resolve to" connIndex=1
2026-09-11T02:19:15Z ERR Failed to refresh DNS local resolver error="ParseAddr(\"\"): unable to parse IP"
2026-09-11T02:21:12Z INF Tunnel connection curve preferences: [X25519MLKEM768 CurveP256] connIndex=1 event=0 ip=198.41.200.53
2026-09-11T02:21:22Z INF Registered tunnel connection connIndex=1 connection=7a9d421d-f6e5-4e6a-9c94-6b49d04bf5c1 event=0 ip=198.41.200.53 location=sjc07 protocol=quic
2026-09-11T02:21:27Z ERR failed to run the datagram handler error="timeout: no recent network activity" connIndex=1 event=0 ip=198.41.200.53
2026-09-11T02:21:27Z ERR failed to accept incoming stream requests error="failed to accept QUIC stream: timeout: no recent network activity" connIndex=1 event=0 ip=198.41.200.53
2026-09-11T02:21:27Z WRN failed to serve tunnel connection error="datagram manager encountered a failure while serving" connIndex=1 event=0 ip=198.41.200.53
2026-09-11T02:21:27Z WRN Serve tunnel error error="datagram manager encountered a failure while serving" connIndex=1 event=0 ip=198.41.200.53
2026-09-11T02:21:27Z INF Retrying connection in up to 1s connIndex=1 event=0 ip=198.41.200.53
2026-09-11T02:21:28Z WRN Connection terminated error="datagram manager encountered a failure while serving" connIndex=1
2026-09-11T02:23:49Z INF Tunnel connection curve preferences: [X25519MLKEM768 CurveP256] connIndex=1 event=0 ip=198.41.200.53
2026-09-11T02:23:59Z WRN Failed to dial a quic connection error="failed to dial to edge with quic: timeout: handshake did not complete in time" connIndex=1 event=0 ip=198.41.200.53
2026-09-11T02:23:59Z WRN Connection terminated error="there are no free edge addresses left to resolve to" connIndex=1
2026-09-11T02:24:10Z INF Tunnel connection curve preferences: [X25519MLKEM768 CurveP256] connIndex=1 event=0 ip=198.41.200.53
2026-09-11T02:24:15Z ERR Failed to refresh DNS local resolver error="ParseAddr(\"\"): unable to parse IP"
2026-09-11T02:24:20Z ERR failed to accept incoming stream requests error="failed to accept QUIC stream: timeout: no recent network activity" connIndex=1 event=0 ip=198.41.200.53
2026-09-11T02:24:20Z ERR failed to run the datagram handler error="timeout: no recent network activity" connIndex=1 event=0 ip=198.41.200.53
2026-09-11T02:24:20Z WRN failed to serve tunnel connection error="control stream encountered a failure while serving" connIndex=1 event=0 ip=198.41.200.53
2026-09-11T02:24:20Z WRN Serve tunnel error error="control stream encountered a failure while serving" connIndex=1 event=0 ip=198.41.200.53
2026-09-11T02:24:20Z INF Retrying connection in up to 4s connIndex=1 event=0 ip=198.41.200.53
2026-09-11T02:24:23Z WRN Connection terminated error="control stream encountered a failure while serving" connIndex=1
2026-09-11T02:26:45Z INF Tunnel connection curve preferences: [X25519MLKEM768 CurveP256] connIndex=1 event=0 ip=198.41.200.53
2026-09-11T02:26:55Z WRN Failed to dial a quic connection error="failed to dial to edge with quic: timeout: handshake did not complete in time" connIndex=1 event=0 ip=198.41.200.53
2026-09-11T02:26:55Z WRN Connection terminated error="there are no free edge addresses left to resolve to" connIndex=1
2026-09-11T02:28:50Z INF Tunnel connection curve preferences: [X25519MLKEM768 CurveP256] connIndex=1 event=0 ip=198.41.200.53
2026-09-11T02:28:56Z ERR failed to run the datagram handler error="context canceled" connIndex=1 event=0 ip=198.41.200.53
2026-09-11T02:28:56Z WRN failed to serve tunnel connection error="control stream encountered a failure while serving" connIndex=1 event=0 ip=198.41.200.53
2026-09-11T02:28:56Z WRN Serve tunnel error error="control stream encountered a failure while serving" connIndex=1 event=0 ip=198.41.200.53
2026-09-11T02:28:56Z INF Retrying connection in up to 8s connIndex=1 event=0 ip=198.41.200.53
2026-09-11T02:28:58Z WRN Connection terminated error="control stream encountered a failure while serving" connIndex=1
2026-09-11T02:29:15Z ERR Failed to refresh DNS local resolver error="ParseAddr(\"\"): unable to parse IP"
2026-09-11T02:32:18Z INF Tunnel connection curve preferences: [X25519MLKEM768 CurveP256] connIndex=1 event=0 ip=198.41.200.53
2026-09-11T02:32:23Z WRN Failed to dial a quic connection error="failed to dial to edge with quic: timeout: no recent network activity" connIndex=1 event=0 ip=198.41.200.53
2026-09-11T02:32:23Z WRN Connection terminated error="there are no free edge addresses left to resolve to" connIndex=1
2026-09-11T02:34:02Z INF Tunnel connection curve preferences: [X25519MLKEM768 CurveP256] connIndex=1 event=0 ip=198.41.200.53
2026-09-11T02:34:10Z ERR failed to run the datagram handler error="context canceled" connIndex=1 event=0 ip=198.41.200.53
2026-09-11T02:34:10Z WRN failed to serve tunnel connection error="control stream encountered a failure while serving" connIndex=1 event=0 ip=198.41.200.53
2026-09-11T02:34:10Z WRN Serve tunnel error error="control stream encountered a failure while serving" connIndex=1 event=0 ip=198.41.200.53
2026-09-11T02:34:10Z INF Retrying connection in up to 16s connIndex=1 event=0 ip=198.41.200.53
2026-09-11T02:34:14Z WRN Connection terminated error="control stream encountered a failure while serving" connIndex=1
2026-09-11T02:34:15Z ERR Failed to refresh DNS local resolver error="ParseAddr(\"\"): unable to parse IP"
2026-09-11T02:34:25Z INF Tunnel connection curve preferences: [X25519MLKEM768 CurveP256] connIndex=1 event=0 ip=198.41.200.53
2026-09-11T02:34:35Z WRN Failed to dial a quic connection error="failed to dial to edge with quic: timeout: handshake did not complete in time" connIndex=1 event=0 ip=198.41.200.53
2026-09-11T02:34:35Z WRN Connection terminated error="there are no free edge addresses left to resolve to" connIndex=1
2026-09-11T02:34:37Z INF Tunnel connection curve preferences: [X25519MLKEM768 CurveP256] connIndex=1 event=0 ip=198.41.200.53
2026-09-11T02:34:43Z ERR failed to run the datagram handler error="context canceled" connIndex=1 event=0 ip=198.41.200.53
2026-09-11T02:34:43Z WRN failed to serve tunnel connection error="control stream encountered a failure while serving" connIndex=1 event=0 ip=198.41.200.53
2026-09-11T02:34:43Z WRN Serve tunnel error error="control stream encountered a failure while serving" connIndex=1 event=0 ip=198.41.200.53
2026-09-11T02:34:43Z INF Retrying connection in up to 32s connIndex=1 event=0 ip=198.41.200.53
2026-09-11T02:35:00Z WRN Connection terminated error="control stream encountered a failure while serving" connIndex=1
2026-09-11T02:35:28Z INF Tunnel connection curve preferences: [X25519MLKEM768 CurveP256] connIndex=1 event=0 ip=198.41.200.53
2026-09-11T02:35:35Z INF Registered tunnel connection connIndex=1 connection=130f98c9-2eb5-40fa-b5b2-3342bf9feabf event=0 ip=198.41.200.53 location=sjc08 protocol=quic
2026-09-11T02:35:59Z ERR failed to run the datagram handler error="timeout: no recent network activity" connIndex=1 event=0 ip=198.41.200.53
2026-09-11T02:35:59Z ERR failed to accept incoming stream requests error="failed to accept QUIC stream: timeout: no recent network activity" connIndex=1 event=0 ip=198.41.200.53
2026-09-11T02:35:59Z WRN failed to serve tunnel connection error="datagram manager encountered a failure while serving" connIndex=1 event=0 ip=198.41.200.53
2026-09-11T02:35:59Z WRN Serve tunnel error error="datagram manager encountered a failure while serving" connIndex=1 event=0 ip=198.41.200.53
2026-09-11T02:35:59Z INF Retrying connection in up to 1s connIndex=1 event=0 ip=198.41.200.53
2026-09-11T02:36:00Z WRN Connection terminated error="datagram manager encountered a failure while serving" connIndex=1
2026-09-11T02:36:10Z INF Tunnel connection curve preferences: [X25519MLKEM768 CurveP256] connIndex=1 event=0 ip=198.41.200.53
2026-09-11T02:36:15Z INF Registered tunnel connection connIndex=1 connection=29a951bb-64e6-4fc7-a678-237ca74f3f78 event=0 ip=198.41.200.53 location=sjc08 protocol=quic
2026-09-11T02:36:40Z ERR failed to accept incoming stream requests error="failed to accept QUIC stream: timeout: no recent network activity" connIndex=1 event=0 ip=198.41.200.53
2026-09-11T02:36:40Z ERR failed to run the datagram handler error="timeout: no recent network activity" connIndex=1 event=0 ip=198.41.200.53
2026-09-11T02:36:40Z WRN failed to serve tunnel connection error="accept stream listener encountered a failure while serving" connIndex=1 event=0 ip=198.41.200.53
2026-09-11T02:36:40Z WRN Serve tunnel error error="accept stream listener encountered a failure while serving" connIndex=1 event=0 ip=198.41.200.53
2026-09-11T02:36:40Z INF Retrying connection in up to 1s connIndex=1 event=0 ip=198.41.200.53
2026-09-11T02:36:42Z WRN Connection terminated error="accept stream listener encountered a failure while serving" connIndex=1
2026-09-11T02:36:44Z INF Tunnel connection curve preferences: [X25519MLKEM768 CurveP256] connIndex=1 event=0 ip=198.41.200.53
2026-09-11T02:36:49Z WRN Failed to dial a quic connection error="failed to dial to edge with quic: timeout: no recent network activity" connIndex=1 event=0 ip=198.41.200.53
2026-09-11T02:36:49Z WRN Connection terminated error="there are no free edge addresses left to resolve to" connIndex=1
2026-09-11T02:37:07Z INF Tunnel connection curve preferences: [X25519MLKEM768 CurveP256] connIndex=1 event=0 ip=198.41.200.53
2026-09-11T02:37:16Z WRN Failed to dial a quic connection error="failed to dial to edge with quic: timeout: no recent network activity" connIndex=1 event=0 ip=198.41.200.53
2026-09-11T02:37:16Z WRN Connection terminated error="there are no free edge addresses left to resolve to" connIndex=1
2026-09-11T02:37:30Z INF Tunnel connection curve preferences: [X25519MLKEM768 CurveP256] connIndex=1 event=0 ip=198.41.200.53
2026-09-11T02:37:35Z WRN Failed to dial a quic connection error="failed to dial to edge with quic: timeout: no recent network activity" connIndex=1 event=0 ip=198.41.200.53
2026-09-11T02:37:35Z WRN Connection terminated error="there are no free edge addresses left to resolve to" connIndex=1
2026-09-11T02:37:40Z INF Tunnel connection curve preferences: [X25519MLKEM768 CurveP256] connIndex=1 event=0 ip=198.41.200.53
2026-09-11T02:37:50Z WRN Failed to dial a quic connection error="failed to dial to edge with quic: timeout: handshake did not complete in time" connIndex=1 event=0 ip=198.41.200.53
2026-09-11T02:37:50Z WRN Connection terminated error="there are no free edge addresses left to resolve to" connIndex=1
2026-09-11T02:37:56Z INF Tunnel connection curve preferences: [X25519MLKEM768 CurveP256] connIndex=1 event=0 ip=198.41.200.53
2026-09-11T02:38:06Z ERR failed to run the datagram handler error="context canceled" connIndex=1 event=0 ip=198.41.200.53
2026-09-11T02:38:06Z WRN failed to serve tunnel connection error="control stream encountered a failure while serving" connIndex=1 event=0 ip=198.41.200.53
2026-09-11T02:38:06Z WRN Serve tunnel error error="control stream encountered a failure while serving" connIndex=1 event=0 ip=198.41.200.53
2026-09-11T02:38:06Z INF Retrying connection in up to 4s connIndex=1 event=0 ip=198.41.200.53
2026-09-11T02:38:06Z WRN Connection terminated error="control stream encountered a failure while serving" connIndex=1
2026-09-11T02:39:15Z ERR Failed to refresh DNS local resolver error="ParseAddr(\"\"): unable to parse IP"
2026-09-11T02:39:24Z INF Tunnel connection curve preferences: [X25519MLKEM768 CurveP256] connIndex=1 event=0 ip=198.41.200.53
2026-09-11T02:39:25Z INF Registered tunnel connection connIndex=1 connection=128ef9f9-0e82-45b9-ac86-1d8f0c72b975 event=0 ip=198.41.200.53 location=sjc11 protocol=quic
2026-09-11T02:39:34Z ERR failed to accept incoming stream requests error="failed to accept QUIC stream: timeout: no recent network activity" connIndex=1 event=0 ip=198.41.200.53
2026-09-11T02:39:34Z ERR failed to run the datagram handler error="timeout: no recent network activity" connIndex=1 event=0 ip=198.41.200.53
2026-09-11T02:39:34Z WRN failed to serve tunnel connection error="accept stream listener encountered a failure while serving" connIndex=1 event=0 ip=198.41.200.53
2026-09-11T02:39:34Z WRN Serve tunnel error error="accept stream listener encountered a failure while serving" connIndex=1 event=0 ip=198.41.200.53
2026-09-11T02:39:34Z INF Retrying connection in up to 1s connIndex=1 event=0 ip=198.41.200.53
2026-09-11T02:39:35Z WRN Connection terminated error="accept stream listener encountered a failure while serving" connIndex=1
2026-09-11T02:40:32Z INF Tunnel connection curve preferences: [X25519MLKEM768 CurveP256] connIndex=1 event=0 ip=198.41.200.53
2026-09-11T02:40:40Z WRN Failed to dial a quic connection error="failed to dial to edge with quic: timeout: no recent network activity" connIndex=1 event=0 ip=198.41.200.53
2026-09-11T02:40:40Z WRN Connection terminated error="there are no free edge addresses left to resolve to" connIndex=1
2026-09-11T02:41:43Z INF Tunnel connection curve preferences: [X25519MLKEM768 CurveP256] connIndex=1 event=0 ip=198.41.200.53
2026-09-11T02:41:52Z ERR failed to accept incoming stream requests error="failed to accept QUIC stream: timeout: no recent network activity" connIndex=1 event=0 ip=198.41.200.53
2026-09-11T02:41:52Z ERR failed to run the datagram handler error="timeout: no recent network activity" connIndex=1 event=0 ip=198.41.200.53
2026-09-11T02:41:52Z WRN failed to serve tunnel connection error="control stream encountered a failure while serving" connIndex=1 event=0 ip=198.41.200.53
2026-09-11T02:41:52Z WRN Serve tunnel error error="control stream encountered a failure while serving" connIndex=1 event=0 ip=198.41.200.53
2026-09-11T02:41:52Z INF Retrying connection in up to 4s connIndex=1 event=0 ip=198.41.200.53
2026-09-11T02:41:53Z WRN Connection terminated error="control stream encountered a failure while serving" connIndex=1
2026-09-11T02:44:15Z ERR Failed to refresh DNS local resolver error="ParseAddr(\"\"): unable to parse IP"
2026-09-11T02:46:03Z INF Tunnel connection curve preferences: [X25519MLKEM768 CurveP256] connIndex=1 event=0 ip=198.41.200.53
2026-09-11T02:46:07Z INF Registered tunnel connection connIndex=1 connection=191b1c54-23b1-4273-bd02-e18e1983b663 event=0 ip=198.41.200.53 location=sjc08 protocol=quic
2026-09-11T02:46:26Z ERR failed to accept incoming stream requests error="failed to accept QUIC stream: timeout: no recent network activity" connIndex=1 event=0 ip=198.41.200.53
2026-09-11T02:46:26Z ERR failed to run the datagram handler error="timeout: no recent network activity" connIndex=1 event=0 ip=198.41.200.53
2026-09-11T02:46:26Z WRN failed to serve tunnel connection error="accept stream listener encountered a failure while serving" connIndex=1 event=0 ip=198.41.200.53
2026-09-11T02:46:26Z WRN Serve tunnel error error="accept stream listener encountered a failure while serving" connIndex=1 event=0 ip=198.41.200.53
2026-09-11T02:46:26Z INF Retrying connection in up to 1s connIndex=1 event=0 ip=198.41.200.53
2026-09-11T02:46:26Z WRN Connection terminated error="accept stream listener encountered a failure while serving" connIndex=1
2026-09-11T02:48:44Z INF Tunnel connection curve preferences: [X25519MLKEM768 CurveP256] connIndex=1 event=0 ip=198.41.200.53
2026-09-11T02:48:53Z WRN Failed to dial a quic connection error="failed to dial to edge with quic: timeout: no recent network activity" connIndex=1 event=0 ip=198.41.200.53
2026-09-11T02:48:53Z WRN Connection terminated error="there are no free edge addresses left to resolve to" connIndex=1
2026-09-11T02:49:15Z ERR Failed to refresh DNS local resolver error="ParseAddr(\"\"): unable to parse IP"
2026-09-11T02:53:26Z INF Tunnel connection curve preferences: [X25519MLKEM768 CurveP256] connIndex=1 event=0 ip=198.41.200.53
2026-09-11T02:53:36Z WRN Failed to dial a quic connection error="failed to dial to edge with quic: timeout: handshake did not complete in time" connIndex=1 event=0 ip=198.41.200.53
2026-09-11T02:53:36Z WRN Connection terminated error="there are no free edge addresses left to resolve to" connIndex=1
2026-09-11T02:54:03Z INF Tunnel connection curve preferences: [X25519MLKEM768 CurveP256] connIndex=1 event=0 ip=198.41.200.53
2026-09-11T02:54:14Z ERR failed to run the datagram handler error="context canceled" connIndex=1 event=0 ip=198.41.200.53
2026-09-11T02:54:14Z WRN failed to serve tunnel connection error="control stream encountered a failure while serving" connIndex=1 event=0 ip=198.41.200.53
2026-09-11T02:54:14Z WRN Serve tunnel error error="control stream encountered a failure while serving" connIndex=1 event=0 ip=198.41.200.53
2026-09-11T02:54:14Z INF Retrying connection in up to 4s connIndex=1 event=0 ip=198.41.200.53
2026-09-11T02:54:15Z ERR Failed to refresh DNS local resolver error="ParseAddr(\"\"): unable to parse IP"
2026-09-11T02:54:15Z WRN Connection terminated error="control stream encountered a failure while serving" connIndex=1
2026-09-11T02:58:40Z INF Tunnel connection curve preferences: [X25519MLKEM768 CurveP256] connIndex=1 event=0 ip=198.41.200.53
2026-09-11T02:58:47Z ERR failed to run the datagram handler error="context canceled" connIndex=1 event=0 ip=198.41.200.53
2026-09-11T02:58:47Z WRN failed to serve tunnel connection error="control stream encountered a failure while serving" connIndex=1 event=0 ip=198.41.200.53
2026-09-11T02:58:47Z WRN Serve tunnel error error="control stream encountered a failure while serving" connIndex=1 event=0 ip=198.41.200.53
2026-09-11T02:58:47Z INF Retrying connection in up to 8s connIndex=1 event=0 ip=198.41.200.53
2026-09-11T02:58:52Z WRN Connection terminated error="control stream encountered a failure while serving" connIndex=1
2026-09-11T02:59:05Z INF Tunnel connection curve preferences: [X25519MLKEM768 CurveP256] connIndex=1 event=0 ip=198.41.200.53
2026-09-11T02:59:14Z WRN Failed to dial a quic connection error="failed to dial to edge with quic: timeout: no recent network activity" connIndex=1 event=0 ip=198.41.200.53
2026-09-11T02:59:14Z WRN Connection terminated error="there are no free edge addresses left to resolve to" connIndex=1
2026-09-11T02:59:15Z ERR Failed to refresh DNS local resolver error="ParseAddr(\"\"): unable to parse IP"
2026-09-11T02:59:34Z INF Tunnel connection curve preferences: [X25519MLKEM768 CurveP256] connIndex=1 event=0 ip=198.41.200.53
2026-09-11T02:59:39Z INF Registered tunnel connection connIndex=1 connection=435f7808-34c2-4af7-974b-b2209ceed24f event=0 ip=198.41.200.53 location=sjc05 protocol=quic
2026-09-11T03:00:04Z ERR failed to accept incoming stream requests error="failed to accept QUIC stream: timeout: no recent network activity" connIndex=1 event=0 ip=198.41.200.53
2026-09-11T03:00:04Z ERR failed to run the datagram handler error="timeout: no recent network activity" connIndex=1 event=0 ip=198.41.200.53
2026-09-11T03:00:04Z WRN failed to serve tunnel connection error="accept stream listener encountered a failure while serving" connIndex=1 event=0 ip=198.41.200.53
2026-09-11T03:00:04Z WRN Serve tunnel error error="accept stream listener encountered a failure while serving" connIndex=1 event=0 ip=198.41.200.53
2026-09-11T03:00:04Z INF Retrying connection in up to 1s connIndex=1 event=0 ip=198.41.200.53
2026-09-11T03:00:04Z WRN Connection terminated error="accept stream listener encountered a failure while serving" connIndex=1
2026-09-11T03:00:12Z INF Tunnel connection curve preferences: [X25519MLKEM768 CurveP256] connIndex=1 event=0 ip=198.41.200.53
2026-09-11T03:00:14Z INF Registered tunnel connection connIndex=1 connection=0a8aad47-b591-4f19-b88e-0ff38db92a9b event=0 ip=198.41.200.53 location=sjc05 protocol=quic
2026-09-11T03:00:28Z ERR failed to accept incoming stream requests error="failed to accept QUIC stream: timeout: no recent network activity" connIndex=1 event=0 ip=198.41.200.53
2026-09-11T03:00:28Z ERR failed to run the datagram handler error="timeout: no recent network activity" connIndex=1 event=0 ip=198.41.200.53
2026-09-11T03:00:28Z WRN failed to serve tunnel connection error="accept stream listener encountered a failure while serving" connIndex=1 event=0 ip=198.41.200.53
2026-09-11T03:00:28Z WRN Serve tunnel error error="accept stream listener encountered a failure while serving" connIndex=1 event=0 ip=198.41.200.53
2026-09-11T03:00:28Z INF Retrying connection in up to 1s connIndex=1 event=0 ip=198.41.200.53
2026-09-11T03:00:29Z WRN Connection terminated error="accept stream listener encountered a failure while serving" connIndex=1
2026-09-11T03:00:30Z INF Tunnel connection curve preferences: [X25519MLKEM768 CurveP256] connIndex=1 event=0 ip=198.41.200.53
2026-09-11T03:00:39Z INF Registered tunnel connection connIndex=1 connection=1cfdef36-e3bc-43e4-b610-ce2210dc125e event=0 ip=198.41.200.53 location=sjc05 protocol=quic
2026-09-11T03:01:48Z ERR failed to accept incoming stream requests error="failed to accept QUIC stream: timeout: no recent network activity" connIndex=1 event=0 ip=198.41.200.53
2026-09-11T03:01:48Z ERR failed to run the datagram handler error="timeout: no recent network activity" connIndex=1 event=0 ip=198.41.200.53
2026-09-11T03:01:48Z WRN failed to serve tunnel connection error="accept stream listener encountered a failure while serving" connIndex=1 event=0 ip=198.41.200.53
2026-09-11T03:01:48Z WRN Serve tunnel error error="accept stream listener encountered a failure while serving" connIndex=1 event=0 ip=198.41.200.53
2026-09-11T03:01:48Z INF Retrying connection in up to 1s connIndex=1 event=0 ip=198.41.200.53
2026-09-11T03:01:50Z WRN Connection terminated error="accept stream listener encountered a failure while serving" connIndex=1
2026-09-11T03:01:55Z INF Tunnel connection curve preferences: [X25519MLKEM768 CurveP256] connIndex=1 event=0 ip=198.41.200.53
2026-09-11T03:02:05Z ERR failed to accept incoming stream requests error="failed to accept QUIC stream: timeout: no recent network activity" connIndex=1 event=0 ip=198.41.200.53
2026-09-11T03:02:05Z ERR failed to run the datagram handler error="timeout: no recent network activity" connIndex=1 event=0 ip=198.41.200.53
2026-09-11T03:02:05Z WRN failed to serve tunnel connection error="control stream encountered a failure while serving" connIndex=1 event=0 ip=198.41.200.53
2026-09-11T03:02:05Z WRN Serve tunnel error error="control stream encountered a failure while serving" connIndex=1 event=0 ip=198.41.200.53
2026-09-11T03:02:05Z INF Retrying connection in up to 4s connIndex=1 event=0 ip=198.41.200.53
2026-09-11T03:02:09Z WRN Connection terminated error="control stream encountered a failure while serving" connIndex=1
2026-09-11T03:02:17Z INF Tunnel connection curve preferences: [X25519MLKEM768 CurveP256] connIndex=1 event=0 ip=198.41.200.53
2026-09-11T03:02:26Z WRN Failed to dial a quic connection error="failed to dial to edge with quic: timeout: no recent network activity" connIndex=1 event=0 ip=198.41.200.53
2026-09-11T03:02:26Z WRN Connection terminated error="there are no free edge addresses left to resolve to" connIndex=1
2026-09-11T03:02:27Z INF Tunnel connection curve preferences: [X25519MLKEM768 CurveP256] connIndex=1 event=0 ip=198.41.200.53
2026-09-11T03:02:41Z ERR failed to run the datagram handler error="context canceled" connIndex=1 event=0 ip=198.41.200.53
2026-09-11T03:02:41Z ERR failed to accept incoming stream requests error="failed to accept QUIC stream: timeout: no recent network activity" connIndex=1 event=0 ip=198.41.200.53
2026-09-11T03:02:41Z WRN failed to serve tunnel connection error="control stream encountered a failure while serving" connIndex=1 event=0 ip=198.41.200.53
2026-09-11T03:02:41Z WRN Serve tunnel error error="control stream encountered a failure while serving" connIndex=1 event=0 ip=198.41.200.53
2026-09-11T03:02:41Z INF Retrying connection in up to 8s connIndex=1 event=0 ip=198.41.200.53
2026-09-11T03:02:45Z WRN Connection terminated error="control stream encountered a failure while serving" connIndex=1
2026-09-11T03:04:15Z ERR Failed to refresh DNS local resolver error="ParseAddr(\"\"): unable to parse IP"
2026-09-11T03:05:16Z INF Tunnel connection curve preferences: [X25519MLKEM768 CurveP256] connIndex=1 event=0 ip=198.41.200.53
2026-09-11T03:05:26Z WRN Failed to dial a quic connection error="failed to dial to edge with quic: timeout: handshake did not complete in time" connIndex=1 event=0 ip=198.41.200.53
2026-09-11T03:05:26Z WRN Connection terminated error="there are no free edge addresses left to resolve to" connIndex=1
2026-09-11T03:09:02Z INF Tunnel connection curve preferences: [X25519MLKEM768 CurveP256] connIndex=1 event=0 ip=198.41.200.53
2026-09-11T03:09:10Z INF Registered tunnel connection connIndex=1 connection=ca45b6de-2306-48e7-9290-6772d291536f event=0 ip=198.41.200.53 location=sjc07 protocol=quic
2026-09-11T03:09:15Z ERR Failed to refresh DNS local resolver error="ParseAddr(\"\"): unable to parse IP"
2026-09-11T03:09:34Z ERR failed to accept incoming stream requests error="failed to accept QUIC stream: timeout: no recent network activity" connIndex=1 event=0 ip=198.41.200.53
2026-09-11T03:09:34Z ERR failed to run the datagram handler error="timeout: no recent network activity" connIndex=1 event=0 ip=198.41.200.53
2026-09-11T03:09:34Z WRN failed to serve tunnel connection error="accept stream listener encountered a failure while serving" connIndex=1 event=0 ip=198.41.200.53
2026-09-11T03:09:34Z WRN Serve tunnel error error="accept stream listener encountered a failure while serving" connIndex=1 event=0 ip=198.41.200.53
2026-09-11T03:09:34Z INF Retrying connection in up to 1s connIndex=1 event=0 ip=198.41.200.53
2026-09-11T03:09:35Z WRN Connection terminated error="accept stream listener encountered a failure while serving" connIndex=1
2026-09-11T03:14:15Z ERR Failed to refresh DNS local resolver error="ParseAddr(\"\"): unable to parse IP"
2026-09-11T03:14:31Z INF Tunnel connection curve preferences: [X25519MLKEM768 CurveP256] connIndex=1 event=0 ip=198.41.200.53
2026-09-11T03:14:52Z ERR failed to accept incoming stream requests error="failed to accept QUIC stream: timeout: no recent network activity" connIndex=1 event=0 ip=198.41.200.53
2026-09-11T03:14:52Z ERR failed to run the datagram handler error="context canceled" connIndex=1 event=0 ip=198.41.200.53
2026-09-11T03:14:52Z WRN failed to serve tunnel connection error="control stream encountered a failure while serving" connIndex=1 event=0 ip=198.41.200.53
2026-09-11T03:14:52Z WRN Serve tunnel error error="control stream encountered a failure while serving" connIndex=1 event=0 ip=198.41.200.53
2026-09-11T03:14:52Z INF Retrying connection in up to 4s connIndex=1 event=0 ip=198.41.200.53
2026-09-11T03:14:56Z WRN Connection terminated error="control stream encountered a failure while serving" connIndex=1
2026-09-11T03:15:15Z INF Tunnel connection curve preferences: [X25519MLKEM768 CurveP256] connIndex=1 event=0 ip=198.41.200.53
2026-09-11T03:15:16Z INF Registered tunnel connection connIndex=1 connection=41bd1a79-066b-48ee-b16e-99dbdd7447cd event=0 ip=198.41.200.53 location=sjc05 protocol=quic
2026-09-11T03:15:25Z ERR failed to accept incoming stream requests error="failed to accept QUIC stream: timeout: no recent network activity" connIndex=1 event=0 ip=198.41.200.53
2026-09-11T03:15:25Z ERR failed to run the datagram handler error="timeout: no recent network activity" connIndex=1 event=0 ip=198.41.200.53
2026-09-11T03:15:25Z WRN failed to serve tunnel connection error="accept stream listener encountered a failure while serving" connIndex=1 event=0 ip=198.41.200.53
2026-09-11T03:15:25Z WRN Serve tunnel error error="accept stream listener encountered a failure while serving" connIndex=1 event=0 ip=198.41.200.53
2026-09-11T03:15:25Z INF Retrying connection in up to 1s connIndex=1 event=0 ip=198.41.200.53
2026-09-11T03:15:26Z WRN Connection terminated error="accept stream listener encountered a failure while serving" connIndex=1
2026-09-11T03:15:41Z INF Tunnel connection curve preferences: [X25519MLKEM768 CurveP256] connIndex=1 event=0 ip=198.41.200.53
2026-09-11T03:15:48Z INF Registered tunnel connection connIndex=1 connection=3e2ca634-446a-4737-8619-8e1006fab9c2 event=0 ip=198.41.200.53 location=sjc05 protocol=quic
2026-09-11T03:16:12Z ERR failed to accept incoming stream requests error="failed to accept QUIC stream: timeout: no recent network activity" connIndex=1 event=0 ip=198.41.200.53
2026-09-11T03:16:12Z ERR failed to run the datagram handler error="timeout: no recent network activity" connIndex=1 event=0 ip=198.41.200.53
2026-09-11T03:16:12Z WRN failed to serve tunnel connection error="accept stream listener encountered a failure while serving" connIndex=1 event=0 ip=198.41.200.53
2026-09-11T03:16:12Z WRN Serve tunnel error error="accept stream listener encountered a failure while serving" connIndex=1 event=0 ip=198.41.200.53
2026-09-11T03:16:12Z INF Retrying connection in up to 1s connIndex=1 event=0 ip=198.41.200.53
2026-09-11T03:16:13Z WRN Connection terminated error="accept stream listener encountered a failure while serving" connIndex=1
2026-09-11T03:16:24Z INF Tunnel connection curve preferences: [X25519MLKEM768 CurveP256] connIndex=1 event=0 ip=198.41.200.53
2026-09-11T03:16:34Z WRN Failed to dial a quic connection error="failed to dial to edge with quic: timeout: handshake did not complete in time" connIndex=1 event=0 ip=198.41.200.53
2026-09-11T03:16:34Z WRN Connection terminated error="there are no free edge addresses left to resolve to" connIndex=1
2026-09-11T03:16:55Z INF Tunnel connection curve preferences: [X25519MLKEM768 CurveP256] connIndex=1 event=0 ip=198.41.200.53
2026-09-11T03:17:03Z WRN Failed to dial a quic connection error="failed to dial to edge with quic: timeout: no recent network activity" connIndex=1 event=0 ip=198.41.200.53
2026-09-11T03:17:03Z WRN Connection terminated error="there are no free edge addresses left to resolve to" connIndex=1
2026-09-11T03:17:32Z INF Tunnel connection curve preferences: [X25519MLKEM768 CurveP256] connIndex=1 event=0 ip=198.41.200.53
2026-09-11T03:17:42Z WRN Failed to dial a quic connection error="failed to dial to edge with quic: timeout: handshake did not complete in time" connIndex=1 event=0 ip=198.41.200.53
2026-09-11T03:17:42Z WRN Connection terminated error="there are no free edge addresses left to resolve to" connIndex=1
2026-09-11T03:18:20Z INF Tunnel connection curve preferences: [X25519MLKEM768 CurveP256] connIndex=1 event=0 ip=198.41.200.53
2026-09-11T03:18:28Z ERR failed to run the datagram handler error="context canceled" connIndex=1 event=0 ip=198.41.200.53
2026-09-11T03:18:28Z WRN failed to serve tunnel connection error="control stream encountered a failure while serving" connIndex=1 event=0 ip=198.41.200.53
2026-09-11T03:18:28Z WRN Serve tunnel error error="control stream encountered a failure while serving" connIndex=1 event=0 ip=198.41.200.53
2026-09-11T03:18:28Z INF Retrying connection in up to 4s connIndex=1 event=0 ip=198.41.200.53
2026-09-11T03:18:29Z WRN Connection terminated error="control stream encountered a failure while serving" connIndex=1
2026-09-11T03:19:15Z ERR Failed to refresh DNS local resolver error="ParseAddr(\"\"): unable to parse IP"
2026-09-11T03:19:38Z INF Tunnel connection curve preferences: [X25519MLKEM768 CurveP256] connIndex=1 event=0 ip=198.41.200.53
2026-09-11T03:19:46Z INF Registered tunnel connection connIndex=1 connection=acfd139a-69cd-4973-8a5e-f238cfec9cf2 event=0 ip=198.41.200.53 location=sjc05 protocol=quic
2026-09-11T03:19:54Z ERR failed to run the datagram handler error="timeout: no recent network activity" connIndex=1 event=0 ip=198.41.200.53
2026-09-11T03:19:54Z ERR failed to accept incoming stream requests error="failed to accept QUIC stream: timeout: no recent network activity" connIndex=1 event=0 ip=198.41.200.53
2026-09-11T03:19:54Z WRN failed to serve tunnel connection error="datagram manager encountered a failure while serving" connIndex=1 event=0 ip=198.41.200.53
2026-09-11T03:19:54Z WRN Serve tunnel error error="datagram manager encountered a failure while serving" connIndex=1 event=0 ip=198.41.200.53
2026-09-11T03:19:54Z INF Retrying connection in up to 1s connIndex=1 event=0 ip=198.41.200.53
2026-09-11T03:19:56Z WRN Connection terminated error="datagram manager encountered a failure while serving" connIndex=1
2026-09-11T03:23:11Z INF Tunnel connection curve preferences: [X25519MLKEM768 CurveP256] connIndex=1 event=0 ip=198.41.200.53
2026-09-11T03:23:17Z INF Registered tunnel connection connIndex=1 connection=f43c7daa-2a72-413d-932c-b2519c8d7141 event=0 ip=198.41.200.53 location=sjc11 protocol=quic
2026-09-11T03:23:35Z ERR failed to run the datagram handler error="timeout: no recent network activity" connIndex=1 event=0 ip=198.41.200.53
2026-09-11T03:23:35Z ERR failed to accept incoming stream requests error="failed to accept QUIC stream: timeout: no recent network activity" connIndex=1 event=0 ip=198.41.200.53
2026-09-11T03:23:35Z WRN failed to serve tunnel connection error="datagram manager encountered a failure while serving" connIndex=1 event=0 ip=198.41.200.53
2026-09-11T03:23:35Z WRN Serve tunnel error error="datagram manager encountered a failure while serving" connIndex=1 event=0 ip=198.41.200.53
2026-09-11T03:23:35Z INF Retrying connection in up to 1s connIndex=1 event=0 ip=198.41.200.53
2026-09-11T03:23:36Z WRN Connection terminated error="datagram manager encountered a failure while serving" connIndex=1
2026-09-11T03:24:15Z ERR Failed to refresh DNS local resolver error="ParseAddr(\"\"): unable to parse IP"
2026-09-11T03:24:26Z INF Tunnel connection curve preferences: [X25519MLKEM768 CurveP256] connIndex=1 event=0 ip=198.41.200.53
2026-09-11T03:24:31Z WRN Failed to dial a quic connection error="failed to dial to edge with quic: timeout: no recent network activity" connIndex=1 event=0 ip=198.41.200.53
2026-09-11T03:24:31Z WRN Connection terminated error="there are no free edge addresses left to resolve to" connIndex=1
2026-09-11T03:25:17Z INF Tunnel connection curve preferences: [X25519MLKEM768 CurveP256] connIndex=1 event=0 ip=198.41.200.53
2026-09-11T03:25:27Z WRN Failed to dial a quic connection error="failed to dial to edge with quic: timeout: handshake did not complete in time" connIndex=1 event=0 ip=198.41.200.53
2026-09-11T03:25:27Z WRN Connection terminated error="there are no free edge addresses left to resolve to" connIndex=1
2026-09-11T03:29:15Z ERR Failed to refresh DNS local resolver error="ParseAddr(\"\"): unable to parse IP"
2026-09-11T03:29:20Z INF Tunnel connection curve preferences: [X25519MLKEM768 CurveP256] connIndex=1 event=0 ip=198.41.200.53
2026-09-11T03:29:28Z WRN Failed to dial a quic connection error="failed to dial to edge with quic: timeout: no recent network activity" connIndex=1 event=0 ip=198.41.200.53
2026-09-11T03:29:28Z WRN Connection terminated error="there are no free edge addresses left to resolve to" connIndex=1
2026-09-11T03:33:39Z INF Tunnel connection curve preferences: [X25519MLKEM768 CurveP256] connIndex=1 event=0 ip=198.41.200.53
2026-09-11T03:33:47Z WRN Failed to dial a quic connection error="failed to dial to edge with quic: timeout: no recent network activity" connIndex=1 event=0 ip=198.41.200.53
2026-09-11T03:33:47Z WRN Connection terminated error="there are no free edge addresses left to resolve to" connIndex=1
2026-09-11T03:33:59Z INF Tunnel connection curve preferences: [X25519MLKEM768 CurveP256] connIndex=1 event=0 ip=198.41.200.53
2026-09-11T03:34:05Z ERR failed to run the datagram handler error="context canceled" connIndex=1 event=0 ip=198.41.200.53
2026-09-11T03:34:05Z WRN failed to serve tunnel connection error="control stream encountered a failure while serving" connIndex=1 event=0 ip=198.41.200.53
2026-09-11T03:34:05Z WRN Serve tunnel error error="control stream encountered a failure while serving" connIndex=1 event=0 ip=198.41.200.53
2026-09-11T03:34:05Z INF Retrying connection in up to 4s connIndex=1 event=0 ip=198.41.200.53
2026-09-11T03:34:07Z WRN Connection terminated error="control stream encountered a failure while serving" connIndex=1
2026-09-11T03:34:15Z ERR Failed to refresh DNS local resolver error="ParseAddr(\"\"): unable to parse IP"
2026-09-11T03:38:20Z INF Tunnel connection curve preferences: [X25519MLKEM768 CurveP256] connIndex=1 event=0 ip=198.41.200.53
2026-09-11T03:38:25Z WRN Failed to dial a quic connection error="failed to dial to edge with quic: timeout: no recent network activity" connIndex=1 event=0 ip=198.41.200.53
2026-09-11T03:38:25Z WRN Connection terminated error="there are no free edge addresses left to resolve to" connIndex=1
2026-09-11T03:38:45Z INF Tunnel connection curve preferences: [X25519MLKEM768 CurveP256] connIndex=1 event=0 ip=198.41.200.53
2026-09-11T03:38:55Z WRN Failed to dial a quic connection error="failed to dial to edge with quic: timeout: handshake did not complete in time" connIndex=1 event=0 ip=198.41.200.53
2026-09-11T03:38:55Z WRN Connection terminated error="there are no free edge addresses left to resolve to" connIndex=1
2026-09-11T03:39:15Z ERR Failed to refresh DNS local resolver error="ParseAddr(\"\"): unable to parse IP"
2026-09-11T03:39:34Z INF Tunnel connection curve preferences: [X25519MLKEM768 CurveP256] connIndex=1 event=0 ip=198.41.200.53
2026-09-11T03:39:40Z WRN Failed to dial a quic connection error="failed to dial to edge with quic: timeout: no recent network activity" connIndex=1 event=0 ip=198.41.200.53
2026-09-11T03:39:40Z WRN Connection terminated error="there are no free edge addresses left to resolve to" connIndex=1
2026-09-11T03:40:33Z INF Tunnel connection curve preferences: [X25519MLKEM768 CurveP256] connIndex=1 event=0 ip=198.41.200.53
2026-09-11T03:40:41Z ERR failed to run the datagram handler error="timeout: no recent network activity" connIndex=1 event=0 ip=198.41.200.53
2026-09-11T03:40:41Z ERR failed to accept incoming stream requests error="failed to accept QUIC stream: timeout: no recent network activity" connIndex=1 event=0 ip=198.41.200.53
2026-09-11T03:40:41Z WRN failed to serve tunnel connection error="control stream encountered a failure while serving" connIndex=1 event=0 ip=198.41.200.53
2026-09-11T03:40:41Z WRN Serve tunnel error error="control stream encountered a failure while serving" connIndex=1 event=0 ip=198.41.200.53
2026-09-11T03:40:41Z INF Retrying connection in up to 8s connIndex=1 event=0 ip=198.41.200.53
2026-09-11T03:40:47Z WRN Connection terminated error="control stream encountered a failure while serving" connIndex=1
2026-09-11T03:43:05Z INF Tunnel connection curve preferences: [X25519MLKEM768 CurveP256] connIndex=1 event=0 ip=198.41.200.53
2026-09-11T03:43:13Z INF Registered tunnel connection connIndex=1 connection=b4cf61b4-cfb2-4039-9466-2b3ca8f5c70d event=0 ip=198.41.200.53 location=sjc11 protocol=quic
2026-09-11T03:43:26Z ERR failed to accept incoming stream requests error="failed to accept QUIC stream: timeout: no recent network activity" connIndex=1 event=0 ip=198.41.200.53
2026-09-11T03:43:26Z ERR failed to run the datagram handler error="timeout: no recent network activity" connIndex=1 event=0 ip=198.41.200.53
2026-09-11T03:43:26Z WRN failed to serve tunnel connection error="accept stream listener encountered a failure while serving" connIndex=1 event=0 ip=198.41.200.53
2026-09-11T03:43:26Z WRN Serve tunnel error error="accept stream listener encountered a failure while serving" connIndex=1 event=0 ip=198.41.200.53
2026-09-11T03:43:26Z INF Retrying connection in up to 1s connIndex=1 event=0 ip=198.41.200.53
2026-09-11T03:43:27Z WRN Connection terminated error="accept stream listener encountered a failure while serving" connIndex=1
2026-09-11T03:44:15Z ERR Failed to refresh DNS local resolver error="ParseAddr(\"\"): unable to parse IP"
2026-09-11T03:48:14Z INF Tunnel connection curve preferences: [X25519MLKEM768 CurveP256] connIndex=1 event=0 ip=198.41.200.53
2026-09-11T03:48:24Z WRN Failed to dial a quic connection error="failed to dial to edge with quic: timeout: handshake did not complete in time" connIndex=1 event=0 ip=198.41.200.53
2026-09-11T03:48:24Z WRN Connection terminated error="there are no free edge addresses left to resolve to" connIndex=1
2026-09-11T03:48:36Z INF Tunnel connection curve preferences: [X25519MLKEM768 CurveP256] connIndex=1 event=0 ip=198.41.200.53
2026-09-11T03:48:46Z WRN Failed to dial a quic connection error="failed to dial to edge with quic: timeout: handshake did not complete in time" connIndex=1 event=0 ip=198.41.200.53
2026-09-11T03:48:46Z WRN Connection terminated error="there are no free edge addresses left to resolve to" connIndex=1
2026-09-11T03:48:53Z INF Tunnel connection curve preferences: [X25519MLKEM768 CurveP256] connIndex=1 event=0 ip=198.41.200.53
2026-09-11T03:49:07Z ERR failed to run the datagram handler error="context canceled" connIndex=1 event=0 ip=198.41.200.53
2026-09-11T03:49:07Z WRN failed to serve tunnel connection error="control stream encountered a failure while serving" connIndex=1 event=0 ip=198.41.200.53
2026-09-11T03:49:07Z WRN Serve tunnel error error="control stream encountered a failure while serving" connIndex=1 event=0 ip=198.41.200.53
2026-09-11T03:49:07Z INF Retrying connection in up to 4s connIndex=1 event=0 ip=198.41.200.53
2026-09-11T03:49:08Z WRN Connection terminated error="control stream encountered a failure while serving" connIndex=1
2026-09-11T03:49:15Z ERR Failed to refresh DNS local resolver error="ParseAddr(\"\"): unable to parse IP"
2026-09-11T03:49:31Z INF Tunnel connection curve preferences: [X25519MLKEM768 CurveP256] connIndex=1 event=0 ip=198.41.200.53
2026-09-11T03:49:39Z ERR failed to run the datagram handler error="context canceled" connIndex=1 event=0 ip=198.41.200.53
2026-09-11T03:49:39Z WRN failed to serve tunnel connection error="control stream encountered a failure while serving" connIndex=1 event=0 ip=198.41.200.53
2026-09-11T03:49:39Z WRN Serve tunnel error error="control stream encountered a failure while serving" connIndex=1 event=0 ip=198.41.200.53
2026-09-11T03:49:39Z INF Retrying connection in up to 8s connIndex=1 event=0 ip=198.41.200.53
2026-09-11T03:49:42Z WRN Connection terminated error="control stream encountered a failure while serving" connIndex=1
2026-09-11T03:51:28Z INF Tunnel connection curve preferences: [X25519MLKEM768 CurveP256] connIndex=1 event=0 ip=198.41.200.53
2026-09-11T03:51:40Z ERR failed to accept incoming stream requests error="failed to accept QUIC stream: timeout: no recent network activity" connIndex=1 event=0 ip=198.41.200.53
2026-09-11T03:51:40Z ERR failed to run the datagram handler error="context canceled" connIndex=1 event=0 ip=198.41.200.53
2026-09-11T03:51:40Z WRN failed to serve tunnel connection error="control stream encountered a failure while serving" connIndex=1 event=0 ip=198.41.200.53
2026-09-11T03:51:40Z WRN Serve tunnel error error="control stream encountered a failure while serving" connIndex=1 event=0 ip=198.41.200.53
2026-09-11T03:51:40Z INF Retrying connection in up to 16s connIndex=1 event=0 ip=198.41.200.53
2026-09-11T03:51:44Z WRN Connection terminated error="control stream encountered a failure while serving" connIndex=1
2026-09-11T03:52:24Z INF Tunnel connection curve preferences: [X25519MLKEM768 CurveP256] connIndex=1 event=0 ip=198.41.200.53
2026-09-11T03:52:33Z WRN Failed to dial a quic connection error="failed to dial to edge with quic: timeout: no recent network activity" connIndex=1 event=0 ip=198.41.200.53
2026-09-11T03:52:33Z WRN Connection terminated error="there are no free edge addresses left to resolve to" connIndex=1
2026-09-11T03:54:15Z ERR Failed to refresh DNS local resolver error="ParseAddr(\"\"): unable to parse IP"
2026-09-11T03:56:21Z INF Tunnel connection curve preferences: [X25519MLKEM768 CurveP256] connIndex=1 event=0 ip=198.41.200.53
2026-09-11T03:56:31Z ERR failed to accept incoming stream requests error="failed to accept QUIC stream: timeout: no recent network activity" connIndex=1 event=0 ip=198.41.200.53
2026-09-11T03:56:31Z ERR failed to run the datagram handler error="context canceled" connIndex=1 event=0 ip=198.41.200.53
2026-09-11T03:56:31Z WRN failed to serve tunnel connection error="control stream encountered a failure while serving" connIndex=1 event=0 ip=198.41.200.53
2026-09-11T03:56:31Z WRN Serve tunnel error error="control stream encountered a failure while serving" connIndex=1 event=0 ip=198.41.200.53
2026-09-11T03:56:31Z INF Retrying connection in up to 32s connIndex=1 event=0 ip=198.41.200.53
2026-09-11T03:57:00Z WRN Connection terminated error="control stream encountered a failure while serving" connIndex=1
2026-09-11T03:58:52Z INF Tunnel connection curve preferences: [X25519MLKEM768 CurveP256] connIndex=1 event=0 ip=198.41.200.53
2026-09-11T03:59:02Z WRN Failed to dial a quic connection error="failed to dial to edge with quic: timeout: handshake did not complete in time" connIndex=1 event=0 ip=198.41.200.53
2026-09-11T03:59:02Z WRN Connection terminated error="there are no free edge addresses left to resolve to" connIndex=1
2026-09-11T03:59:09Z INF Tunnel connection curve preferences: [X25519MLKEM768 CurveP256] connIndex=1 event=0 ip=198.41.200.53
2026-09-11T03:59:15Z ERR Failed to refresh DNS local resolver error="ParseAddr(\"\"): unable to parse IP"
2026-09-11T03:59:15Z ERR failed to run the datagram handler error="context canceled" connIndex=1 event=0 ip=198.41.200.53
2026-09-11T03:59:15Z WRN failed to serve tunnel connection error="control stream encountered a failure while serving" connIndex=1 event=0 ip=198.41.200.53
2026-09-11T03:59:15Z WRN Serve tunnel error error="control stream encountered a failure while serving" connIndex=1 event=0 ip=198.41.200.53
2026-09-11T03:59:15Z INF Retrying connection in up to 1m4s connIndex=1 event=0 ip=198.41.200.53
2026-09-11T03:59:25Z WRN Connection terminated error="control stream encountered a failure while serving" connIndex=1
2026-09-11T04:03:47Z INF Tunnel connection curve preferences: [X25519MLKEM768 CurveP256] connIndex=1 event=0 ip=198.41.200.53
2026-09-11T04:04:00Z INF Registered tunnel connection connIndex=1 connection=2f73e027-0bea-411b-ba4a-03f21b812e88 event=0 ip=198.41.200.53 location=sjc07 protocol=quic
2026-09-11T04:04:15Z ERR Failed to refresh DNS local resolver error="ParseAddr(\"\"): unable to parse IP"
2026-09-11T04:04:28Z ERR failed to accept incoming stream requests error="failed to accept QUIC stream: timeout: no recent network activity" connIndex=1 event=0 ip=198.41.200.53
2026-09-11T04:04:28Z ERR failed to run the datagram handler error="timeout: no recent network activity" connIndex=1 event=0 ip=198.41.200.53
2026-09-11T04:04:28Z WRN failed to serve tunnel connection error="accept stream listener encountered a failure while serving" connIndex=1 event=0 ip=198.41.200.53
2026-09-11T04:04:28Z WRN Serve tunnel error error="accept stream listener encountered a failure while serving" connIndex=1 event=0 ip=198.41.200.53
2026-09-11T04:04:28Z INF Retrying connection in up to 1s connIndex=1 event=0 ip=198.41.200.53
2026-09-11T04:04:30Z WRN Connection terminated error="accept stream listener encountered a failure while serving" connIndex=1
2026-09-11T04:07:17Z INF Tunnel connection curve preferences: [X25519MLKEM768 CurveP256] connIndex=1 event=0 ip=198.41.200.53
2026-09-11T04:07:27Z WRN Failed to dial a quic connection error="failed to dial to edge with quic: timeout: handshake did not complete in time" connIndex=1 event=0 ip=198.41.200.53
2026-09-11T04:07:27Z WRN Connection terminated error="there are no free edge addresses left to resolve to" connIndex=1
2026-09-11T04:09:15Z ERR Failed to refresh DNS local resolver error="ParseAddr(\"\"): unable to parse IP"
2026-09-11T04:12:34Z INF Tunnel connection curve preferences: [X25519MLKEM768 CurveP256] connIndex=1 event=0 ip=198.41.200.53
2026-09-11T04:12:42Z ERR failed to run the datagram handler error="context canceled" connIndex=1 event=0 ip=198.41.200.53
2026-09-11T04:12:42Z WRN failed to serve tunnel connection error="control stream encountered a failure while serving" connIndex=1 event=0 ip=198.41.200.53
2026-09-11T04:12:42Z WRN Serve tunnel error error="control stream encountered a failure while serving" connIndex=1 event=0 ip=198.41.200.53
2026-09-11T04:12:42Z INF Retrying connection in up to 4s connIndex=1 event=0 ip=198.41.200.53
2026-09-11T04:12:43Z WRN Connection terminated error="control stream encountered a failure while serving" connIndex=1
2026-09-11T04:14:15Z ERR Failed to refresh DNS local resolver error="ParseAddr(\"\"): unable to parse IP"
2026-09-11T04:14:21Z INF Tunnel connection curve preferences: [X25519MLKEM768 CurveP256] connIndex=1 event=0 ip=198.41.200.53
2026-09-11T04:14:31Z WRN Failed to dial a quic connection error="failed to dial to edge with quic: timeout: handshake did not complete in time" connIndex=1 event=0 ip=198.41.200.53
2026-09-11T04:14:31Z WRN Connection terminated error="there are no free edge addresses left to resolve to" connIndex=1
2026-09-11T04:16:36Z INF Tunnel connection curve preferences: [X25519MLKEM768 CurveP256] connIndex=1 event=0 ip=198.41.200.53
2026-09-11T04:16:45Z ERR failed to accept incoming stream requests error="failed to accept QUIC stream: timeout: no recent network activity" connIndex=1 event=0 ip=198.41.200.53
2026-09-11T04:16:45Z ERR failed to run the datagram handler error="context canceled" connIndex=1 event=0 ip=198.41.200.53
2026-09-11T04:16:45Z WRN failed to serve tunnel connection error="control stream encountered a failure while serving" connIndex=1 event=0 ip=198.41.200.53
2026-09-11T04:16:45Z WRN Serve tunnel error error="control stream encountered a failure while serving" connIndex=1 event=0 ip=198.41.200.53
2026-09-11T04:16:45Z INF Retrying connection in up to 8s connIndex=1 event=0 ip=198.41.200.53
2026-09-11T04:16:50Z WRN Connection terminated error="control stream encountered a failure while serving" connIndex=1
2026-09-11T04:17:37Z INF Tunnel connection curve preferences: [X25519MLKEM768 CurveP256] connIndex=1 event=0 ip=198.41.200.53
2026-09-11T04:17:50Z ERR failed to run the datagram handler error="context canceled" connIndex=1 event=0 ip=198.41.200.53
2026-09-11T04:17:50Z WRN failed to serve tunnel connection error="control stream encountered a failure while serving" connIndex=1 event=0 ip=198.41.200.53
2026-09-11T04:17:50Z WRN Serve tunnel error error="control stream encountered a failure while serving" connIndex=1 event=0 ip=198.41.200.53
2026-09-11T04:17:50Z INF Retrying connection in up to 16s connIndex=1 event=0 ip=198.41.200.53
2026-09-11T04:17:56Z WRN Connection terminated error="control stream encountered a failure while serving" connIndex=1
2026-09-11T04:19:15Z ERR Failed to refresh DNS local resolver error="ParseAddr(\"\"): unable to parse IP"
2026-09-11T04:21:54Z INF Tunnel connection curve preferences: [X25519MLKEM768 CurveP256] connIndex=1 event=0 ip=198.41.200.53
2026-09-11T04:22:08Z ERR failed to run the datagram handler error="context canceled" connIndex=1 event=0 ip=198.41.200.53
2026-09-11T04:22:08Z WRN failed to serve tunnel connection error="control stream encountered a failure while serving" connIndex=1 event=0 ip=198.41.200.53
2026-09-11T04:22:08Z WRN Serve tunnel error error="control stream encountered a failure while serving" connIndex=1 event=0 ip=198.41.200.53
2026-09-11T04:22:08Z INF Retrying connection in up to 32s connIndex=1 event=0 ip=198.41.200.53
2026-09-11T04:22:09Z WRN Connection terminated error="control stream encountered a failure while serving" connIndex=1
2026-09-11T04:22:26Z INF Tunnel connection curve preferences: [X25519MLKEM768 CurveP256] connIndex=1 event=0 ip=198.41.200.53
2026-09-11T04:22:36Z WRN Failed to dial a quic connection error="failed to dial to edge with quic: timeout: handshake did not complete in time" connIndex=1 event=0 ip=198.41.200.53
2026-09-11T04:22:36Z WRN Connection terminated error="there are no free edge addresses left to resolve to" connIndex=1
2026-09-11T04:23:11Z INF Tunnel connection curve preferences: [X25519MLKEM768 CurveP256] connIndex=1 event=0 ip=198.41.200.53
2026-09-11T04:23:19Z WRN Failed to dial a quic connection error="failed to dial to edge with quic: timeout: no recent network activity" connIndex=1 event=0 ip=198.41.200.53
2026-09-11T04:23:19Z WRN Connection terminated error="there are no free edge addresses left to resolve to" connIndex=1
2026-09-11T04:23:45Z INF Tunnel connection curve preferences: [X25519MLKEM768 CurveP256] connIndex=1 event=0 ip=198.41.200.53
2026-09-11T04:23:50Z WRN Failed to dial a quic connection error="failed to dial to edge with quic: timeout: no recent network activity" connIndex=1 event=0 ip=198.41.200.53
2026-09-11T04:23:50Z WRN Connection terminated error="there are no free edge addresses left to resolve to" connIndex=1
2026-09-11T04:24:05Z INF Tunnel connection curve preferences: [X25519MLKEM768 CurveP256] connIndex=1 event=0 ip=198.41.200.53
2026-09-11T04:24:10Z WRN Failed to dial a quic connection error="failed to dial to edge with quic: timeout: no recent network activity" connIndex=1 event=0 ip=198.41.200.53
2026-09-11T04:24:10Z WRN Connection terminated error="there are no free edge addresses left to resolve to" connIndex=1
2026-09-11T04:24:15Z ERR Failed to refresh DNS local resolver error="ParseAddr(\"\"): unable to parse IP"
2026-09-11T04:25:02Z INF Tunnel connection curve preferences: [X25519MLKEM768 CurveP256] connIndex=1 event=0 ip=198.41.200.53
2026-09-11T04:25:12Z WRN Failed to dial a quic connection error="failed to dial to edge with quic: timeout: handshake did not complete in time" connIndex=1 event=0 ip=198.41.200.53
2026-09-11T04:25:12Z WRN Connection terminated error="there are no free edge addresses left to resolve to" connIndex=1
2026-09-11T04:27:47Z INF Tunnel connection curve preferences: [X25519MLKEM768 CurveP256] connIndex=1 event=0 ip=198.41.200.53
2026-09-11T04:27:58Z INF Registered tunnel connection connIndex=1 connection=d1929a12-e084-45c2-bed6-9cd4d8a12086 event=0 ip=198.41.200.53 location=sjc07 protocol=quic
2026-09-11T04:28:26Z ERR failed to accept incoming stream requests error="failed to accept QUIC stream: timeout: no recent network activity" connIndex=1 event=0 ip=198.41.200.53
2026-09-11T04:28:26Z ERR failed to run the datagram handler error="timeout: no recent network activity" connIndex=1 event=0 ip=198.41.200.53
2026-09-11T04:28:26Z WRN failed to serve tunnel connection error="accept stream listener encountered a failure while serving" connIndex=1 event=0 ip=198.41.200.53
2026-09-11T04:28:26Z WRN Serve tunnel error error="accept stream listener encountered a failure while serving" connIndex=1 event=0 ip=198.41.200.53
2026-09-11T04:28:26Z INF Retrying connection in up to 1s connIndex=1 event=0 ip=198.41.200.53
2026-09-11T04:28:27Z WRN Connection terminated error="accept stream listener encountered a failure while serving" connIndex=1
2026-09-11T04:28:27Z INF Tunnel connection curve preferences: [X25519MLKEM768 CurveP256] connIndex=1 event=0 ip=198.41.200.53
2026-09-11T04:28:37Z WRN Failed to dial a quic connection error="failed to dial to edge with quic: timeout: handshake did not complete in time" connIndex=1 event=0 ip=198.41.200.53
2026-09-11T04:28:37Z WRN Connection terminated error="there are no free edge addresses left to resolve to" connIndex=1
2026-09-11T04:28:45Z INF Tunnel connection curve preferences: [X25519MLKEM768 CurveP256] connIndex=1 event=0 ip=198.41.200.53
2026-09-11T04:28:47Z INF Registered tunnel connection connIndex=1 connection=4df6b1ee-f0f6-4d52-8f0b-bd5becdb1aaa event=0 ip=198.41.200.53 location=sjc07 protocol=quic
2026-09-11T04:29:13Z ERR failed to accept incoming stream requests error="failed to accept QUIC stream: timeout: no recent network activity" connIndex=1 event=0 ip=198.41.200.53
2026-09-11T04:29:13Z ERR failed to run the datagram handler error="timeout: no recent network activity" connIndex=1 event=0 ip=198.41.200.53
2026-09-11T04:29:13Z WRN failed to serve tunnel connection error="accept stream listener encountered a failure while serving" connIndex=1 event=0 ip=198.41.200.53
2026-09-11T04:29:13Z WRN Serve tunnel error error="accept stream listener encountered a failure while serving" connIndex=1 event=0 ip=198.41.200.53
2026-09-11T04:29:13Z INF Retrying connection in up to 1s connIndex=1 event=0 ip=198.41.200.53
2026-09-11T04:29:15Z ERR Failed to refresh DNS local resolver error="ParseAddr(\"\"): unable to parse IP"
2026-09-11T04:29:15Z WRN Connection terminated error="accept stream listener encountered a failure while serving" connIndex=1
2026-09-11T04:31:34Z INF Tunnel connection curve preferences: [X25519MLKEM768 CurveP256] connIndex=1 event=0 ip=198.41.200.53
2026-09-11T04:31:39Z ERR failed to run the datagram handler error="context canceled" connIndex=1 event=0 ip=198.41.200.53
2026-09-11T04:31:39Z WRN failed to serve tunnel connection error="control stream encountered a failure while serving" connIndex=1 event=0 ip=198.41.200.53
2026-09-11T04:31:39Z WRN Serve tunnel error error="control stream encountered a failure while serving" connIndex=1 event=0 ip=198.41.200.53
2026-09-11T04:31:39Z INF Retrying connection in up to 4s connIndex=1 event=0 ip=198.41.200.53
2026-09-11T04:31:43Z WRN Connection terminated error="control stream encountered a failure while serving" connIndex=1
2026-09-11T04:34:15Z ERR Failed to refresh DNS local resolver error="ParseAddr(\"\"): unable to parse IP"
2026-09-11T04:36:23Z INF Tunnel connection curve preferences: [X25519MLKEM768 CurveP256] connIndex=1 event=0 ip=198.41.200.53
2026-09-11T04:36:32Z ERR failed to accept incoming stream requests error="failed to accept QUIC stream: timeout: no recent network activity" connIndex=1 event=0 ip=198.41.200.53
2026-09-11T04:36:32Z ERR failed to run the datagram handler error="context canceled" connIndex=1 event=0 ip=198.41.200.53
2026-09-11T04:36:32Z WRN failed to serve tunnel connection error="control stream encountered a failure while serving" connIndex=1 event=0 ip=198.41.200.53
2026-09-11T04:36:32Z WRN Serve tunnel error error="control stream encountered a failure while serving" connIndex=1 event=0 ip=198.41.200.53
2026-09-11T04:36:32Z INF Retrying connection in up to 8s connIndex=1 event=0 ip=198.41.200.53
2026-09-11T04:36:35Z WRN Connection terminated error="control stream encountered a failure while serving" connIndex=1
2026-09-11T04:39:15Z ERR Failed to refresh DNS local resolver error="ParseAddr(\"\"): unable to parse IP"
2026-09-11T04:41:51Z INF Tunnel connection curve preferences: [X25519MLKEM768 CurveP256] connIndex=1 event=0 ip=198.41.200.53
2026-09-11T04:42:01Z WRN Failed to dial a quic connection error="failed to dial to edge with quic: timeout: handshake did not complete in time" connIndex=1 event=0 ip=198.41.200.53
2026-09-11T04:42:01Z WRN Connection terminated error="there are no free edge addresses left to resolve to" connIndex=1
2026-09-11T04:42:15Z INF Tunnel connection curve preferences: [X25519MLKEM768 CurveP256] connIndex=1 event=0 ip=198.41.200.53
2026-09-11T04:42:27Z ERR failed to run the datagram handler error="context canceled" connIndex=1 event=0 ip=198.41.200.53
2026-09-11T04:42:27Z WRN failed to serve tunnel connection error="control stream encountered a failure while serving" connIndex=1 event=0 ip=198.41.200.53
2026-09-11T04:42:27Z WRN Serve tunnel error error="control stream encountered a failure while serving" connIndex=1 event=0 ip=198.41.200.53
2026-09-11T04:42:27Z INF Retrying connection in up to 16s connIndex=1 event=0 ip=198.41.200.53
2026-09-11T04:42:32Z WRN Connection terminated error="control stream encountered a failure while serving" connIndex=1
2026-09-11T04:44:15Z ERR Failed to refresh DNS local resolver error="ParseAddr(\"\"): unable to parse IP"
2026-09-11T04:45:07Z INF Tunnel connection curve preferences: [X25519MLKEM768 CurveP256] connIndex=1 event=0 ip=198.41.200.53
2026-09-11T04:45:13Z ERR failed to run the datagram handler error="context canceled" connIndex=1 event=0 ip=198.41.200.53
2026-09-11T04:45:13Z ERR failed to accept incoming stream requests error="failed to accept QUIC stream: timeout: no recent network activity" connIndex=1 event=0 ip=198.41.200.53
2026-09-11T04:45:13Z WRN failed to serve tunnel connection error="control stream encountered a failure while serving" connIndex=1 event=0 ip=198.41.200.53
2026-09-11T04:45:13Z WRN Serve tunnel error error="control stream encountered a failure while serving" connIndex=1 event=0 ip=198.41.200.53
2026-09-11T04:45:13Z INF Retrying connection in up to 32s connIndex=1 event=0 ip=198.41.200.53
2026-09-11T04:45:21Z WRN Connection terminated error="control stream encountered a failure while serving" connIndex=1
2026-09-11T04:45:35Z INF Tunnel connection curve preferences: [X25519MLKEM768 CurveP256] connIndex=1 event=0 ip=198.41.200.53
2026-09-11T04:45:37Z INF Registered tunnel connection connIndex=1 connection=acdbd566-2186-40dc-9d84-0330de7426e4 event=0 ip=198.41.200.53 location=sjc05 protocol=quic
2026-09-11T04:45:46Z ERR failed to run the datagram handler error="timeout: no recent network activity" connIndex=1 event=0 ip=198.41.200.53
2026-09-11T04:45:46Z ERR failed to accept incoming stream requests error="failed to accept QUIC stream: timeout: no recent network activity" connIndex=1 event=0 ip=198.41.200.53
2026-09-11T04:45:46Z WRN failed to serve tunnel connection error="datagram manager encountered a failure while serving" connIndex=1 event=0 ip=198.41.200.53
2026-09-11T04:45:46Z WRN Serve tunnel error error="datagram manager encountered a failure while serving" connIndex=1 event=0 ip=198.41.200.53
2026-09-11T04:45:46Z INF Retrying connection in up to 1s connIndex=1 event=0 ip=198.41.200.53
2026-09-11T04:45:47Z WRN Connection terminated error="datagram manager encountered a failure while serving" connIndex=1
2026-09-11T04:46:14Z INF Tunnel connection curve preferences: [X25519MLKEM768 CurveP256] connIndex=1 event=0 ip=198.41.200.53
2026-09-11T04:46:19Z WRN Failed to dial a quic connection error="failed to dial to edge with quic: timeout: no recent network activity" connIndex=1 event=0 ip=198.41.200.53
2026-09-11T04:46:19Z WRN Connection terminated error="there are no free edge addresses left to resolve to" connIndex=1
2026-09-11T04:46:56Z INF Tunnel connection curve preferences: [X25519MLKEM768 CurveP256] connIndex=1 event=0 ip=198.41.200.53
2026-09-11T04:47:02Z ERR failed to run the datagram handler error="context canceled" connIndex=1 event=0 ip=198.41.200.53
2026-09-11T04:47:02Z ERR failed to accept incoming stream requests error="failed to accept QUIC stream: timeout: no recent network activity" connIndex=1 event=0 ip=198.41.200.53
2026-09-11T04:47:02Z WRN failed to serve tunnel connection error="control stream encountered a failure while serving" connIndex=1 event=0 ip=198.41.200.53
2026-09-11T04:47:02Z WRN Serve tunnel error error="control stream encountered a failure while serving" connIndex=1 event=0 ip=198.41.200.53
2026-09-11T04:47:02Z INF Retrying connection in up to 4s connIndex=1 event=0 ip=198.41.200.53
2026-09-11T04:47:05Z WRN Connection terminated error="control stream encountered a failure while serving" connIndex=1
2026-09-11T04:47:07Z INF Tunnel connection curve preferences: [X25519MLKEM768 CurveP256] connIndex=1 event=0 ip=198.41.200.53
2026-09-11T04:47:10Z INF Registered tunnel connection connIndex=1 connection=49a6f965-6c68-4939-a8da-7e1c24a4cac7 event=0 ip=198.41.200.53 location=sjc05 protocol=quic
2026-09-11T04:47:19Z ERR failed to accept incoming stream requests error="failed to accept QUIC stream: timeout: no recent network activity" connIndex=1 event=0 ip=198.41.200.53
2026-09-11T04:47:19Z ERR failed to run the datagram handler error="timeout: no recent network activity" connIndex=1 event=0 ip=198.41.200.53
2026-09-11T04:47:19Z WRN failed to serve tunnel connection error="accept stream listener encountered a failure while serving" connIndex=1 event=0 ip=198.41.200.53
2026-09-11T04:47:19Z WRN Serve tunnel error error="accept stream listener encountered a failure while serving" connIndex=1 event=0 ip=198.41.200.53
2026-09-11T04:47:19Z INF Retrying connection in up to 1s connIndex=1 event=0 ip=198.41.200.53
2026-09-11T04:47:21Z WRN Connection terminated error="accept stream listener encountered a failure while serving" connIndex=1
2026-09-11T04:47:26Z INF Tunnel connection curve preferences: [X25519MLKEM768 CurveP256] connIndex=1 event=0 ip=198.41.200.53
2026-09-11T04:47:35Z ERR failed to accept incoming stream requests error="failed to accept QUIC stream: timeout: no recent network activity" connIndex=1 event=0 ip=198.41.200.53
2026-09-11T04:47:35Z ERR failed to run the datagram handler error="context canceled" connIndex=1 event=0 ip=198.41.200.53
2026-09-11T04:47:35Z WRN failed to serve tunnel connection error="control stream encountered a failure while serving" connIndex=1 event=0 ip=198.41.200.53
2026-09-11T04:47:35Z WRN Serve tunnel error error="control stream encountered a failure while serving" connIndex=1 event=0 ip=198.41.200.53
2026-09-11T04:47:35Z INF Retrying connection in up to 4s connIndex=1 event=0 ip=198.41.200.53
2026-09-11T04:47:36Z WRN Connection terminated error="control stream encountered a failure while serving" connIndex=1
2026-09-11T04:48:41Z INF Tunnel connection curve preferences: [X25519MLKEM768 CurveP256] connIndex=1 event=0 ip=198.41.200.53
2026-09-11T04:48:47Z WRN Failed to dial a quic connection error="failed to dial to edge with quic: timeout: no recent network activity" connIndex=1 event=0 ip=198.41.200.53
2026-09-11T04:48:47Z WRN Connection terminated error="there are no free edge addresses left to resolve to" connIndex=1
2026-09-11T04:48:55Z INF Tunnel connection curve preferences: [X25519MLKEM768 CurveP256] connIndex=1 event=0 ip=198.41.200.53
2026-09-11T04:49:01Z INF Registered tunnel connection connIndex=1 connection=1b722458-9053-48a9-a11e-670660f9d2ce event=0 ip=198.41.200.53 location=sjc05 protocol=quic
2026-09-11T04:49:06Z ERR failed to accept incoming stream requests error="failed to accept QUIC stream: timeout: no recent network activity" connIndex=1 event=0 ip=198.41.200.53
2026-09-11T04:49:06Z ERR failed to run the datagram handler error="timeout: no recent network activity" connIndex=1 event=0 ip=198.41.200.53
2026-09-11T04:49:06Z WRN failed to serve tunnel connection error="accept stream listener encountered a failure while serving" connIndex=1 event=0 ip=198.41.200.53
2026-09-11T04:49:06Z WRN Serve tunnel error error="accept stream listener encountered a failure while serving" connIndex=1 event=0 ip=198.41.200.53
2026-09-11T04:49:06Z INF Retrying connection in up to 1s connIndex=1 event=0 ip=198.41.200.53
2026-09-11T04:49:07Z WRN Connection terminated error="accept stream listener encountered a failure while serving" connIndex=1
2026-09-11T04:49:10Z INF Tunnel connection curve preferences: [X25519MLKEM768 CurveP256] connIndex=1 event=0 ip=198.41.200.53
2026-09-11T04:49:15Z ERR Failed to refresh DNS local resolver error="ParseAddr(\"\"): unable to parse IP"
2026-09-11T04:49:17Z ERR failed to run the datagram handler error="context canceled" connIndex=1 event=0 ip=198.41.200.53
2026-09-11T04:49:17Z WRN failed to serve tunnel connection error="control stream encountered a failure while serving" connIndex=1 event=0 ip=198.41.200.53
2026-09-11T04:49:17Z WRN Serve tunnel error error="control stream encountered a failure while serving" connIndex=1 event=0 ip=198.41.200.53
2026-09-11T04:49:17Z INF Retrying connection in up to 4s connIndex=1 event=0 ip=198.41.200.53
2026-09-11T04:49:20Z WRN Connection terminated error="control stream encountered a failure while serving" connIndex=1
2026-09-11T04:50:14Z INF Tunnel connection curve preferences: [X25519MLKEM768 CurveP256] connIndex=1 event=0 ip=198.41.200.53
2026-09-11T04:50:20Z ERR failed to run the datagram handler error="context canceled" connIndex=1 event=0 ip=198.41.200.53
2026-09-11T04:50:20Z WRN failed to serve tunnel connection error="control stream encountered a failure while serving" connIndex=1 event=0 ip=198.41.200.53
2026-09-11T04:50:20Z WRN Serve tunnel error error="control stream encountered a failure while serving" connIndex=1 event=0 ip=198.41.200.53
2026-09-11T04:50:20Z INF Retrying connection in up to 8s connIndex=1 event=0 ip=198.41.200.53
2026-09-11T04:50:25Z WRN Connection terminated error="control stream encountered a failure while serving" connIndex=1
2026-09-11T04:50:34Z INF Tunnel connection curve preferences: [X25519MLKEM768 CurveP256] connIndex=1 event=0 ip=198.41.200.53
2026-09-11T04:50:38Z INF Registered tunnel connection connIndex=1 connection=ed33a532-b520-489a-b5ae-8fa8c1da67ee event=0 ip=198.41.200.53 location=sjc05 protocol=quic
2026-09-11T04:50:44Z ERR failed to accept incoming stream requests error="failed to accept QUIC stream: timeout: no recent network activity" connIndex=1 event=0 ip=198.41.200.53
2026-09-11T04:50:44Z ERR failed to run the datagram handler error="timeout: no recent network activity" connIndex=1 event=0 ip=198.41.200.53
2026-09-11T04:50:44Z WRN failed to serve tunnel connection error="accept stream listener encountered a failure while serving" connIndex=1 event=0 ip=198.41.200.53
2026-09-11T04:50:44Z WRN Serve tunnel error error="accept stream listener encountered a failure while serving" connIndex=1 event=0 ip=198.41.200.53
2026-09-11T04:50:44Z INF Retrying connection in up to 1s connIndex=1 event=0 ip=198.41.200.53
2026-09-11T04:50:46Z WRN Connection terminated error="accept stream listener encountered a failure while serving" connIndex=1
2026-09-11T04:50:54Z INF Tunnel connection curve preferences: [X25519MLKEM768 CurveP256] connIndex=1 event=0 ip=198.41.200.53
2026-09-11T04:50:58Z INF Registered tunnel connection connIndex=1 connection=2bd66470-e2ea-4dbb-aa47-b1712b3308ea event=0 ip=198.41.200.53 location=sjc05 protocol=quic
2026-09-11T04:51:03Z ERR failed to run the datagram handler error="timeout: no recent network activity" connIndex=1 event=0 ip=198.41.200.53
2026-09-11T04:51:03Z ERR failed to accept incoming stream requests error="failed to accept QUIC stream: timeout: no recent network activity" connIndex=1 event=0 ip=198.41.200.53
2026-09-11T04:51:03Z WRN failed to serve tunnel connection error="datagram manager encountered a failure while serving" connIndex=1 event=0 ip=198.41.200.53
2026-09-11T04:51:03Z WRN Serve tunnel error error="datagram manager encountered a failure while serving" connIndex=1 event=0 ip=198.41.200.53
2026-09-11T04:51:03Z INF Retrying connection in up to 1s connIndex=1 event=0 ip=198.41.200.53
2026-09-11T04:51:04Z WRN Connection terminated error="datagram manager encountered a failure while serving" connIndex=1
2026-09-11T04:51:12Z INF Tunnel connection curve preferences: [X25519MLKEM768 CurveP256] connIndex=1 event=0 ip=198.41.200.53
2026-09-11T04:51:18Z ERR failed to accept incoming stream requests error="failed to accept QUIC stream: timeout: no recent network activity" connIndex=1 event=0 ip=198.41.200.53
2026-09-11T04:51:18Z ERR failed to run the datagram handler error="timeout: no recent network activity" connIndex=1 event=0 ip=198.41.200.53
2026-09-11T04:51:18Z WRN failed to serve tunnel connection error="control stream encountered a failure while serving" connIndex=1 event=0 ip=198.41.200.53
2026-09-11T04:51:18Z WRN Serve tunnel error error="control stream encountered a failure while serving" connIndex=1 event=0 ip=198.41.200.53
2026-09-11T04:51:18Z INF Retrying connection in up to 4s connIndex=1 event=0 ip=198.41.200.53
2026-09-11T04:51:22Z WRN Connection terminated error="control stream encountered a failure while serving" connIndex=1
2026-09-11T04:51:39Z INF Tunnel connection curve preferences: [X25519MLKEM768 CurveP256] connIndex=1 event=0 ip=198.41.200.53
2026-09-11T04:51:52Z ERR failed to run the datagram handler error="context canceled" connIndex=1 event=0 ip=198.41.200.53
2026-09-11T04:51:52Z WRN failed to serve tunnel connection error="control stream encountered a failure while serving" connIndex=1 event=0 ip=198.41.200.53
2026-09-11T04:51:52Z WRN Serve tunnel error error="control stream encountered a failure while serving" connIndex=1 event=0 ip=198.41.200.53
2026-09-11T04:51:52Z INF Retrying connection in up to 8s connIndex=1 event=0 ip=198.41.200.53
2026-09-11T04:51:57Z WRN Connection terminated error="control stream encountered a failure while serving" connIndex=1
2026-09-11T04:52:00Z INF Tunnel connection curve preferences: [X25519MLKEM768 CurveP256] connIndex=1 event=0 ip=198.41.200.53
2026-09-11T04:52:09Z ERR failed to accept incoming stream requests error="failed to accept QUIC stream: timeout: no recent network activity" connIndex=1 event=0 ip=198.41.200.53
2026-09-11T04:52:09Z ERR failed to run the datagram handler error="context canceled" connIndex=1 event=0 ip=198.41.200.53
2026-09-11T04:52:09Z WRN failed to serve tunnel connection error="control stream encountered a failure while serving" connIndex=1 event=0 ip=198.41.200.53
2026-09-11T04:52:09Z WRN Serve tunnel error error="control stream encountered a failure while serving" connIndex=1 event=0 ip=198.41.200.53
2026-09-11T04:52:09Z INF Retrying connection in up to 16s connIndex=1 event=0 ip=198.41.200.53
2026-09-11T04:52:10Z WRN Connection terminated error="control stream encountered a failure while serving" connIndex=1
2026-09-11T04:52:24Z INF Tunnel connection curve preferences: [X25519MLKEM768 CurveP256] connIndex=1 event=0 ip=198.41.200.53
2026-09-11T04:52:29Z WRN Failed to dial a quic connection error="failed to dial to edge with quic: timeout: no recent network activity" connIndex=1 event=0 ip=198.41.200.53
2026-09-11T04:52:29Z WRN Connection terminated error="there are no free edge addresses left to resolve to" connIndex=1
2026-09-11T04:52:33Z INF Tunnel connection curve preferences: [X25519MLKEM768 CurveP256] connIndex=1 event=0 ip=198.41.200.53
2026-09-11T04:52:42Z INF Registered tunnel connection connIndex=1 connection=801a1972-59ca-4ca7-89ab-decbcb5693c7 event=0 ip=198.41.200.53 location=sjc05 protocol=quic
2026-09-11T04:52:54Z ERR failed to accept incoming stream requests error="failed to accept QUIC stream: timeout: no recent network activity" connIndex=1 event=0 ip=198.41.200.53
2026-09-11T04:52:54Z ERR failed to run the datagram handler error="timeout: no recent network activity" connIndex=1 event=0 ip=198.41.200.53
2026-09-11T04:52:54Z WRN failed to serve tunnel connection error="accept stream listener encountered a failure while serving" connIndex=1 event=0 ip=198.41.200.53
2026-09-11T04:52:54Z WRN Serve tunnel error error="accept stream listener encountered a failure while serving" connIndex=1 event=0 ip=198.41.200.53
2026-09-11T04:52:54Z INF Retrying connection in up to 1s connIndex=1 event=0 ip=198.41.200.53
2026-09-11T04:52:55Z WRN Connection terminated error="accept stream listener encountered a failure while serving" connIndex=1
2026-09-11T04:53:11Z INF Tunnel connection curve preferences: [X25519MLKEM768 CurveP256] connIndex=1 event=0 ip=198.41.200.53
2026-09-11T04:53:20Z ERR failed to run the datagram handler error="timeout: no recent network activity" connIndex=1 event=0 ip=198.41.200.53
2026-09-11T04:53:20Z ERR failed to accept incoming stream requests error="failed to accept QUIC stream: timeout: no recent network activity" connIndex=1 event=0 ip=198.41.200.53
2026-09-11T04:53:20Z WRN failed to serve tunnel connection error="control stream encountered a failure while serving" connIndex=1 event=0 ip=198.41.200.53
2026-09-11T04:53:20Z WRN Serve tunnel error error="control stream encountered a failure while serving" connIndex=1 event=0 ip=198.41.200.53
2026-09-11T04:53:20Z INF Retrying connection in up to 4s connIndex=1 event=0 ip=198.41.200.53
2026-09-11T04:53:21Z WRN Connection terminated error="control stream encountered a failure while serving" connIndex=1
2026-09-11T04:53:34Z INF Tunnel connection curve preferences: [X25519MLKEM768 CurveP256] connIndex=1 event=0 ip=198.41.200.53
2026-09-11T04:53:42Z WRN Failed to dial a quic connection error="failed to dial to edge with quic: timeout: no recent network activity" connIndex=1 event=0 ip=198.41.200.53
2026-09-11T04:53:42Z WRN Connection terminated error="there are no free edge addresses left to resolve to" connIndex=1
2026-09-11T04:53:54Z INF Tunnel connection curve preferences: [X25519MLKEM768 CurveP256] connIndex=1 event=0 ip=198.41.200.53
2026-09-11T04:54:00Z ERR failed to accept incoming stream requests error="failed to accept QUIC stream: timeout: no recent network activity" connIndex=1 event=0 ip=198.41.200.53
2026-09-11T04:54:00Z ERR failed to run the datagram handler error="timeout: no recent network activity" connIndex=1 event=0 ip=198.41.200.53
2026-09-11T04:54:00Z WRN failed to serve tunnel connection error="control stream encountered a failure while serving" connIndex=1 event=0 ip=198.41.200.53
2026-09-11T04:54:00Z WRN Serve tunnel error error="control stream encountered a failure while serving" connIndex=1 event=0 ip=198.41.200.53
2026-09-11T04:54:00Z INF Retrying connection in up to 8s connIndex=1 event=0 ip=198.41.200.53
2026-09-11T04:54:05Z WRN Connection terminated error="control stream encountered a failure while serving" connIndex=1
2026-09-11T04:54:15Z ERR Failed to refresh DNS local resolver error="ParseAddr(\"\"): unable to parse IP"
2026-09-11T04:55:03Z INF Tunnel connection curve preferences: [X25519MLKEM768 CurveP256] connIndex=1 event=0 ip=198.41.200.53
2026-09-11T04:55:13Z WRN Failed to dial a quic connection error="failed to dial to edge with quic: timeout: handshake did not complete in time" connIndex=1 event=0 ip=198.41.200.53
2026-09-11T04:55:13Z WRN Connection terminated error="there are no free edge addresses left to resolve to" connIndex=1
2026-09-11T04:59:15Z ERR Failed to refresh DNS local resolver error="ParseAddr(\"\"): unable to parse IP"
2026-09-11T04:59:41Z INF Tunnel connection curve preferences: [X25519MLKEM768 CurveP256] connIndex=1 event=0 ip=198.41.200.53
2026-09-11T04:59:51Z WRN Failed to dial a quic connection error="failed to dial to edge with quic: timeout: handshake did not complete in time" connIndex=1 event=0 ip=198.41.200.53
2026-09-11T04:59:51Z WRN Connection terminated error="there are no free edge addresses left to resolve to" connIndex=1
2026-09-11T05:02:00Z INF Tunnel connection curve preferences: [X25519MLKEM768 CurveP256] connIndex=1 event=0 ip=198.41.200.53
2026-09-11T05:02:07Z ERR failed to run the datagram handler error="timeout: no recent network activity" connIndex=1 event=0 ip=198.41.200.53
2026-09-11T05:02:07Z ERR failed to accept incoming stream requests error="failed to accept QUIC stream: timeout: no recent network activity" connIndex=1 event=0 ip=198.41.200.53
2026-09-11T05:02:07Z WRN failed to serve tunnel connection error="control stream encountered a failure while serving" connIndex=1 event=0 ip=198.41.200.53
2026-09-11T05:02:07Z WRN Serve tunnel error error="control stream encountered a failure while serving" connIndex=1 event=0 ip=198.41.200.53
2026-09-11T05:02:07Z INF Retrying connection in up to 16s connIndex=1 event=0 ip=198.41.200.53
2026-09-11T05:02:09Z WRN Connection terminated error="control stream encountered a failure while serving" connIndex=1
2026-09-11T05:04:15Z ERR Failed to refresh DNS local resolver error="ParseAddr(\"\"): unable to parse IP"
2026-09-11T05:07:28Z INF Tunnel connection curve preferences: [X25519MLKEM768 CurveP256] connIndex=1 event=0 ip=198.41.200.53
2026-09-11T05:07:37Z ERR failed to accept incoming stream requests error="failed to accept QUIC stream: timeout: no recent network activity" connIndex=1 event=0 ip=198.41.200.53
2026-09-11T05:07:37Z ERR failed to run the datagram handler error="context canceled" connIndex=1 event=0 ip=198.41.200.53
2026-09-11T05:07:37Z WRN failed to serve tunnel connection error="control stream encountered a failure while serving" connIndex=1 event=0 ip=198.41.200.53
2026-09-11T05:07:37Z WRN Serve tunnel error error="control stream encountered a failure while serving" connIndex=1 event=0 ip=198.41.200.53
2026-09-11T05:07:37Z INF Retrying connection in up to 32s connIndex=1 event=0 ip=198.41.200.53
2026-09-11T05:08:04Z WRN Connection terminated error="control stream encountered a failure while serving" connIndex=1
2026-09-11T05:09:15Z ERR Failed to refresh DNS local resolver error="ParseAddr(\"\"): unable to parse IP"
2026-09-11T05:12:13Z INF Tunnel connection curve preferences: [X25519MLKEM768 CurveP256] connIndex=1 event=0 ip=198.41.200.53
2026-09-11T05:12:27Z ERR failed to run the datagram handler error="context canceled" connIndex=1 event=0 ip=198.41.200.53
2026-09-11T05:12:27Z ERR failed to accept incoming stream requests error="failed to accept QUIC stream: timeout: no recent network activity" connIndex=1 event=0 ip=198.41.200.53
2026-09-11T05:12:27Z WRN failed to serve tunnel connection error="control stream encountered a failure while serving" connIndex=1 event=0 ip=198.41.200.53
2026-09-11T05:12:27Z WRN Serve tunnel error error="control stream encountered a failure while serving" connIndex=1 event=0 ip=198.41.200.53
2026-09-11T05:12:27Z INF Retrying connection in up to 1m4s connIndex=1 event=0 ip=198.41.200.53
2026-09-11T05:12:49Z WRN Connection terminated error="control stream encountered a failure while serving" connIndex=1
2026-09-11T05:14:15Z ERR Failed to refresh DNS local resolver error="ParseAddr(\"\"): unable to parse IP"
2026-09-11T05:17:14Z INF Tunnel connection curve preferences: [X25519MLKEM768 CurveP256] connIndex=1 event=0 ip=198.41.200.53
2026-09-11T05:17:20Z WRN Failed to dial a quic connection error="failed to dial to edge with quic: timeout: no recent network activity" connIndex=1 event=0 ip=198.41.200.53
2026-09-11T05:17:20Z WRN Connection terminated error="there are no free edge addresses left to resolve to" connIndex=1
2026-09-11T05:19:15Z ERR Failed to refresh DNS local resolver error="ParseAddr(\"\"): unable to parse IP"
2026-09-11T05:22:16Z INF Tunnel connection curve preferences: [X25519MLKEM768 CurveP256] connIndex=1 event=0 ip=198.41.200.53
2026-09-11T05:22:18Z INF Registered tunnel connection connIndex=1 connection=335a7edf-6dc9-4e24-bbed-c2ccb25d6ed7 event=0 ip=198.41.200.53 location=sjc05 protocol=quic
2026-09-11T05:22:31Z ERR failed to accept incoming stream requests error="failed to accept QUIC stream: timeout: no recent network activity" connIndex=1 event=0 ip=198.41.200.53
2026-09-11T05:22:31Z ERR failed to run the datagram handler error="timeout: no recent network activity" connIndex=1 event=0 ip=198.41.200.53
2026-09-11T05:22:31Z WRN failed to serve tunnel connection error="accept stream listener encountered a failure while serving" connIndex=1 event=0 ip=198.41.200.53
2026-09-11T05:22:31Z WRN Serve tunnel error error="accept stream listener encountered a failure while serving" connIndex=1 event=0 ip=198.41.200.53
2026-09-11T05:22:31Z INF Retrying connection in up to 1s connIndex=1 event=0 ip=198.41.200.53
2026-09-11T05:22:32Z WRN Connection terminated error="accept stream listener encountered a failure while serving" connIndex=1
2026-09-11T05:23:32Z INF Tunnel connection curve preferences: [X25519MLKEM768 CurveP256] connIndex=1 event=0 ip=198.41.200.53
2026-09-11T05:23:42Z WRN Failed to dial a quic connection error="failed to dial to edge with quic: timeout: handshake did not complete in time" connIndex=1 event=0 ip=198.41.200.53
2026-09-11T05:23:42Z WRN Connection terminated error="there are no free edge addresses left to resolve to" connIndex=1
2026-09-11T05:23:57Z INF Tunnel connection curve preferences: [X25519MLKEM768 CurveP256] connIndex=1 event=0 ip=198.41.200.53
2026-09-11T05:24:02Z INF Registered tunnel connection connIndex=1 connection=0ed7eb99-f29b-48d3-907d-aeaa6b285376 event=0 ip=198.41.200.53 location=sjc10 protocol=quic
2026-09-11T05:24:07Z ERR failed to accept incoming stream requests error="failed to accept QUIC stream: timeout: no recent network activity" connIndex=1 event=0 ip=198.41.200.53
2026-09-11T05:24:07Z ERR failed to run the datagram handler error="timeout: no recent network activity" connIndex=1 event=0 ip=198.41.200.53
2026-09-11T05:24:07Z WRN failed to serve tunnel connection error="accept stream listener encountered a failure while serving" connIndex=1 event=0 ip=198.41.200.53
2026-09-11T05:24:07Z WRN Serve tunnel error error="accept stream listener encountered a failure while serving" connIndex=1 event=0 ip=198.41.200.53
2026-09-11T05:24:07Z INF Retrying connection in up to 1s connIndex=1 event=0 ip=198.41.200.53
2026-09-11T05:24:08Z WRN Connection terminated error="accept stream listener encountered a failure while serving" connIndex=1
2026-09-11T05:24:15Z ERR Failed to refresh DNS local resolver error="ParseAddr(\"\"): unable to parse IP"
2026-09-11T05:24:38Z INF Tunnel connection curve preferences: [X25519MLKEM768 CurveP256] connIndex=1 event=0 ip=198.41.200.53
2026-09-11T05:24:47Z ERR failed to accept incoming stream requests error="failed to accept QUIC stream: timeout: no recent network activity" connIndex=1 event=0 ip=198.41.200.53
2026-09-11T05:24:47Z ERR failed to run the datagram handler error="timeout: no recent network activity" connIndex=1 event=0 ip=198.41.200.53
2026-09-11T05:24:47Z WRN failed to serve tunnel connection error="control stream encountered a failure while serving" connIndex=1 event=0 ip=198.41.200.53
2026-09-11T05:24:47Z WRN Serve tunnel error error="control stream encountered a failure while serving" connIndex=1 event=0 ip=198.41.200.53
2026-09-11T05:24:47Z INF Retrying connection in up to 4s connIndex=1 event=0 ip=198.41.200.53
2026-09-11T05:24:48Z WRN Connection terminated error="control stream encountered a failure while serving" connIndex=1
2026-09-11T05:28:49Z INF Tunnel connection curve preferences: [X25519MLKEM768 CurveP256] connIndex=1 event=0 ip=198.41.200.53
2026-09-11T05:28:54Z WRN Failed to dial a quic connection error="failed to dial to edge with quic: timeout: no recent network activity" connIndex=1 event=0 ip=198.41.200.53
2026-09-11T05:28:54Z WRN Connection terminated error="there are no free edge addresses left to resolve to" connIndex=1
2026-09-11T05:29:15Z ERR Failed to refresh DNS local resolver error="ParseAddr(\"\"): unable to parse IP"
2026-09-11T05:33:18Z INF Tunnel connection curve preferences: [X25519MLKEM768 CurveP256] connIndex=1 event=0 ip=198.41.200.53
2026-09-11T05:33:26Z WRN Failed to dial a quic connection error="failed to dial to edge with quic: timeout: no recent network activity" connIndex=1 event=0 ip=198.41.200.53
2026-09-11T05:33:26Z WRN Connection terminated error="there are no free edge addresses left to resolve to" connIndex=1
2026-09-11T05:34:15Z ERR Failed to refresh DNS local resolver error="ParseAddr(\"\"): unable to parse IP"
2026-09-11T05:36:34Z INF Tunnel connection curve preferences: [X25519MLKEM768 CurveP256] connIndex=1 event=0 ip=198.41.200.53
2026-09-11T05:36:42Z ERR failed to accept incoming stream requests error="failed to accept QUIC stream: timeout: no recent network activity" connIndex=1 event=0 ip=198.41.200.53
2026-09-11T05:36:42Z ERR failed to run the datagram handler error="context canceled" connIndex=1 event=0 ip=198.41.200.53
2026-09-11T05:36:42Z WRN failed to serve tunnel connection error="control stream encountered a failure while serving" connIndex=1 event=0 ip=198.41.200.53
2026-09-11T05:36:42Z WRN Serve tunnel error error="control stream encountered a failure while serving" connIndex=1 event=0 ip=198.41.200.53
2026-09-11T05:36:42Z INF Retrying connection in up to 8s connIndex=1 event=0 ip=198.41.200.53
2026-09-11T05:36:45Z WRN Connection terminated error="control stream encountered a failure while serving" connIndex=1
2026-09-11T05:39:15Z ERR Failed to refresh DNS local resolver error="ParseAddr(\"\"): unable to parse IP"
2026-09-11T05:41:28Z INF Tunnel connection curve preferences: [X25519MLKEM768 CurveP256] connIndex=1 event=0 ip=198.41.200.53
2026-09-11T05:41:38Z WRN Failed to dial a quic connection error="failed to dial to edge with quic: timeout: handshake did not complete in time" connIndex=1 event=0 ip=198.41.200.53
2026-09-11T05:41:38Z WRN Connection terminated error="there are no free edge addresses left to resolve to" connIndex=1
2026-09-11T05:41:38Z INF Tunnel connection curve preferences: [X25519MLKEM768 CurveP256] connIndex=1 event=0 ip=198.41.200.53
2026-09-11T05:41:43Z ERR failed to run the datagram handler error="context canceled" connIndex=1 event=0 ip=198.41.200.53
2026-09-11T05:41:43Z WRN failed to serve tunnel connection error="control stream encountered a failure while serving" connIndex=1 event=0 ip=198.41.200.53
2026-09-11T05:41:43Z WRN Serve tunnel error error="control stream encountered a failure while serving" connIndex=1 event=0 ip=198.41.200.53
2026-09-11T05:41:43Z INF Retrying connection in up to 16s connIndex=1 event=0 ip=198.41.200.53
2026-09-11T05:41:52Z WRN Connection terminated error="control stream encountered a failure while serving" connIndex=1
2026-09-11T05:42:26Z INF Tunnel connection curve preferences: [X25519MLKEM768 CurveP256] connIndex=1 event=0 ip=198.41.200.53
2026-09-11T05:42:35Z ERR failed to run the datagram handler error="context canceled" connIndex=1 event=0 ip=198.41.200.53
2026-09-11T05:42:35Z WRN failed to serve tunnel connection error="control stream encountered a failure while serving" connIndex=1 event=0 ip=198.41.200.53
2026-09-11T05:42:35Z WRN Serve tunnel error error="control stream encountered a failure while serving" connIndex=1 event=0 ip=198.41.200.53
2026-09-11T05:42:35Z INF Retrying connection in up to 32s connIndex=1 event=0 ip=198.41.200.53
2026-09-11T05:42:47Z WRN Connection terminated error="control stream encountered a failure while serving" connIndex=1
2026-09-11T05:43:19Z INF Tunnel connection curve preferences: [X25519MLKEM768 CurveP256] connIndex=1 event=0 ip=198.41.200.53
2026-09-11T05:43:31Z INF Registered tunnel connection connIndex=1 connection=a10ac4f6-872f-486c-a849-49cfcd018065 event=0 ip=198.41.200.53 location=sjc11 protocol=quic
2026-09-11T05:43:41Z ERR failed to accept incoming stream requests error="failed to accept QUIC stream: timeout: no recent network activity" connIndex=1 event=0 ip=198.41.200.53
2026-09-11T05:43:41Z ERR failed to run the datagram handler error="timeout: no recent network activity" connIndex=1 event=0 ip=198.41.200.53
2026-09-11T05:43:41Z WRN failed to serve tunnel connection error="accept stream listener encountered a failure while serving" connIndex=1 event=0 ip=198.41.200.53
2026-09-11T05:43:41Z WRN Serve tunnel error error="accept stream listener encountered a failure while serving" connIndex=1 event=0 ip=198.41.200.53
2026-09-11T05:43:41Z INF Retrying connection in up to 1s connIndex=1 event=0 ip=198.41.200.53
2026-09-11T05:43:42Z WRN Connection terminated error="accept stream listener encountered a failure while serving" connIndex=1
2026-09-11T05:44:15Z ERR Failed to refresh DNS local resolver error="ParseAddr(\"\"): unable to parse IP"
2026-09-11T05:45:22Z INF Tunnel connection curve preferences: [X25519MLKEM768 CurveP256] connIndex=1 event=0 ip=198.41.200.53
2026-09-11T05:45:31Z ERR failed to accept incoming stream requests error="failed to accept QUIC stream: timeout: no recent network activity" connIndex=1 event=0 ip=198.41.200.53
2026-09-11T05:45:31Z ERR failed to run the datagram handler error="timeout: no recent network activity" connIndex=1 event=0 ip=198.41.200.53
2026-09-11T05:45:31Z WRN failed to serve tunnel connection error="control stream encountered a failure while serving" connIndex=1 event=0 ip=198.41.200.53
2026-09-11T05:45:31Z WRN Serve tunnel error error="control stream encountered a failure while serving" connIndex=1 event=0 ip=198.41.200.53
2026-09-11T05:45:31Z INF Retrying connection in up to 4s connIndex=1 event=0 ip=198.41.200.53
2026-09-11T05:45:33Z WRN Connection terminated error="control stream encountered a failure while serving" connIndex=1
2026-09-11T05:45:42Z INF Tunnel connection curve preferences: [X25519MLKEM768 CurveP256] connIndex=1 event=0 ip=198.41.200.53
2026-09-11T05:45:48Z ERR failed to run the datagram handler error="context canceled" connIndex=1 event=0 ip=198.41.200.53
2026-09-11T05:45:48Z WRN failed to serve tunnel connection error="control stream encountered a failure while serving" connIndex=1 event=0 ip=198.41.200.53
2026-09-11T05:45:48Z WRN Serve tunnel error error="control stream encountered a failure while serving" connIndex=1 event=0 ip=198.41.200.53
2026-09-11T05:45:48Z INF Retrying connection in up to 8s connIndex=1 event=0 ip=198.41.200.53
2026-09-11T05:45:52Z WRN Connection terminated error="control stream encountered a failure while serving" connIndex=1
2026-09-11T05:46:17Z INF Tunnel connection curve preferences: [X25519MLKEM768 CurveP256] connIndex=1 event=0 ip=198.41.200.53
2026-09-11T05:46:24Z ERR failed to accept incoming stream requests error="failed to accept QUIC stream: timeout: no recent network activity" connIndex=1 event=0 ip=198.41.200.53
2026-09-11T05:46:24Z ERR failed to run the datagram handler error="timeout: no recent network activity" connIndex=1 event=0 ip=198.41.200.53
2026-09-11T05:46:24Z WRN failed to serve tunnel connection error="control stream encountered a failure while serving" connIndex=1 event=0 ip=198.41.200.53
2026-09-11T05:46:24Z WRN Serve tunnel error error="control stream encountered a failure while serving" connIndex=1 event=0 ip=198.41.200.53
2026-09-11T05:46:24Z INF Retrying connection in up to 16s connIndex=1 event=0 ip=198.41.200.53
2026-09-11T05:46:32Z WRN Connection terminated error="control stream encountered a failure while serving" connIndex=1
2026-09-11T05:47:23Z INF Tunnel connection curve preferences: [X25519MLKEM768 CurveP256] connIndex=1 event=0 ip=198.41.200.53
2026-09-11T05:47:24Z INF Registered tunnel connection connIndex=1 connection=13671517-2ae0-4fb6-acae-25a990bddd98 event=0 ip=198.41.200.53 location=sjc08 protocol=quic
2026-09-11T05:47:29Z ERR failed to accept incoming stream requests error="failed to accept QUIC stream: timeout: no recent network activity" connIndex=1 event=0 ip=198.41.200.53
2026-09-11T05:47:29Z ERR failed to run the datagram handler error="timeout: no recent network activity" connIndex=1 event=0 ip=198.41.200.53
2026-09-11T05:47:29Z WRN failed to serve tunnel connection error="accept stream listener encountered a failure while serving" connIndex=1 event=0 ip=198.41.200.53
2026-09-11T05:47:29Z WRN Serve tunnel error error="accept stream listener encountered a failure while serving" connIndex=1 event=0 ip=198.41.200.53
2026-09-11T05:47:29Z INF Retrying connection in up to 1s connIndex=1 event=0 ip=198.41.200.53
2026-09-11T05:47:31Z WRN Connection terminated error="accept stream listener encountered a failure while serving" connIndex=1
2026-09-11T05:49:15Z ERR Failed to refresh DNS local resolver error="ParseAddr(\"\"): unable to parse IP"
2026-09-11T05:49:52Z INF Tunnel connection curve preferences: [X25519MLKEM768 CurveP256] connIndex=1 event=0 ip=198.41.200.53
2026-09-11T05:49:58Z ERR failed to accept incoming stream requests error="failed to accept QUIC stream: timeout: no recent network activity" connIndex=1 event=0 ip=198.41.200.53
2026-09-11T05:49:58Z ERR failed to run the datagram handler error="timeout: no recent network activity" connIndex=1 event=0 ip=198.41.200.53
2026-09-11T05:49:58Z WRN failed to serve tunnel connection error="control stream encountered a failure while serving" connIndex=1 event=0 ip=198.41.200.53
2026-09-11T05:49:58Z WRN Serve tunnel error error="control stream encountered a failure while serving" connIndex=1 event=0 ip=198.41.200.53
2026-09-11T05:49:58Z INF Retrying connection in up to 4s connIndex=1 event=0 ip=198.41.200.53
2026-09-11T05:49:59Z WRN Connection terminated error="control stream encountered a failure while serving" connIndex=1
2026-09-11T05:51:10Z INF Tunnel connection curve preferences: [X25519MLKEM768 CurveP256] connIndex=1 event=0 ip=198.41.200.53
2026-09-11T05:51:15Z WRN Failed to dial a quic connection error="failed to dial to edge with quic: timeout: no recent network activity" connIndex=1 event=0 ip=198.41.200.53
2026-09-11T05:51:15Z WRN Connection terminated error="there are no free edge addresses left to resolve to" connIndex=1
2026-09-11T05:54:15Z ERR Failed to refresh DNS local resolver error="ParseAddr(\"\"): unable to parse IP"
2026-09-11T05:54:46Z INF Tunnel connection curve preferences: [X25519MLKEM768 CurveP256] connIndex=1 event=0 ip=198.41.200.53
2026-09-11T05:54:54Z ERR failed to accept incoming stream requests error="failed to accept QUIC stream: timeout: no recent network activity" connIndex=1 event=0 ip=198.41.200.53
2026-09-11T05:54:54Z ERR failed to run the datagram handler error="context canceled" connIndex=1 event=0 ip=198.41.200.53
2026-09-11T05:54:54Z WRN failed to serve tunnel connection error="control stream encountered a failure while serving" connIndex=1 event=0 ip=198.41.200.53
2026-09-11T05:54:54Z WRN Serve tunnel error error="control stream encountered a failure while serving" connIndex=1 event=0 ip=198.41.200.53
2026-09-11T05:54:54Z INF Retrying connection in up to 8s connIndex=1 event=0 ip=198.41.200.53
2026-09-11T05:54:57Z WRN Connection terminated error="control stream encountered a failure while serving" connIndex=1
2026-09-11T05:54:58Z INF Tunnel connection curve preferences: [X25519MLKEM768 CurveP256] connIndex=1 event=0 ip=198.41.200.53
2026-09-11T05:55:04Z WRN Failed to dial a quic connection error="failed to dial to edge with quic: timeout: no recent network activity" connIndex=1 event=0 ip=198.41.200.53
2026-09-11T05:55:04Z WRN Connection terminated error="there are no free edge addresses left to resolve to" connIndex=1
2026-09-11T05:55:14Z INF Tunnel connection curve preferences: [X25519MLKEM768 CurveP256] connIndex=1 event=0 ip=198.41.200.53
2026-09-11T05:55:24Z WRN Failed to dial a quic connection error="failed to dial to edge with quic: timeout: handshake did not complete in time" connIndex=1 event=0 ip=198.41.200.53
2026-09-11T05:55:24Z WRN Connection terminated error="there are no free edge addresses left to resolve to" connIndex=1
2026-09-11T05:55:41Z INF Tunnel connection curve preferences: [X25519MLKEM768 CurveP256] connIndex=1 event=0 ip=198.41.200.53
2026-09-11T05:56:06Z ERR failed to accept incoming stream requests error="failed to accept QUIC stream: timeout: no recent network activity" connIndex=1 event=0 ip=198.41.200.53
2026-09-11T05:56:06Z ERR failed to run the datagram handler error="timeout: no recent network activity" connIndex=1 event=0 ip=198.41.200.53
2026-09-11T05:56:06Z WRN failed to serve tunnel connection error="control stream encountered a failure while serving" connIndex=1 event=0 ip=198.41.200.53
2026-09-11T05:56:06Z WRN Serve tunnel error error="control stream encountered a failure while serving" connIndex=1 event=0 ip=198.41.200.53
2026-09-11T05:56:06Z INF Retrying connection in up to 16s connIndex=1 event=0 ip=198.41.200.53
2026-09-11T05:56:18Z WRN Connection terminated error="control stream encountered a failure while serving" connIndex=1
2026-09-11T05:57:57Z INF Tunnel connection curve preferences: [X25519MLKEM768 CurveP256] connIndex=1 event=0 ip=198.41.200.53
2026-09-11T05:58:03Z WRN Failed to dial a quic connection error="failed to dial to edge with quic: timeout: no recent network activity" connIndex=1 event=0 ip=198.41.200.53
2026-09-11T05:58:03Z WRN Connection terminated error="there are no free edge addresses left to resolve to" connIndex=1
2026-09-11T05:59:15Z ERR Failed to refresh DNS local resolver error="ParseAddr(\"\"): unable to parse IP"
2026-09-11T06:00:41Z INF Tunnel connection curve preferences: [X25519MLKEM768 CurveP256] connIndex=1 event=0 ip=198.41.200.53
2026-09-11T06:00:49Z WRN Failed to dial a quic connection error="failed to dial to edge with quic: timeout: no recent network activity" connIndex=1 event=0 ip=198.41.200.53
2026-09-11T06:00:49Z WRN Connection terminated error="there are no free edge addresses left to resolve to" connIndex=1
2026-09-11T06:04:05Z INF Tunnel connection curve preferences: [X25519MLKEM768 CurveP256] connIndex=1 event=0 ip=198.41.200.53
2026-09-11T06:04:15Z ERR Failed to refresh DNS local resolver error="ParseAddr(\"\"): unable to parse IP"
2026-09-11T06:04:15Z WRN Failed to dial a quic connection error="failed to dial to edge with quic: timeout: handshake did not complete in time" connIndex=1 event=0 ip=198.41.200.53
2026-09-11T06:04:15Z WRN Connection terminated error="there are no free edge addresses left to resolve to" connIndex=1
2026-09-11T06:08:31Z INF Tunnel connection curve preferences: [X25519MLKEM768 CurveP256] connIndex=1 event=0 ip=198.41.200.53
2026-09-11T06:08:32Z INF Registered tunnel connection connIndex=1 connection=a5f3b8e4-8dd7-4faa-9a80-14b3d276128c event=0 ip=198.41.200.53 location=sjc10 protocol=quic
2026-09-11T06:08:53Z ERR failed to accept incoming stream requests error="failed to accept QUIC stream: timeout: no recent network activity" connIndex=1 event=0 ip=198.41.200.53
2026-09-11T06:08:53Z ERR failed to run the datagram handler error="timeout: no recent network activity" connIndex=1 event=0 ip=198.41.200.53
2026-09-11T06:08:53Z WRN failed to serve tunnel connection error="accept stream listener encountered a failure while serving" connIndex=1 event=0 ip=198.41.200.53
2026-09-11T06:08:53Z WRN Serve tunnel error error="accept stream listener encountered a failure while serving" connIndex=1 event=0 ip=198.41.200.53
2026-09-11T06:08:53Z INF Retrying connection in up to 1s connIndex=1 event=0 ip=198.41.200.53
2026-09-11T06:08:54Z WRN Connection terminated error="accept stream listener encountered a failure while serving" connIndex=1
2026-09-11T06:09:15Z ERR Failed to refresh DNS local resolver error="ParseAddr(\"\"): unable to parse IP"
2026-09-11T06:09:51Z INF Tunnel connection curve preferences: [X25519MLKEM768 CurveP256] connIndex=1 event=0 ip=198.41.200.53
2026-09-11T06:10:01Z ERR failed to accept incoming stream requests error="failed to accept QUIC stream: timeout: no recent network activity" connIndex=1 event=0 ip=198.41.200.53
2026-09-11T06:10:01Z ERR failed to run the datagram handler error="context canceled" connIndex=1 event=0 ip=198.41.200.53
2026-09-11T06:10:01Z WRN failed to serve tunnel connection error="control stream encountered a failure while serving" connIndex=1 event=0 ip=198.41.200.53
2026-09-11T06:10:01Z WRN Serve tunnel error error="control stream encountered a failure while serving" connIndex=1 event=0 ip=198.41.200.53
2026-09-11T06:10:01Z INF Retrying connection in up to 4s connIndex=1 event=0 ip=198.41.200.53
2026-09-11T06:10:05Z WRN Connection terminated error="control stream encountered a failure while serving" connIndex=1
2026-09-11T06:11:51Z ERR failed to run the datagram handler error="timeout: no recent network activity" connIndex=0 event=0 ip=198.41.192.77
2026-09-11T06:11:51Z ERR failed to accept incoming stream requests error="failed to accept QUIC stream: timeout: no recent network activity" connIndex=0 event=0 ip=198.41.192.77
2026-09-11T06:11:51Z ERR failed to serve tunnel connection error="datagram manager encountered a failure while serving" connIndex=0 event=0 ip=198.41.192.77
2026-09-11T06:11:51Z ERR Serve tunnel error error="datagram manager encountered a failure while serving" connIndex=0 event=0 ip=198.41.192.77
2026-09-11T06:11:51Z INF Retrying connection in up to 1s connIndex=0 event=0 ip=198.41.192.77
2026-09-11T06:11:53Z ERR Connection terminated error="datagram manager encountered a failure while serving" connIndex=0
2026-09-11T06:12:25Z INF Tunnel connection curve preferences: [X25519MLKEM768 CurveP256] connIndex=1 event=0 ip=198.41.200.53
2026-09-11T06:12:25Z INF Tunnel connection curve preferences: [X25519MLKEM768 CurveP256] connIndex=0 event=0 ip=198.41.192.77
2026-09-11T06:12:26Z INF Registered tunnel connection connIndex=0 connection=1c1d5943-d05a-4d7b-9bcf-d0e1d6e9cfac event=0 ip=198.41.192.77 location=lax07 protocol=quic
2026-09-11T06:12:48Z ERR failed to accept incoming stream requests error="failed to accept QUIC stream: timeout: no recent network activity" connIndex=1 event=0 ip=198.41.200.53
2026-09-11T06:12:48Z ERR failed to run the datagram handler error="context canceled" connIndex=1 event=0 ip=198.41.200.53
2026-09-11T06:12:48Z WRN failed to serve tunnel connection error="control stream encountered a failure while serving" connIndex=1 event=0 ip=198.41.200.53
2026-09-11T06:12:48Z WRN Serve tunnel error error="control stream encountered a failure while serving" connIndex=1 event=0 ip=198.41.200.53
2026-09-11T06:12:48Z INF Retrying connection in up to 8s connIndex=1 event=0 ip=198.41.200.53
2026-09-11T06:12:51Z WRN Connection terminated error="control stream encountered a failure while serving" connIndex=1
2026-09-11T06:13:58Z INF Tunnel connection curve preferences: [X25519MLKEM768 CurveP256] connIndex=1 event=0 ip=198.41.200.53
2026-09-11T06:14:03Z WRN Failed to dial a quic connection error="failed to dial to edge with quic: timeout: no recent network activity" connIndex=1 event=0 ip=198.41.200.53
2026-09-11T06:14:03Z WRN Connection terminated error="there are no free edge addresses left to resolve to" connIndex=1
2026-09-11T06:14:15Z ERR Failed to refresh DNS local resolver error="ParseAddr(\"\"): unable to parse IP"
2026-09-11T06:14:21Z INF Tunnel connection curve preferences: [X25519MLKEM768 CurveP256] connIndex=1 event=0 ip=198.41.200.53
2026-09-11T06:14:33Z ERR failed to run the datagram handler error="context canceled" connIndex=1 event=0 ip=198.41.200.53
2026-09-11T06:14:33Z WRN failed to serve tunnel connection error="control stream encountered a failure while serving" connIndex=1 event=0 ip=198.41.200.53
2026-09-11T06:14:33Z WRN Serve tunnel error error="control stream encountered a failure while serving" connIndex=1 event=0 ip=198.41.200.53
2026-09-11T06:14:33Z INF Retrying connection in up to 16s connIndex=1 event=0 ip=198.41.200.53
2026-09-11T06:14:38Z WRN Connection terminated error="control stream encountered a failure while serving" connIndex=1
2026-09-11T06:15:07Z INF Tunnel connection curve preferences: [X25519MLKEM768 CurveP256] connIndex=1 event=0 ip=198.41.200.53
2026-09-11T06:15:11Z INF Registered tunnel connection connIndex=1 connection=20708b91-bec9-4a90-ba58-41234f8ea560 event=0 ip=198.41.200.53 location=sjc07 protocol=quic
2026-09-11T06:15:16Z ERR failed to run the datagram handler error="timeout: no recent network activity" connIndex=1 event=0 ip=198.41.200.53
2026-09-11T06:15:16Z ERR failed to accept incoming stream requests error="failed to accept QUIC stream: timeout: no recent network activity" connIndex=1 event=0 ip=198.41.200.53
2026-09-11T06:15:16Z WRN failed to serve tunnel connection error="datagram manager encountered a failure while serving" connIndex=1 event=0 ip=198.41.200.53
2026-09-11T06:15:16Z WRN Serve tunnel error error="datagram manager encountered a failure while serving" connIndex=1 event=0 ip=198.41.200.53
2026-09-11T06:15:16Z INF Retrying connection in up to 1s connIndex=1 event=0 ip=198.41.200.53
2026-09-11T06:15:17Z WRN Connection terminated error="datagram manager encountered a failure while serving" connIndex=1
2026-09-11T06:15:24Z INF Tunnel connection curve preferences: [X25519MLKEM768 CurveP256] connIndex=1 event=0 ip=198.41.200.53
2026-09-11T06:15:32Z ERR failed to run the datagram handler error="context canceled" connIndex=1 event=0 ip=198.41.200.53
2026-09-11T06:15:32Z WRN failed to serve tunnel connection error="control stream encountered a failure while serving" connIndex=1 event=0 ip=198.41.200.53
2026-09-11T06:15:32Z WRN Serve tunnel error error="control stream encountered a failure while serving" connIndex=1 event=0 ip=198.41.200.53
2026-09-11T06:15:32Z INF Retrying connection in up to 4s connIndex=1 event=0 ip=198.41.200.53
2026-09-11T06:15:33Z WRN Connection terminated error="control stream encountered a failure while serving" connIndex=1
2026-09-11T06:15:57Z INF Tunnel connection curve preferences: [X25519MLKEM768 CurveP256] connIndex=1 event=0 ip=198.41.200.53
2026-09-11T06:16:06Z ERR failed to run the datagram handler error="context canceled" connIndex=1 event=0 ip=198.41.200.53
2026-09-11T06:16:06Z WRN failed to serve tunnel connection error="control stream encountered a failure while serving" connIndex=1 event=0 ip=198.41.200.53
2026-09-11T06:16:06Z WRN Serve tunnel error error="control stream encountered a failure while serving" connIndex=1 event=0 ip=198.41.200.53
2026-09-11T06:16:06Z INF Retrying connection in up to 8s connIndex=1 event=0 ip=198.41.200.53
2026-09-11T06:16:10Z WRN Connection terminated error="control stream encountered a failure while serving" connIndex=1
2026-09-11T06:19:15Z ERR Failed to refresh DNS local resolver error="ParseAddr(\"\"): unable to parse IP"
2026-09-11T06:21:02Z INF Tunnel connection curve preferences: [X25519MLKEM768 CurveP256] connIndex=1 event=0 ip=198.41.200.53
2026-09-11T06:21:11Z WRN Failed to dial a quic connection error="failed to dial to edge with quic: timeout: no recent network activity" connIndex=1 event=0 ip=198.41.200.53
2026-09-11T06:21:11Z WRN Connection terminated error="there are no free edge addresses left to resolve to" connIndex=1
2026-09-11T06:21:15Z INF Tunnel connection curve preferences: [X25519MLKEM768 CurveP256] connIndex=1 event=0 ip=198.41.200.53
2026-09-11T06:21:24Z WRN Failed to dial a quic connection error="failed to dial to edge with quic: timeout: no recent network activity" connIndex=1 event=0 ip=198.41.200.53
2026-09-11T06:21:24Z WRN Connection terminated error="there are no free edge addresses left to resolve to" connIndex=1
2026-09-11T06:21:59Z INF Tunnel connection curve preferences: [X25519MLKEM768 CurveP256] connIndex=1 event=0 ip=198.41.200.53
2026-09-11T06:22:09Z WRN Failed to dial a quic connection error="failed to dial to edge with quic: timeout: handshake did not complete in time" connIndex=1 event=0 ip=198.41.200.53
2026-09-11T06:22:09Z WRN Connection terminated error="there are no free edge addresses left to resolve to" connIndex=1
2026-09-11T06:22:25Z INF Tunnel connection curve preferences: [X25519MLKEM768 CurveP256] connIndex=1 event=0 ip=198.41.200.53
2026-09-11T06:22:35Z WRN Failed to dial a quic connection error="failed to dial to edge with quic: timeout: handshake did not complete in time" connIndex=1 event=0 ip=198.41.200.53
2026-09-11T06:22:35Z WRN Connection terminated error="there are no free edge addresses left to resolve to" connIndex=1
2026-09-11T06:24:11Z INF Tunnel connection curve preferences: [X25519MLKEM768 CurveP256] connIndex=1 event=0 ip=198.41.200.53
2026-09-11T06:24:15Z ERR Failed to refresh DNS local resolver error="ParseAddr(\"\"): unable to parse IP"
2026-09-11T06:24:16Z WRN Failed to dial a quic connection error="failed to dial to edge with quic: timeout: no recent network activity" connIndex=1 event=0 ip=198.41.200.53
2026-09-11T06:24:16Z WRN Connection terminated error="there are no free edge addresses left to resolve to" connIndex=1
2026-09-11T06:29:14Z INF Tunnel connection curve preferences: [X25519MLKEM768 CurveP256] connIndex=1 event=0 ip=198.41.200.53
2026-09-11T06:29:15Z ERR Failed to refresh DNS local resolver error="ParseAddr(\"\"): unable to parse IP"
2026-09-11T06:29:19Z WRN Failed to dial a quic connection error="failed to dial to edge with quic: timeout: no recent network activity" connIndex=1 event=0 ip=198.41.200.53
2026-09-11T06:29:19Z WRN Connection terminated error="there are no free edge addresses left to resolve to" connIndex=1
2026-09-11T06:33:46Z INF Tunnel connection curve preferences: [X25519MLKEM768 CurveP256] connIndex=1 event=0 ip=198.41.200.53
2026-09-11T06:33:55Z WRN Failed to dial a quic connection error="failed to dial to edge with quic: timeout: no recent network activity" connIndex=1 event=0 ip=198.41.200.53
2026-09-11T06:33:55Z WRN Connection terminated error="there are no free edge addresses left to resolve to" connIndex=1
2026-09-11T06:34:15Z ERR Failed to refresh DNS local resolver error="ParseAddr(\"\"): unable to parse IP"
2026-09-11T06:37:49Z INF Tunnel connection curve preferences: [X25519MLKEM768 CurveP256] connIndex=1 event=0 ip=198.41.200.53
2026-09-11T06:37:54Z INF Registered tunnel connection connIndex=1 connection=17b89ba4-8643-41fc-a46d-b21073de87fa event=0 ip=198.41.200.53 location=sjc11 protocol=quic
2026-09-11T06:38:16Z ERR failed to run the datagram handler error="timeout: no recent network activity" connIndex=1 event=0 ip=198.41.200.53
2026-09-11T06:38:16Z ERR failed to accept incoming stream requests error="failed to accept QUIC stream: timeout: no recent network activity" connIndex=1 event=0 ip=198.41.200.53
2026-09-11T06:38:16Z WRN failed to serve tunnel connection error="datagram manager encountered a failure while serving" connIndex=1 event=0 ip=198.41.200.53
2026-09-11T06:38:16Z WRN Serve tunnel error error="datagram manager encountered a failure while serving" connIndex=1 event=0 ip=198.41.200.53
2026-09-11T06:38:16Z INF Retrying connection in up to 1s connIndex=1 event=0 ip=198.41.200.53
2026-09-11T06:38:17Z WRN Connection terminated error="datagram manager encountered a failure while serving" connIndex=1
2026-09-11T06:39:15Z ERR Failed to refresh DNS local resolver error="ParseAddr(\"\"): unable to parse IP"
2026-09-11T06:42:29Z INF Tunnel connection curve preferences: [X25519MLKEM768 CurveP256] connIndex=1 event=0 ip=198.41.200.53
2026-09-11T06:42:41Z INF Registered tunnel connection connIndex=1 connection=7a95f89f-6169-48fe-8c2d-dc93a9e58937 event=0 ip=198.41.200.53 location=sjc11 protocol=quic
2026-09-11T06:43:18Z ERR failed to accept incoming stream requests error="failed to accept QUIC stream: timeout: no recent network activity" connIndex=1 event=0 ip=198.41.200.53
2026-09-11T06:43:18Z ERR failed to run the datagram handler error="timeout: no recent network activity" connIndex=1 event=0 ip=198.41.200.53
2026-09-11T06:43:18Z WRN failed to serve tunnel connection error="accept stream listener encountered a failure while serving" connIndex=1 event=0 ip=198.41.200.53
2026-09-11T06:43:18Z WRN Serve tunnel error error="accept stream listener encountered a failure while serving" connIndex=1 event=0 ip=198.41.200.53
2026-09-11T06:43:18Z INF Retrying connection in up to 1s connIndex=1 event=0 ip=198.41.200.53
2026-09-11T06:43:18Z WRN Connection terminated error="accept stream listener encountered a failure while serving" connIndex=1
2026-09-11T06:43:39Z INF Tunnel connection curve preferences: [X25519MLKEM768 CurveP256] connIndex=1 event=0 ip=198.41.200.53
2026-09-11T06:43:45Z WRN Failed to dial a quic connection error="failed to dial to edge with quic: timeout: no recent network activity" connIndex=1 event=0 ip=198.41.200.53
2026-09-11T06:43:45Z WRN Connection terminated error="there are no free edge addresses left to resolve to" connIndex=1
2026-09-11T06:44:15Z ERR Failed to refresh DNS local resolver error="ParseAddr(\"\"): unable to parse IP"
2026-09-11T06:45:42Z INF Tunnel connection curve preferences: [X25519MLKEM768 CurveP256] connIndex=1 event=0 ip=198.41.200.53
2026-09-11T06:45:48Z WRN Failed to dial a quic connection error="failed to dial to edge with quic: timeout: no recent network activity" connIndex=1 event=0 ip=198.41.200.53
2026-09-11T06:45:48Z WRN Connection terminated error="there are no free edge addresses left to resolve to" connIndex=1
2026-09-11T06:47:37Z INF Tunnel connection curve preferences: [X25519MLKEM768 CurveP256] connIndex=1 event=0 ip=198.41.200.53
2026-09-11T06:47:44Z WRN Failed to dial a quic connection error="failed to dial to edge with quic: timeout: no recent network activity" connIndex=1 event=0 ip=198.41.200.53
2026-09-11T06:47:44Z WRN Connection terminated error="there are no free edge addresses left to resolve to" connIndex=1
2026-09-11T06:49:15Z ERR Failed to refresh DNS local resolver error="ParseAddr(\"\"): unable to parse IP"
2026-09-11T06:49:36Z INF Tunnel connection curve preferences: [X25519MLKEM768 CurveP256] connIndex=1 event=0 ip=198.41.200.53
2026-09-11T06:49:46Z ERR failed to run the datagram handler error="context canceled" connIndex=1 event=0 ip=198.41.200.53
2026-09-11T06:49:46Z WRN failed to serve tunnel connection error="control stream encountered a failure while serving" connIndex=1 event=0 ip=198.41.200.53
2026-09-11T06:49:46Z WRN Serve tunnel error error="control stream encountered a failure while serving" connIndex=1 event=0 ip=198.41.200.53
2026-09-11T06:49:46Z INF Retrying connection in up to 4s connIndex=1 event=0 ip=198.41.200.53
2026-09-11T06:49:48Z WRN Connection terminated error="control stream encountered a failure while serving" connIndex=1
2026-09-11T06:51:59Z INF Tunnel connection curve preferences: [X25519MLKEM768 CurveP256] connIndex=1 event=0 ip=198.41.200.53
2026-09-11T06:52:05Z ERR failed to run the datagram handler error="context canceled" connIndex=1 event=0 ip=198.41.200.53
2026-09-11T06:52:05Z WRN failed to serve tunnel connection error="control stream encountered a failure while serving" connIndex=1 event=0 ip=198.41.200.53
2026-09-11T06:52:05Z WRN Serve tunnel error error="control stream encountered a failure while serving" connIndex=1 event=0 ip=198.41.200.53
2026-09-11T06:52:05Z INF Retrying connection in up to 8s connIndex=1 event=0 ip=198.41.200.53
2026-09-11T06:52:11Z WRN Connection terminated error="control stream encountered a failure while serving" connIndex=1
2026-09-11T06:54:15Z ERR Failed to refresh DNS local resolver error="ParseAddr(\"\"): unable to parse IP"
2026-09-11T06:55:34Z INF Tunnel connection curve preferences: [X25519MLKEM768 CurveP256] connIndex=1 event=0 ip=198.41.200.53
2026-09-11T06:55:38Z INF Registered tunnel connection connIndex=1 connection=cf610ab0-1b65-483a-b884-460fc48a2806 event=0 ip=198.41.200.53 location=sjc11 protocol=quic
2026-09-11T06:55:44Z ERR failed to accept incoming stream requests error="failed to accept QUIC stream: timeout: no recent network activity" connIndex=1 event=0 ip=198.41.200.53
2026-09-11T06:55:44Z ERR failed to run the datagram handler error="timeout: no recent network activity" connIndex=1 event=0 ip=198.41.200.53
2026-09-11T06:55:44Z WRN failed to serve tunnel connection error="accept stream listener encountered a failure while serving" connIndex=1 event=0 ip=198.41.200.53
2026-09-11T06:55:44Z WRN Serve tunnel error error="accept stream listener encountered a failure while serving" connIndex=1 event=0 ip=198.41.200.53
2026-09-11T06:55:44Z INF Retrying connection in up to 1s connIndex=1 event=0 ip=198.41.200.53
2026-09-11T06:55:45Z WRN Connection terminated error="accept stream listener encountered a failure while serving" connIndex=1
2026-09-11T06:59:15Z ERR Failed to refresh DNS local resolver error="ParseAddr(\"\"): unable to parse IP"
2026-09-11T06:59:57Z INF Tunnel connection curve preferences: [X25519MLKEM768 CurveP256] connIndex=1 event=0 ip=198.41.200.53
2026-09-11T07:00:07Z WRN Failed to dial a quic connection error="failed to dial to edge with quic: timeout: handshake did not complete in time" connIndex=1 event=0 ip=198.41.200.53
2026-09-11T07:00:07Z WRN Connection terminated error="there are no free edge addresses left to resolve to" connIndex=1
2026-09-11T07:00:17Z INF Tunnel connection curve preferences: [X25519MLKEM768 CurveP256] connIndex=1 event=0 ip=198.41.200.53
2026-09-11T07:00:24Z INF Registered tunnel connection connIndex=1 connection=2ca1c293-8a7c-43d9-829b-0d03fa3e5a19 event=0 ip=198.41.200.53 location=sjc05 protocol=quic
2026-09-11T07:00:51Z ERR failed to run the datagram handler error="timeout: no recent network activity" connIndex=1 event=0 ip=198.41.200.53
2026-09-11T07:00:51Z ERR failed to accept incoming stream requests error="failed to accept QUIC stream: timeout: no recent network activity" connIndex=1 event=0 ip=198.41.200.53
2026-09-11T07:00:51Z WRN failed to serve tunnel connection error="datagram manager encountered a failure while serving" connIndex=1 event=0 ip=198.41.200.53
2026-09-11T07:00:51Z WRN Serve tunnel error error="datagram manager encountered a failure while serving" connIndex=1 event=0 ip=198.41.200.53
2026-09-11T07:00:51Z INF Retrying connection in up to 1s connIndex=1 event=0 ip=198.41.200.53
2026-09-11T07:00:51Z WRN Connection terminated error="datagram manager encountered a failure while serving" connIndex=1
2026-09-11T07:00:54Z INF Tunnel connection curve preferences: [X25519MLKEM768 CurveP256] connIndex=1 event=0 ip=198.41.200.53
2026-09-11T07:00:59Z INF Registered tunnel connection connIndex=1 connection=a1a2fbcc-fb95-4af9-958c-832fe405d7b7 event=0 ip=198.41.200.53 location=sjc05 protocol=quic
2026-09-11T07:01:05Z ERR failed to accept incoming stream requests error="failed to accept QUIC stream: timeout: no recent network activity" connIndex=1 event=0 ip=198.41.200.53
2026-09-11T07:01:05Z ERR failed to run the datagram handler error="timeout: no recent network activity" connIndex=1 event=0 ip=198.41.200.53
2026-09-11T07:01:05Z WRN failed to serve tunnel connection error="accept stream listener encountered a failure while serving" connIndex=1 event=0 ip=198.41.200.53
2026-09-11T07:01:05Z WRN Serve tunnel error error="accept stream listener encountered a failure while serving" connIndex=1 event=0 ip=198.41.200.53
2026-09-11T07:01:05Z INF Retrying connection in up to 1s connIndex=1 event=0 ip=198.41.200.53
2026-09-11T07:01:07Z WRN Connection terminated error="accept stream listener encountered a failure while serving" connIndex=1
2026-09-11T07:01:45Z INF Tunnel connection curve preferences: [X25519MLKEM768 CurveP256] connIndex=1 event=0 ip=198.41.200.53
2026-09-11T07:01:51Z ERR failed to accept incoming stream requests error="failed to accept QUIC stream: timeout: no recent network activity" connIndex=1 event=0 ip=198.41.200.53
2026-09-11T07:01:51Z ERR failed to run the datagram handler error="timeout: no recent network activity" connIndex=1 event=0 ip=198.41.200.53
2026-09-11T07:01:51Z WRN failed to serve tunnel connection error="control stream encountered a failure while serving" connIndex=1 event=0 ip=198.41.200.53
2026-09-11T07:01:51Z WRN Serve tunnel error error="control stream encountered a failure while serving" connIndex=1 event=0 ip=198.41.200.53
2026-09-11T07:01:51Z INF Retrying connection in up to 4s connIndex=1 event=0 ip=198.41.200.53
2026-09-11T07:01:53Z WRN Connection terminated error="control stream encountered a failure while serving" connIndex=1
2026-09-11T07:01:56Z INF Tunnel connection curve preferences: [X25519MLKEM768 CurveP256] connIndex=1 event=0 ip=198.41.200.53
2026-09-11T07:02:02Z WRN Failed to dial a quic connection error="failed to dial to edge with quic: timeout: no recent network activity" connIndex=1 event=0 ip=198.41.200.53
2026-09-11T07:02:02Z WRN Connection terminated error="there are no free edge addresses left to resolve to" connIndex=1
2026-09-11T07:02:18Z INF Tunnel connection curve preferences: [X25519MLKEM768 CurveP256] connIndex=1 event=0 ip=198.41.200.53
2026-09-11T07:02:31Z ERR failed to run the datagram handler error="context canceled" connIndex=1 event=0 ip=198.41.200.53
2026-09-11T07:02:31Z ERR failed to accept incoming stream requests error="failed to accept QUIC stream: timeout: no recent network activity" connIndex=1 event=0 ip=198.41.200.53
2026-09-11T07:02:31Z WRN failed to serve tunnel connection error="control stream encountered a failure while serving" connIndex=1 event=0 ip=198.41.200.53
2026-09-11T07:02:31Z WRN Serve tunnel error error="control stream encountered a failure while serving" connIndex=1 event=0 ip=198.41.200.53
2026-09-11T07:02:31Z INF Retrying connection in up to 8s connIndex=1 event=0 ip=198.41.200.53
2026-09-11T07:02:38Z WRN Connection terminated error="control stream encountered a failure while serving" connIndex=1
2026-09-11T07:03:48Z INF Tunnel connection curve preferences: [X25519MLKEM768 CurveP256] connIndex=1 event=0 ip=198.41.200.53
2026-09-11T07:03:53Z WRN Failed to dial a quic connection error="failed to dial to edge with quic: timeout: no recent network activity" connIndex=1 event=0 ip=198.41.200.53
2026-09-11T07:03:53Z WRN Connection terminated error="there are no free edge addresses left to resolve to" connIndex=1
2026-09-11T07:04:14Z INF Tunnel connection curve preferences: [X25519MLKEM768 CurveP256] connIndex=1 event=0 ip=198.41.200.53
2026-09-11T07:04:15Z ERR Failed to refresh DNS local resolver error="ParseAddr(\"\"): unable to parse IP"
2026-09-11T07:04:19Z INF Registered tunnel connection connIndex=1 connection=4f95ba07-07b5-4f71-ace8-479876213a46 event=0 ip=198.41.200.53 location=sjc11 protocol=quic
2026-09-11T07:05:02Z ERR failed to accept incoming stream requests error="failed to accept QUIC stream: timeout: no recent network activity" connIndex=1 event=0 ip=198.41.200.53
2026-09-11T07:05:02Z ERR failed to run the datagram handler error="timeout: no recent network activity" connIndex=1 event=0 ip=198.41.200.53
2026-09-11T07:05:02Z WRN failed to serve tunnel connection error="accept stream listener encountered a failure while serving" connIndex=1 event=0 ip=198.41.200.53
2026-09-11T07:05:02Z WRN Serve tunnel error error="accept stream listener encountered a failure while serving" connIndex=1 event=0 ip=198.41.200.53
2026-09-11T07:05:02Z INF Retrying connection in up to 1s connIndex=1 event=0 ip=198.41.200.53
2026-09-11T07:05:03Z WRN Connection terminated error="accept stream listener encountered a failure while serving" connIndex=1
2026-09-11T07:06:33Z INF Tunnel connection curve preferences: [X25519MLKEM768 CurveP256] connIndex=1 event=0 ip=198.41.200.53
2026-09-11T07:06:39Z INF Registered tunnel connection connIndex=1 connection=cfe3eb6a-5c1f-4bad-a930-21fb0dd77e89 event=0 ip=198.41.200.53 location=sjc05 protocol=quic
2026-09-11T07:07:16Z ERR failed to run the datagram handler error="timeout: no recent network activity" connIndex=1 event=0 ip=198.41.200.53
2026-09-11T07:07:16Z ERR failed to accept incoming stream requests error="failed to accept QUIC stream: timeout: no recent network activity" connIndex=1 event=0 ip=198.41.200.53
2026-09-11T07:07:16Z WRN failed to serve tunnel connection error="datagram manager encountered a failure while serving" connIndex=1 event=0 ip=198.41.200.53
2026-09-11T07:07:16Z WRN Serve tunnel error error="datagram manager encountered a failure while serving" connIndex=1 event=0 ip=198.41.200.53
2026-09-11T07:07:16Z INF Retrying connection in up to 1s connIndex=1 event=0 ip=198.41.200.53
2026-09-11T07:07:17Z WRN Connection terminated error="datagram manager encountered a failure while serving" connIndex=1
2026-09-11T07:07:36Z INF Tunnel connection curve preferences: [X25519MLKEM768 CurveP256] connIndex=1 event=0 ip=198.41.200.53
2026-09-11T07:07:46Z ERR failed to run the datagram handler error="context canceled" connIndex=1 event=0 ip=198.41.200.53
2026-09-11T07:07:46Z WRN failed to serve tunnel connection error="control stream encountered a failure while serving" connIndex=1 event=0 ip=198.41.200.53
2026-09-11T07:07:46Z WRN Serve tunnel error error="control stream encountered a failure while serving" connIndex=1 event=0 ip=198.41.200.53
2026-09-11T07:07:46Z INF Retrying connection in up to 4s connIndex=1 event=0 ip=198.41.200.53
2026-09-11T07:07:49Z WRN Connection terminated error="control stream encountered a failure while serving" connIndex=1
2026-09-11T07:09:15Z ERR Failed to refresh DNS local resolver error="ParseAddr(\"\"): unable to parse IP"
2026-09-11T07:09:57Z INF Tunnel connection curve preferences: [X25519MLKEM768 CurveP256] connIndex=1 event=0 ip=198.41.200.53
2026-09-11T07:10:02Z ERR failed to accept incoming stream requests error="failed to accept QUIC stream: timeout: no recent network activity" connIndex=1 event=0 ip=198.41.200.53
2026-09-11T07:10:02Z ERR failed to run the datagram handler error="timeout: no recent network activity" connIndex=1 event=0 ip=198.41.200.53
2026-09-11T07:10:02Z WRN failed to serve tunnel connection error="control stream encountered a failure while serving" connIndex=1 event=0 ip=198.41.200.53
2026-09-11T07:10:02Z WRN Serve tunnel error error="control stream encountered a failure while serving" connIndex=1 event=0 ip=198.41.200.53
2026-09-11T07:10:02Z INF Retrying connection in up to 8s connIndex=1 event=0 ip=198.41.200.53
2026-09-11T07:10:06Z WRN Connection terminated error="control stream encountered a failure while serving" connIndex=1
2026-09-11T07:10:15Z INF Tunnel connection curve preferences: [X25519MLKEM768 CurveP256] connIndex=1 event=0 ip=198.41.200.53
2026-09-11T07:10:30Z ERR failed to accept incoming stream requests error="failed to accept QUIC stream: timeout: no recent network activity" connIndex=1 event=0 ip=198.41.200.53
2026-09-11T07:10:30Z ERR failed to run the datagram handler error="timeout: no recent network activity" connIndex=1 event=0 ip=198.41.200.53
2026-09-11T07:10:30Z WRN failed to serve tunnel connection error="control stream encountered a failure while serving" connIndex=1 event=0 ip=198.41.200.53
2026-09-11T07:10:30Z WRN Serve tunnel error error="control stream encountered a failure while serving" connIndex=1 event=0 ip=198.41.200.53
2026-09-11T07:10:30Z INF Retrying connection in up to 16s connIndex=1 event=0 ip=198.41.200.53
2026-09-11T07:10:34Z WRN Connection terminated error="control stream encountered a failure while serving" connIndex=1
2026-09-11T07:10:47Z INF Tunnel connection curve preferences: [X25519MLKEM768 CurveP256] connIndex=1 event=0 ip=198.41.200.53
2026-09-11T07:10:49Z INF Registered tunnel connection connIndex=1 connection=9aad34db-67ed-4ad7-9e29-1df3e93b26fa event=0 ip=198.41.200.53 location=sjc05 protocol=quic
2026-09-11T07:12:12Z ERR failed to run the datagram handler error="timeout: no recent network activity" connIndex=1 event=0 ip=198.41.200.53
2026-09-11T07:12:12Z ERR failed to accept incoming stream requests error="failed to accept QUIC stream: timeout: no recent network activity" connIndex=1 event=0 ip=198.41.200.53
2026-09-11T07:12:12Z WRN failed to serve tunnel connection error="datagram manager encountered a failure while serving" connIndex=1 event=0 ip=198.41.200.53
2026-09-11T07:12:12Z WRN Serve tunnel error error="datagram manager encountered a failure while serving" connIndex=1 event=0 ip=198.41.200.53
2026-09-11T07:12:12Z INF Retrying connection in up to 1s connIndex=1 event=0 ip=198.41.200.53
2026-09-11T07:12:14Z WRN Connection terminated error="datagram manager encountered a failure while serving" connIndex=1
2026-09-11T07:12:20Z INF Tunnel connection curve preferences: [X25519MLKEM768 CurveP256] connIndex=1 event=0 ip=198.41.200.53
2026-09-11T07:12:27Z WRN Failed to dial a quic connection error="failed to dial to edge with quic: timeout: no recent network activity" connIndex=1 event=0 ip=198.41.200.53
2026-09-11T07:12:27Z WRN Connection terminated error="there are no free edge addresses left to resolve to" connIndex=1
2026-09-11T07:13:06Z INF Tunnel connection curve preferences: [X25519MLKEM768 CurveP256] connIndex=1 event=0 ip=198.41.200.53
2026-09-11T07:13:13Z WRN Failed to dial a quic connection error="failed to dial to edge with quic: timeout: no recent network activity" connIndex=1 event=0 ip=198.41.200.53
2026-09-11T07:13:13Z WRN Connection terminated error="there are no free edge addresses left to resolve to" connIndex=1
2026-09-11T07:13:56Z INF Tunnel connection curve preferences: [X25519MLKEM768 CurveP256] connIndex=1 event=0 ip=198.41.200.53
2026-09-11T07:14:01Z WRN Failed to dial a quic connection error="failed to dial to edge with quic: timeout: no recent network activity" connIndex=1 event=0 ip=198.41.200.53
2026-09-11T07:14:01Z WRN Connection terminated error="there are no free edge addresses left to resolve to" connIndex=1
2026-09-11T07:14:15Z ERR Failed to refresh DNS local resolver error="ParseAddr(\"\"): unable to parse IP"
2026-09-11T07:14:18Z INF Tunnel connection curve preferences: [X25519MLKEM768 CurveP256] connIndex=1 event=0 ip=198.41.200.53
2026-09-11T07:14:22Z INF Registered tunnel connection connIndex=1 connection=b00fea6e-70a7-4831-8538-224f4ecd54ff event=0 ip=198.41.200.53 location=sjc05 protocol=quic
2026-09-11T07:14:31Z ERR failed to run the datagram handler error="timeout: no recent network activity" connIndex=1 event=0 ip=198.41.200.53
2026-09-11T07:14:31Z ERR failed to accept incoming stream requests error="failed to accept QUIC stream: timeout: no recent network activity" connIndex=1 event=0 ip=198.41.200.53
2026-09-11T07:14:31Z WRN failed to serve tunnel connection error="datagram manager encountered a failure while serving" connIndex=1 event=0 ip=198.41.200.53
2026-09-11T07:14:31Z WRN Serve tunnel error error="datagram manager encountered a failure while serving" connIndex=1 event=0 ip=198.41.200.53
2026-09-11T07:14:31Z INF Retrying connection in up to 1s connIndex=1 event=0 ip=198.41.200.53
2026-09-11T07:14:33Z WRN Connection terminated error="datagram manager encountered a failure while serving" connIndex=1
2026-09-11T07:18:16Z INF Tunnel connection curve preferences: [X25519MLKEM768 CurveP256] connIndex=1 event=0 ip=198.41.200.53
2026-09-11T07:18:34Z ERR failed to accept incoming stream requests error="failed to accept QUIC stream: timeout: no recent network activity" connIndex=1 event=0 ip=198.41.200.53
2026-09-11T07:18:34Z ERR failed to run the datagram handler error="context canceled" connIndex=1 event=0 ip=198.41.200.53
2026-09-11T07:18:34Z WRN failed to serve tunnel connection error="control stream encountered a failure while serving" connIndex=1 event=0 ip=198.41.200.53
2026-09-11T07:18:34Z WRN Serve tunnel error error="control stream encountered a failure while serving" connIndex=1 event=0 ip=198.41.200.53
2026-09-11T07:18:34Z INF Retrying connection in up to 4s connIndex=1 event=0 ip=198.41.200.53
2026-09-11T07:18:34Z WRN Connection terminated error="control stream encountered a failure while serving" connIndex=1
2026-09-11T07:18:44Z INF Tunnel connection curve preferences: [X25519MLKEM768 CurveP256] connIndex=1 event=0 ip=198.41.200.53
2026-09-11T07:18:55Z INF Registered tunnel connection connIndex=1 connection=b0148d32-c01f-4679-9aea-11b977a0862b event=0 ip=198.41.200.53 location=sjc11 protocol=quic
2026-09-11T07:19:01Z ERR failed to accept incoming stream requests error="failed to accept QUIC stream: timeout: no recent network activity" connIndex=1 event=0 ip=198.41.200.53
2026-09-11T07:19:01Z ERR failed to run the datagram handler error="timeout: no recent network activity" connIndex=1 event=0 ip=198.41.200.53
2026-09-11T07:19:01Z WRN failed to serve tunnel connection error="accept stream listener encountered a failure while serving" connIndex=1 event=0 ip=198.41.200.53
2026-09-11T07:19:01Z WRN Serve tunnel error error="accept stream listener encountered a failure while serving" connIndex=1 event=0 ip=198.41.200.53
2026-09-11T07:19:01Z INF Retrying connection in up to 1s connIndex=1 event=0 ip=198.41.200.53
2026-09-11T07:19:01Z WRN Connection terminated error="accept stream listener encountered a failure while serving" connIndex=1
2026-09-11T07:19:15Z ERR Failed to refresh DNS local resolver error="ParseAddr(\"\"): unable to parse IP"
2026-09-11T07:19:32Z INF Tunnel connection curve preferences: [X25519MLKEM768 CurveP256] connIndex=1 event=0 ip=198.41.200.53
2026-09-11T07:19:41Z ERR failed to run the datagram handler error="timeout: no recent network activity" connIndex=1 event=0 ip=198.41.200.53
2026-09-11T07:19:41Z ERR failed to accept incoming stream requests error="failed to accept QUIC stream: timeout: no recent network activity" connIndex=1 event=0 ip=198.41.200.53
2026-09-11T07:19:41Z WRN failed to serve tunnel connection error="control stream encountered a failure while serving" connIndex=1 event=0 ip=198.41.200.53
2026-09-11T07:19:41Z WRN Serve tunnel error error="control stream encountered a failure while serving" connIndex=1 event=0 ip=198.41.200.53
2026-09-11T07:19:41Z INF Retrying connection in up to 4s connIndex=1 event=0 ip=198.41.200.53
2026-09-11T07:19:45Z WRN Connection terminated error="control stream encountered a failure while serving" connIndex=1
2026-09-11T07:20:17Z INF Tunnel connection curve preferences: [X25519MLKEM768 CurveP256] connIndex=1 event=0 ip=198.41.200.53
2026-09-11T07:20:27Z WRN Failed to dial a quic connection error="failed to dial to edge with quic: timeout: handshake did not complete in time" connIndex=1 event=0 ip=198.41.200.53
2026-09-11T07:20:27Z WRN Connection terminated error="there are no free edge addresses left to resolve to" connIndex=1
2026-09-11T07:20:28Z INF Tunnel connection curve preferences: [X25519MLKEM768 CurveP256] connIndex=1 event=0 ip=198.41.200.53
2026-09-11T07:20:35Z ERR failed to run the datagram handler error="context canceled" connIndex=1 event=0 ip=198.41.200.53
2026-09-11T07:20:35Z ERR failed to accept incoming stream requests error="failed to accept QUIC stream: timeout: no recent network activity" connIndex=1 event=0 ip=198.41.200.53
2026-09-11T07:20:35Z WRN failed to serve tunnel connection error="control stream encountered a failure while serving" connIndex=1 event=0 ip=198.41.200.53
2026-09-11T07:20:35Z WRN Serve tunnel error error="control stream encountered a failure while serving" connIndex=1 event=0 ip=198.41.200.53
2026-09-11T07:20:35Z INF Retrying connection in up to 8s connIndex=1 event=0 ip=198.41.200.53
2026-09-11T07:20:35Z WRN Connection terminated error="control stream encountered a failure while serving" connIndex=1
2026-09-11T07:20:36Z INF Tunnel connection curve preferences: [X25519MLKEM768 CurveP256] connIndex=1 event=0 ip=198.41.200.53
2026-09-11T07:20:45Z WRN Failed to dial a quic connection error="failed to dial to edge with quic: timeout: no recent network activity" connIndex=1 event=0 ip=198.41.200.53
2026-09-11T07:20:45Z WRN Connection terminated error="there are no free edge addresses left to resolve to" connIndex=1
2026-09-11T07:21:32Z INF Tunnel connection curve preferences: [X25519MLKEM768 CurveP256] connIndex=1 event=0 ip=198.41.200.53
2026-09-11T07:21:35Z INF Registered tunnel connection connIndex=1 connection=fec7503b-3888-43c0-95b3-3477d7c62ae4 event=0 ip=198.41.200.53 location=sjc11 protocol=quic
2026-09-11T07:22:05Z ERR failed to accept incoming stream requests error="failed to accept QUIC stream: timeout: no recent network activity" connIndex=1 event=0 ip=198.41.200.53
2026-09-11T07:22:05Z ERR failed to run the datagram handler error="timeout: no recent network activity" connIndex=1 event=0 ip=198.41.200.53
2026-09-11T07:22:05Z WRN failed to serve tunnel connection error="accept stream listener encountered a failure while serving" connIndex=1 event=0 ip=198.41.200.53
2026-09-11T07:22:05Z WRN Serve tunnel error error="accept stream listener encountered a failure while serving" connIndex=1 event=0 ip=198.41.200.53
2026-09-11T07:22:05Z INF Retrying connection in up to 1s connIndex=1 event=0 ip=198.41.200.53
2026-09-11T07:22:05Z WRN Connection terminated error="accept stream listener encountered a failure while serving" connIndex=1
2026-09-11T07:22:30Z INF Tunnel connection curve preferences: [X25519MLKEM768 CurveP256] connIndex=1 event=0 ip=198.41.200.53
2026-09-11T07:22:39Z WRN Failed to dial a quic connection error="failed to dial to edge with quic: timeout: no recent network activity" connIndex=1 event=0 ip=198.41.200.53
2026-09-11T07:22:39Z WRN Connection terminated error="there are no free edge addresses left to resolve to" connIndex=1
2026-09-11T07:22:43Z INF Tunnel connection curve preferences: [X25519MLKEM768 CurveP256] connIndex=1 event=0 ip=198.41.200.53
2026-09-11T07:22:51Z WRN Failed to dial a quic connection error="failed to dial to edge with quic: timeout: no recent network activity" connIndex=1 event=0 ip=198.41.200.53
2026-09-11T07:22:51Z WRN Connection terminated error="there are no free edge addresses left to resolve to" connIndex=1
2026-09-11T07:23:47Z INF Tunnel connection curve preferences: [X25519MLKEM768 CurveP256] connIndex=1 event=0 ip=198.41.200.53
2026-09-11T07:24:00Z ERR failed to accept incoming stream requests error="failed to accept QUIC stream: timeout: no recent network activity" connIndex=1 event=0 ip=198.41.200.53
2026-09-11T07:24:00Z ERR failed to run the datagram handler error="context canceled" connIndex=1 event=0 ip=198.41.200.53
2026-09-11T07:24:00Z WRN failed to serve tunnel connection error="control stream encountered a failure while serving" connIndex=1 event=0 ip=198.41.200.53
2026-09-11T07:24:00Z WRN Serve tunnel error error="control stream encountered a failure while serving" connIndex=1 event=0 ip=198.41.200.53
2026-09-11T07:24:00Z INF Retrying connection in up to 4s connIndex=1 event=0 ip=198.41.200.53
2026-09-11T07:24:03Z WRN Connection terminated error="control stream encountered a failure while serving" connIndex=1
2026-09-11T07:24:04Z INF Tunnel connection curve preferences: [X25519MLKEM768 CurveP256] connIndex=1 event=0 ip=198.41.200.53
2026-09-11T07:24:14Z WRN Failed to dial a quic connection error="failed to dial to edge with quic: timeout: handshake did not complete in time" connIndex=1 event=0 ip=198.41.200.53
2026-09-11T07:24:14Z WRN Connection terminated error="there are no free edge addresses left to resolve to" connIndex=1
2026-09-11T07:24:15Z ERR Failed to refresh DNS local resolver error="ParseAddr(\"\"): unable to parse IP"
2026-09-11T07:24:44Z INF Tunnel connection curve preferences: [X25519MLKEM768 CurveP256] connIndex=1 event=0 ip=198.41.200.53
2026-09-11T07:24:46Z INF Registered tunnel connection connIndex=1 connection=203926ab-d61e-47fa-bd1b-5261b1fffcd5 event=0 ip=198.41.200.53 location=sjc07 protocol=quic
2026-09-11T07:25:02Z ERR failed to run the datagram handler error="timeout: no recent network activity" connIndex=1 event=0 ip=198.41.200.53
2026-09-11T07:25:02Z ERR failed to accept incoming stream requests error="failed to accept QUIC stream: timeout: no recent network activity" connIndex=1 event=0 ip=198.41.200.53
2026-09-11T07:25:02Z WRN failed to serve tunnel connection error="datagram manager encountered a failure while serving" connIndex=1 event=0 ip=198.41.200.53
2026-09-11T07:25:02Z WRN Serve tunnel error error="datagram manager encountered a failure while serving" connIndex=1 event=0 ip=198.41.200.53
2026-09-11T07:25:02Z INF Retrying connection in up to 1s connIndex=1 event=0 ip=198.41.200.53
2026-09-11T07:25:02Z WRN Connection terminated error="datagram manager encountered a failure while serving" connIndex=1
2026-09-11T07:26:47Z INF Tunnel connection curve preferences: [X25519MLKEM768 CurveP256] connIndex=1 event=0 ip=198.41.200.53
2026-09-11T07:26:57Z WRN Failed to dial a quic connection error="failed to dial to edge with quic: timeout: handshake did not complete in time" connIndex=1 event=0 ip=198.41.200.53
2026-09-11T07:26:57Z WRN Connection terminated error="there are no free edge addresses left to resolve to" connIndex=1
2026-09-11T07:29:15Z ERR Failed to refresh DNS local resolver error="ParseAddr(\"\"): unable to parse IP"
2026-09-11T07:30:17Z INF Tunnel connection curve preferences: [X25519MLKEM768 CurveP256] connIndex=1 event=0 ip=198.41.200.53
2026-09-11T07:30:26Z ERR failed to run the datagram handler error="timeout: no recent network activity" connIndex=1 event=0 ip=198.41.200.53
2026-09-11T07:30:26Z ERR failed to accept incoming stream requests error="failed to accept QUIC stream: timeout: no recent network activity" connIndex=1 event=0 ip=198.41.200.53
2026-09-11T07:30:26Z WRN failed to serve tunnel connection error="control stream encountered a failure while serving" connIndex=1 event=0 ip=198.41.200.53
2026-09-11T07:30:26Z WRN Serve tunnel error error="control stream encountered a failure while serving" connIndex=1 event=0 ip=198.41.200.53
2026-09-11T07:30:26Z INF Retrying connection in up to 4s connIndex=1 event=0 ip=198.41.200.53
2026-09-11T07:30:30Z WRN Connection terminated error="control stream encountered a failure while serving" connIndex=1
2026-09-11T07:34:15Z ERR Failed to refresh DNS local resolver error="ParseAddr(\"\"): unable to parse IP"
2026-09-11T07:34:16Z INF Tunnel connection curve preferences: [X25519MLKEM768 CurveP256] connIndex=1 event=0 ip=198.41.200.53
2026-09-11T07:34:21Z WRN Failed to dial a quic connection error="failed to dial to edge with quic: timeout: no recent network activity" connIndex=1 event=0 ip=198.41.200.53
2026-09-11T07:34:21Z WRN Connection terminated error="there are no free edge addresses left to resolve to" connIndex=1
2026-09-11T07:34:22Z INF Tunnel connection curve preferences: [X25519MLKEM768 CurveP256] connIndex=1 event=0 ip=198.41.200.53
2026-09-11T07:34:27Z WRN Failed to dial a quic connection error="failed to dial to edge with quic: timeout: no recent network activity" connIndex=1 event=0 ip=198.41.200.53
2026-09-11T07:34:27Z WRN Connection terminated error="there are no free edge addresses left to resolve to" connIndex=1
2026-09-11T07:36:10Z INF Tunnel connection curve preferences: [X25519MLKEM768 CurveP256] connIndex=1 event=0 ip=198.41.200.53
2026-09-11T07:36:15Z WRN Failed to dial a quic connection error="failed to dial to edge with quic: timeout: no recent network activity" connIndex=1 event=0 ip=198.41.200.53
2026-09-11T07:36:15Z WRN Connection terminated error="there are no free edge addresses left to resolve to" connIndex=1
2026-09-11T07:36:20Z INF Tunnel connection curve preferences: [X25519MLKEM768 CurveP256] connIndex=1 event=0 ip=198.41.200.53
2026-09-11T07:36:22Z INF Registered tunnel connection connIndex=1 connection=78c39f07-3e3c-41a9-868d-34c86aabc30d event=0 ip=198.41.200.53 location=sjc11 protocol=quic
2026-09-11T07:36:35Z ERR failed to run the datagram handler error="timeout: no recent network activity" connIndex=1 event=0 ip=198.41.200.53
2026-09-11T07:36:35Z ERR failed to accept incoming stream requests error="failed to accept QUIC stream: timeout: no recent network activity" connIndex=1 event=0 ip=198.41.200.53
2026-09-11T07:36:35Z WRN failed to serve tunnel connection error="datagram manager encountered a failure while serving" connIndex=1 event=0 ip=198.41.200.53
2026-09-11T07:36:35Z WRN Serve tunnel error error="datagram manager encountered a failure while serving" connIndex=1 event=0 ip=198.41.200.53
2026-09-11T07:36:35Z INF Retrying connection in up to 1s connIndex=1 event=0 ip=198.41.200.53
2026-09-11T07:36:37Z WRN Connection terminated error="datagram manager encountered a failure while serving" connIndex=1
2026-09-11T07:37:07Z INF Tunnel connection curve preferences: [X25519MLKEM768 CurveP256] connIndex=1 event=0 ip=198.41.200.53
2026-09-11T07:37:12Z WRN Failed to dial a quic connection error="failed to dial to edge with quic: timeout: no recent network activity" connIndex=1 event=0 ip=198.41.200.53
2026-09-11T07:37:12Z WRN Connection terminated error="there are no free edge addresses left to resolve to" connIndex=1
2026-09-11T07:38:10Z INF Tunnel connection curve preferences: [X25519MLKEM768 CurveP256] connIndex=1 event=0 ip=198.41.200.53
2026-09-11T07:38:11Z INF Registered tunnel connection connIndex=1 connection=641358fa-b9a5-4b66-bb63-c646184febe2 event=0 ip=198.41.200.53 location=sjc11 protocol=quic
2026-09-11T07:38:17Z ERR failed to accept incoming stream requests error="failed to accept QUIC stream: timeout: no recent network activity" connIndex=1 event=0 ip=198.41.200.53
2026-09-11T07:38:17Z ERR failed to run the datagram handler error="timeout: no recent network activity" connIndex=1 event=0 ip=198.41.200.53
2026-09-11T07:38:17Z WRN failed to serve tunnel connection error="accept stream listener encountered a failure while serving" connIndex=1 event=0 ip=198.41.200.53
2026-09-11T07:38:17Z WRN Serve tunnel error error="accept stream listener encountered a failure while serving" connIndex=1 event=0 ip=198.41.200.53
2026-09-11T07:38:17Z INF Retrying connection in up to 1s connIndex=1 event=0 ip=198.41.200.53
2026-09-11T07:38:19Z WRN Connection terminated error="accept stream listener encountered a failure while serving" connIndex=1
2026-09-11T07:39:15Z ERR Failed to refresh DNS local resolver error="ParseAddr(\"\"): unable to parse IP"
2026-09-11T07:39:23Z INF Tunnel connection curve preferences: [X25519MLKEM768 CurveP256] connIndex=1 event=0 ip=198.41.200.53
2026-09-11T07:39:27Z INF Registered tunnel connection connIndex=1 connection=e91c502e-da44-4df7-89cb-5e89ef14a7b5 event=0 ip=198.41.200.53 location=sjc05 protocol=quic
2026-09-11T07:39:51Z ERR failed to accept incoming stream requests error="failed to accept QUIC stream: timeout: no recent network activity" connIndex=1 event=0 ip=198.41.200.53
2026-09-11T07:39:51Z ERR failed to run the datagram handler error="timeout: no recent network activity" connIndex=1 event=0 ip=198.41.200.53
2026-09-11T07:39:51Z WRN failed to serve tunnel connection error="accept stream listener encountered a failure while serving" connIndex=1 event=0 ip=198.41.200.53
2026-09-11T07:39:51Z WRN Serve tunnel error error="accept stream listener encountered a failure while serving" connIndex=1 event=0 ip=198.41.200.53
2026-09-11T07:39:51Z INF Retrying connection in up to 1s connIndex=1 event=0 ip=198.41.200.53
2026-09-11T07:39:53Z WRN Connection terminated error="accept stream listener encountered a failure while serving" connIndex=1
2026-09-11T07:42:57Z INF Tunnel connection curve preferences: [X25519MLKEM768 CurveP256] connIndex=1 event=0 ip=198.41.200.53
2026-09-11T07:43:07Z WRN Failed to dial a quic connection error="failed to dial to edge with quic: timeout: handshake did not complete in time" connIndex=1 event=0 ip=198.41.200.53
2026-09-11T07:43:07Z WRN Connection terminated error="there are no free edge addresses left to resolve to" connIndex=1
2026-09-11T07:43:11Z INF Tunnel connection curve preferences: [X25519MLKEM768 CurveP256] connIndex=1 event=0 ip=198.41.200.53
2026-09-11T07:43:21Z WRN Failed to dial a quic connection error="failed to dial to edge with quic: timeout: handshake did not complete in time" connIndex=1 event=0 ip=198.41.200.53
2026-09-11T07:43:21Z WRN Connection terminated error="there are no free edge addresses left to resolve to" connIndex=1
2026-09-11T07:43:37Z INF Tunnel connection curve preferences: [X25519MLKEM768 CurveP256] connIndex=1 event=0 ip=198.41.200.53
2026-09-11T07:43:42Z WRN Failed to dial a quic connection error="failed to dial to edge with quic: timeout: no recent network activity" connIndex=1 event=0 ip=198.41.200.53
2026-09-11T07:43:42Z WRN Connection terminated error="there are no free edge addresses left to resolve to" connIndex=1
2026-09-11T07:44:15Z ERR Failed to refresh DNS local resolver error="ParseAddr(\"\"): unable to parse IP"
2026-09-11T07:44:43Z INF Tunnel connection curve preferences: [X25519MLKEM768 CurveP256] connIndex=1 event=0 ip=198.41.200.53
2026-09-11T07:44:53Z WRN Failed to dial a quic connection error="failed to dial to edge with quic: timeout: handshake did not complete in time" connIndex=1 event=0 ip=198.41.200.53
2026-09-11T07:44:53Z WRN Connection terminated error="there are no free edge addresses left to resolve to" connIndex=1
2026-09-11T07:47:09Z INF Tunnel connection curve preferences: [X25519MLKEM768 CurveP256] connIndex=1 event=0 ip=198.41.200.53
2026-09-11T07:47:14Z WRN Failed to dial a quic connection error="failed to dial to edge with quic: timeout: no recent network activity" connIndex=1 event=0 ip=198.41.200.53
2026-09-11T07:47:14Z WRN Connection terminated error="there are no free edge addresses left to resolve to" connIndex=1
2026-09-11T07:48:31Z INF Tunnel connection curve preferences: [X25519MLKEM768 CurveP256] connIndex=1 event=0 ip=198.41.200.53
2026-09-11T07:48:39Z WRN Failed to dial a quic connection error="failed to dial to edge with quic: timeout: no recent network activity" connIndex=1 event=0 ip=198.41.200.53
2026-09-11T07:48:39Z WRN Connection terminated error="there are no free edge addresses left to resolve to" connIndex=1
2026-09-11T07:49:15Z ERR Failed to refresh DNS local resolver error="ParseAddr(\"\"): unable to parse IP"
2026-09-11T07:52:47Z INF Tunnel connection curve preferences: [X25519MLKEM768 CurveP256] connIndex=1 event=0 ip=198.41.200.53
2026-09-11T07:52:53Z ERR failed to run the datagram handler error="context canceled" connIndex=1 event=0 ip=198.41.200.53
2026-09-11T07:52:53Z ERR failed to accept incoming stream requests error="failed to accept QUIC stream: timeout: no recent network activity" connIndex=1 event=0 ip=198.41.200.53
2026-09-11T07:52:53Z WRN failed to serve tunnel connection error="control stream encountered a failure while serving" connIndex=1 event=0 ip=198.41.200.53
2026-09-11T07:52:53Z WRN Serve tunnel error error="control stream encountered a failure while serving" connIndex=1 event=0 ip=198.41.200.53
2026-09-11T07:52:53Z INF Retrying connection in up to 4s connIndex=1 event=0 ip=198.41.200.53
2026-09-11T07:52:56Z WRN Connection terminated error="control stream encountered a failure while serving" connIndex=1
2026-09-11T07:54:15Z ERR Failed to refresh DNS local resolver error="ParseAddr(\"\"): unable to parse IP"
2026-09-11T07:58:13Z INF Tunnel connection curve preferences: [X25519MLKEM768 CurveP256] connIndex=1 event=0 ip=198.41.200.53
2026-09-11T07:58:19Z WRN Failed to dial a quic connection error="failed to dial to edge with quic: timeout: no recent network activity" connIndex=1 event=0 ip=198.41.200.53
2026-09-11T07:58:19Z WRN Connection terminated error="there are no free edge addresses left to resolve to" connIndex=1
2026-09-11T07:59:15Z ERR Failed to refresh DNS local resolver error="ParseAddr(\"\"): unable to parse IP"
2026-09-11T08:03:35Z INF Tunnel connection curve preferences: [X25519MLKEM768 CurveP256] connIndex=1 event=0 ip=198.41.200.53
2026-09-11T08:03:44Z ERR failed to accept incoming stream requests error="failed to accept QUIC stream: timeout: no recent network activity" connIndex=1 event=0 ip=198.41.200.53
2026-09-11T08:03:44Z ERR failed to run the datagram handler error="context canceled" connIndex=1 event=0 ip=198.41.200.53
2026-09-11T08:03:44Z WRN failed to serve tunnel connection error="control stream encountered a failure while serving" connIndex=1 event=0 ip=198.41.200.53
2026-09-11T08:03:44Z WRN Serve tunnel error error="control stream encountered a failure while serving" connIndex=1 event=0 ip=198.41.200.53
2026-09-11T08:03:44Z INF Retrying connection in up to 8s connIndex=1 event=0 ip=198.41.200.53
2026-09-11T08:03:48Z WRN Connection terminated error="control stream encountered a failure while serving" connIndex=1
2026-09-11T08:04:15Z ERR Failed to refresh DNS local resolver error="ParseAddr(\"\"): unable to parse IP"
2026-09-11T08:08:31Z INF Tunnel connection curve preferences: [X25519MLKEM768 CurveP256] connIndex=1 event=0 ip=198.41.200.53
2026-09-11T08:08:37Z WRN Failed to dial a quic connection error="failed to dial to edge with quic: timeout: no recent network activity" connIndex=1 event=0 ip=198.41.200.53
2026-09-11T08:08:37Z WRN Connection terminated error="there are no free edge addresses left to resolve to" connIndex=1
2026-09-11T08:09:15Z ERR Failed to refresh DNS local resolver error="ParseAddr(\"\"): unable to parse IP"
2026-09-11T08:12:58Z INF Tunnel connection curve preferences: [X25519MLKEM768 CurveP256] connIndex=1 event=0 ip=198.41.200.53
2026-09-11T08:13:05Z INF Registered tunnel connection connIndex=1 connection=b1fcafaf-54d3-4a78-b1cc-1c4b57af1acd event=0 ip=198.41.200.53 location=sjc11 protocol=quic
2026-09-11T08:13:21Z ERR failed to accept incoming stream requests error="failed to accept QUIC stream: timeout: no recent network activity" connIndex=1 event=0 ip=198.41.200.53
2026-09-11T08:13:21Z ERR failed to run the datagram handler error="timeout: no recent network activity" connIndex=1 event=0 ip=198.41.200.53
2026-09-11T08:13:21Z WRN failed to serve tunnel connection error="accept stream listener encountered a failure while serving" connIndex=1 event=0 ip=198.41.200.53
2026-09-11T08:13:21Z WRN Serve tunnel error error="accept stream listener encountered a failure while serving" connIndex=1 event=0 ip=198.41.200.53
2026-09-11T08:13:21Z INF Retrying connection in up to 1s connIndex=1 event=0 ip=198.41.200.53
2026-09-11T08:13:23Z WRN Connection terminated error="accept stream listener encountered a failure while serving" connIndex=1
2026-09-11T08:14:15Z ERR Failed to refresh DNS local resolver error="ParseAddr(\"\"): unable to parse IP"
2026-09-11T08:14:30Z INF Tunnel connection curve preferences: [X25519MLKEM768 CurveP256] connIndex=1 event=0 ip=198.41.200.53
2026-09-11T08:14:48Z ERR failed to run the datagram handler error="context canceled" connIndex=1 event=0 ip=198.41.200.53
2026-09-11T08:14:48Z WRN failed to serve tunnel connection error="control stream encountered a failure while serving" connIndex=1 event=0 ip=198.41.200.53
2026-09-11T08:14:48Z WRN Serve tunnel error error="control stream encountered a failure while serving" connIndex=1 event=0 ip=198.41.200.53
2026-09-11T08:14:48Z INF Retrying connection in up to 4s connIndex=1 event=0 ip=198.41.200.53
2026-09-11T08:14:51Z WRN Connection terminated error="control stream encountered a failure while serving" connIndex=1
2026-09-11T08:17:23Z INF Tunnel connection curve preferences: [X25519MLKEM768 CurveP256] connIndex=1 event=0 ip=198.41.200.53
2026-09-11T08:17:33Z WRN Failed to dial a quic connection error="failed to dial to edge with quic: timeout: handshake did not complete in time" connIndex=1 event=0 ip=198.41.200.53
2026-09-11T08:17:33Z WRN Connection terminated error="there are no free edge addresses left to resolve to" connIndex=1
2026-09-11T08:17:36Z INF Tunnel connection curve preferences: [X25519MLKEM768 CurveP256] connIndex=1 event=0 ip=198.41.200.53
2026-09-11T08:17:41Z INF Registered tunnel connection connIndex=1 connection=821ae5b2-6966-4f25-97bf-7d45bc80f5e4 event=0 ip=198.41.200.53 location=sjc07 protocol=quic
2026-09-11T08:17:48Z ERR failed to accept incoming stream requests error="failed to accept QUIC stream: timeout: no recent network activity" connIndex=1 event=0 ip=198.41.200.53
2026-09-11T08:17:48Z ERR failed to run the datagram handler error="timeout: no recent network activity" connIndex=1 event=0 ip=198.41.200.53
2026-09-11T08:17:48Z WRN failed to serve tunnel connection error="accept stream listener encountered a failure while serving" connIndex=1 event=0 ip=198.41.200.53
2026-09-11T08:17:48Z WRN Serve tunnel error error="accept stream listener encountered a failure while serving" connIndex=1 event=0 ip=198.41.200.53
2026-09-11T08:17:48Z INF Retrying connection in up to 1s connIndex=1 event=0 ip=198.41.200.53
2026-09-11T08:17:50Z WRN Connection terminated error="accept stream listener encountered a failure while serving" connIndex=1
2026-09-11T08:18:23Z INF Tunnel connection curve preferences: [X25519MLKEM768 CurveP256] connIndex=1 event=0 ip=198.41.200.53
2026-09-11T08:18:33Z ERR failed to run the datagram handler error="timeout: no recent network activity" connIndex=1 event=0 ip=198.41.200.53
2026-09-11T08:18:33Z ERR failed to accept incoming stream requests error="failed to accept QUIC stream: timeout: no recent network activity" connIndex=1 event=0 ip=198.41.200.53
2026-09-11T08:18:33Z WRN failed to serve tunnel connection error="control stream encountered a failure while serving" connIndex=1 event=0 ip=198.41.200.53
2026-09-11T08:18:33Z WRN Serve tunnel error error="control stream encountered a failure while serving" connIndex=1 event=0 ip=198.41.200.53
2026-09-11T08:18:33Z INF Retrying connection in up to 4s connIndex=1 event=0 ip=198.41.200.53
2026-09-11T08:18:34Z WRN Connection terminated error="control stream encountered a failure while serving" connIndex=1
2026-09-11T08:18:45Z INF Tunnel connection curve preferences: [X25519MLKEM768 CurveP256] connIndex=1 event=0 ip=198.41.200.53
2026-09-11T08:18:52Z ERR failed to accept incoming stream requests error="failed to accept QUIC stream: timeout: no recent network activity" connIndex=1 event=0 ip=198.41.200.53
2026-09-11T08:18:52Z ERR failed to run the datagram handler error="timeout: no recent network activity" connIndex=1 event=0 ip=198.41.200.53
2026-09-11T08:18:52Z WRN failed to serve tunnel connection error="control stream encountered a failure while serving" connIndex=1 event=0 ip=198.41.200.53
2026-09-11T08:18:52Z WRN Serve tunnel error error="control stream encountered a failure while serving" connIndex=1 event=0 ip=198.41.200.53
2026-09-11T08:18:52Z INF Retrying connection in up to 8s connIndex=1 event=0 ip=198.41.200.53
2026-09-11T08:19:00Z WRN Connection terminated error="control stream encountered a failure while serving" connIndex=1
2026-09-11T08:19:15Z ERR Failed to refresh DNS local resolver error="ParseAddr(\"\"): unable to parse IP"
2026-09-11T08:19:27Z INF Tunnel connection curve preferences: [X25519MLKEM768 CurveP256] connIndex=1 event=0 ip=198.41.200.53
2026-09-11T08:19:37Z ERR failed to run the datagram handler error="context canceled" connIndex=1 event=0 ip=198.41.200.53
2026-09-11T08:19:37Z ERR failed to accept incoming stream requests error="failed to accept QUIC stream: timeout: no recent network activity" connIndex=1 event=0 ip=198.41.200.53
2026-09-11T08:19:37Z WRN failed to serve tunnel connection error="control stream encountered a failure while serving" connIndex=1 event=0 ip=198.41.200.53
2026-09-11T08:19:37Z WRN Serve tunnel error error="control stream encountered a failure while serving" connIndex=1 event=0 ip=198.41.200.53
2026-09-11T08:19:37Z INF Retrying connection in up to 16s connIndex=1 event=0 ip=198.41.200.53
2026-09-11T08:19:52Z WRN Connection terminated error="control stream encountered a failure while serving" connIndex=1
2026-09-11T08:20:33Z INF Tunnel connection curve preferences: [X25519MLKEM768 CurveP256] connIndex=1 event=0 ip=198.41.200.53
2026-09-11T08:20:43Z WRN Failed to dial a quic connection error="failed to dial to edge with quic: timeout: handshake did not complete in time" connIndex=1 event=0 ip=198.41.200.53
2026-09-11T08:20:43Z WRN Connection terminated error="there are no free edge addresses left to resolve to" connIndex=1
2026-09-11T08:21:11Z INF Tunnel connection curve preferences: [X25519MLKEM768 CurveP256] connIndex=1 event=0 ip=198.41.200.53
2026-09-11T08:21:20Z INF Registered tunnel connection connIndex=1 connection=0cef7ab2-d2eb-4786-8815-3e44753547c4 event=0 ip=198.41.200.53 location=sjc07 protocol=quic
2026-09-11T08:21:28Z ERR failed to accept incoming stream requests error="failed to accept QUIC stream: timeout: no recent network activity" connIndex=1 event=0 ip=198.41.200.53
2026-09-11T08:21:28Z ERR failed to run the datagram handler error="timeout: no recent network activity" connIndex=1 event=0 ip=198.41.200.53
2026-09-11T08:21:28Z WRN failed to serve tunnel connection error="accept stream listener encountered a failure while serving" connIndex=1 event=0 ip=198.41.200.53
2026-09-11T08:21:28Z WRN Serve tunnel error error="accept stream listener encountered a failure while serving" connIndex=1 event=0 ip=198.41.200.53
2026-09-11T08:21:28Z INF Retrying connection in up to 1s connIndex=1 event=0 ip=198.41.200.53
2026-09-11T08:21:28Z WRN Connection terminated error="accept stream listener encountered a failure while serving" connIndex=1
2026-09-11T08:23:55Z INF Tunnel connection curve preferences: [X25519MLKEM768 CurveP256] connIndex=1 event=0 ip=198.41.200.53
2026-09-11T08:23:57Z INF Registered tunnel connection connIndex=1 connection=2efa2062-6903-4c6f-a135-d023010b409b event=0 ip=198.41.200.53 location=sjc08 protocol=quic
2026-09-11T08:24:05Z ERR failed to accept incoming stream requests error="failed to accept QUIC stream: timeout: no recent network activity" connIndex=1 event=0 ip=198.41.200.53
2026-09-11T08:24:05Z ERR failed to run the datagram handler error="timeout: no recent network activity" connIndex=1 event=0 ip=198.41.200.53
2026-09-11T08:24:05Z WRN failed to serve tunnel connection error="accept stream listener encountered a failure while serving" connIndex=1 event=0 ip=198.41.200.53
2026-09-11T08:24:05Z WRN Serve tunnel error error="accept stream listener encountered a failure while serving" connIndex=1 event=0 ip=198.41.200.53
2026-09-11T08:24:05Z INF Retrying connection in up to 1s connIndex=1 event=0 ip=198.41.200.53
2026-09-11T08:24:05Z WRN Connection terminated error="accept stream listener encountered a failure while serving" connIndex=1
2026-09-11T08:24:15Z ERR Failed to refresh DNS local resolver error="ParseAddr(\"\"): unable to parse IP"
2026-09-11T08:26:53Z INF Tunnel connection curve preferences: [X25519MLKEM768 CurveP256] connIndex=1 event=0 ip=198.41.200.53
2026-09-11T08:27:00Z INF Registered tunnel connection connIndex=1 connection=888c1308-76bd-4c80-a5c8-b08ebba21d7c event=0 ip=198.41.200.53 location=sjc08 protocol=quic
2026-09-11T08:27:31Z ERR failed to accept incoming stream requests error="failed to accept QUIC stream: timeout: no recent network activity" connIndex=1 event=0 ip=198.41.200.53
2026-09-11T08:27:31Z ERR failed to run the datagram handler error="timeout: no recent network activity" connIndex=1 event=0 ip=198.41.200.53
2026-09-11T08:27:31Z WRN failed to serve tunnel connection error="accept stream listener encountered a failure while serving" connIndex=1 event=0 ip=198.41.200.53
2026-09-11T08:27:31Z WRN Serve tunnel error error="accept stream listener encountered a failure while serving" connIndex=1 event=0 ip=198.41.200.53
2026-09-11T08:27:31Z INF Retrying connection in up to 1s connIndex=1 event=0 ip=198.41.200.53
2026-09-11T08:27:32Z WRN Connection terminated error="accept stream listener encountered a failure while serving" connIndex=1
2026-09-11T08:29:15Z ERR Failed to refresh DNS local resolver error="ParseAddr(\"\"): unable to parse IP"
2026-09-11T08:32:15Z INF Tunnel connection curve preferences: [X25519MLKEM768 CurveP256] connIndex=1 event=0 ip=198.41.200.53
2026-09-11T08:32:27Z ERR failed to accept incoming stream requests error="failed to accept QUIC stream: timeout: no recent network activity" connIndex=1 event=0 ip=198.41.200.53
2026-09-11T08:32:27Z ERR failed to run the datagram handler error="context canceled" connIndex=1 event=0 ip=198.41.200.53
2026-09-11T08:32:27Z WRN failed to serve tunnel connection error="control stream encountered a failure while serving" connIndex=1 event=0 ip=198.41.200.53
2026-09-11T08:32:27Z WRN Serve tunnel error error="control stream encountered a failure while serving" connIndex=1 event=0 ip=198.41.200.53
2026-09-11T08:32:27Z INF Retrying connection in up to 4s connIndex=1 event=0 ip=198.41.200.53
2026-09-11T08:32:27Z WRN Connection terminated error="control stream encountered a failure while serving" connIndex=1
2026-09-11T08:34:15Z ERR Failed to refresh DNS local resolver error="ParseAddr(\"\"): unable to parse IP"
2026-09-11T08:36:20Z INF Tunnel connection curve preferences: [X25519MLKEM768 CurveP256] connIndex=1 event=0 ip=198.41.200.53
2026-09-11T08:36:30Z WRN Failed to dial a quic connection error="failed to dial to edge with quic: timeout: handshake did not complete in time" connIndex=1 event=0 ip=198.41.200.53
2026-09-11T08:36:30Z WRN Connection terminated error="there are no free edge addresses left to resolve to" connIndex=1
2026-09-11T08:39:15Z ERR Failed to refresh DNS local resolver error="ParseAddr(\"\"): unable to parse IP"
2026-09-11T08:39:29Z INF Tunnel connection curve preferences: [X25519MLKEM768 CurveP256] connIndex=1 event=0 ip=198.41.200.53
2026-09-11T08:39:38Z ERR failed to run the datagram handler error="context canceled" connIndex=1 event=0 ip=198.41.200.53
2026-09-11T08:39:38Z WRN failed to serve tunnel connection error="control stream encountered a failure while serving" connIndex=1 event=0 ip=198.41.200.53
2026-09-11T08:39:38Z WRN Serve tunnel error error="control stream encountered a failure while serving" connIndex=1 event=0 ip=198.41.200.53
2026-09-11T08:39:38Z INF Retrying connection in up to 8s connIndex=1 event=0 ip=198.41.200.53
2026-09-11T08:39:45Z WRN Connection terminated error="control stream encountered a failure while serving" connIndex=1
2026-09-11T08:40:11Z INF Tunnel connection curve preferences: [X25519MLKEM768 CurveP256] connIndex=1 event=0 ip=198.41.200.53
2026-09-11T08:40:20Z WRN Failed to dial a quic connection error="failed to dial to edge with quic: timeout: no recent network activity" connIndex=1 event=0 ip=198.41.200.53
2026-09-11T08:40:20Z WRN Connection terminated error="there are no free edge addresses left to resolve to" connIndex=1
2026-09-11T08:40:44Z INF Tunnel connection curve preferences: [X25519MLKEM768 CurveP256] connIndex=1 event=0 ip=198.41.200.53
2026-09-11T08:40:52Z WRN Failed to dial a quic connection error="failed to dial to edge with quic: timeout: no recent network activity" connIndex=1 event=0 ip=198.41.200.53
2026-09-11T08:40:52Z WRN Connection terminated error="there are no free edge addresses left to resolve to" connIndex=1
2026-09-11T08:44:15Z ERR Failed to refresh DNS local resolver error="ParseAddr(\"\"): unable to parse IP"
2026-09-11T08:45:24Z INF Tunnel connection curve preferences: [X25519MLKEM768 CurveP256] connIndex=1 event=0 ip=198.41.200.53
2026-09-11T08:45:29Z INF Registered tunnel connection connIndex=1 connection=96e85f95-f735-4026-8571-62db1bcf39a5 event=0 ip=198.41.200.53 location=sjc10 protocol=quic
2026-09-11T08:45:48Z ERR failed to accept incoming stream requests error="failed to accept QUIC stream: timeout: no recent network activity" connIndex=1 event=0 ip=198.41.200.53
2026-09-11T08:45:48Z ERR failed to run the datagram handler error="timeout: no recent network activity" connIndex=1 event=0 ip=198.41.200.53
2026-09-11T08:45:48Z WRN failed to serve tunnel connection error="accept stream listener encountered a failure while serving" connIndex=1 event=0 ip=198.41.200.53
2026-09-11T08:45:48Z WRN Serve tunnel error error="accept stream listener encountered a failure while serving" connIndex=1 event=0 ip=198.41.200.53
2026-09-11T08:45:48Z INF Retrying connection in up to 1s connIndex=1 event=0 ip=198.41.200.53
2026-09-11T08:45:49Z WRN Connection terminated error="accept stream listener encountered a failure while serving" connIndex=1
2026-09-11T08:49:15Z ERR Failed to refresh DNS local resolver error="ParseAddr(\"\"): unable to parse IP"
2026-09-11T08:49:31Z INF Tunnel connection curve preferences: [X25519MLKEM768 CurveP256] connIndex=1 event=0 ip=198.41.200.53
2026-09-11T08:49:37Z WRN Failed to dial a quic connection error="failed to dial to edge with quic: timeout: no recent network activity" connIndex=1 event=0 ip=198.41.200.53
2026-09-11T08:49:37Z WRN Connection terminated error="there are no free edge addresses left to resolve to" connIndex=1
2026-09-11T08:53:28Z INF Tunnel connection curve preferences: [X25519MLKEM768 CurveP256] connIndex=1 event=0 ip=198.41.200.53
2026-09-11T08:53:36Z ERR failed to run the datagram handler error="context canceled" connIndex=1 event=0 ip=198.41.200.53
2026-09-11T08:53:36Z WRN failed to serve tunnel connection error="control stream encountered a failure while serving" connIndex=1 event=0 ip=198.41.200.53
2026-09-11T08:53:36Z WRN Serve tunnel error error="control stream encountered a failure while serving" connIndex=1 event=0 ip=198.41.200.53
2026-09-11T08:53:36Z INF Retrying connection in up to 4s connIndex=1 event=0 ip=198.41.200.53
2026-09-11T08:53:39Z WRN Connection terminated error="control stream encountered a failure while serving" connIndex=1
2026-09-11T08:54:15Z ERR Failed to refresh DNS local resolver error="ParseAddr(\"\"): unable to parse IP"
2026-09-11T08:54:38Z INF Tunnel connection curve preferences: [X25519MLKEM768 CurveP256] connIndex=1 event=0 ip=198.41.200.53
2026-09-11T08:54:46Z ERR failed to run the datagram handler error="context canceled" connIndex=1 event=0 ip=198.41.200.53
2026-09-11T08:54:46Z ERR failed to accept incoming stream requests error="failed to accept QUIC stream: timeout: no recent network activity" connIndex=1 event=0 ip=198.41.200.53
2026-09-11T08:54:46Z WRN failed to serve tunnel connection error="control stream encountered a failure while serving" connIndex=1 event=0 ip=198.41.200.53
2026-09-11T08:54:46Z WRN Serve tunnel error error="control stream encountered a failure while serving" connIndex=1 event=0 ip=198.41.200.53
2026-09-11T08:54:46Z INF Retrying connection in up to 8s connIndex=1 event=0 ip=198.41.200.53
2026-09-11T08:54:48Z WRN Connection terminated error="control stream encountered a failure while serving" connIndex=1
2026-09-11T08:59:15Z ERR Failed to refresh DNS local resolver error="ParseAddr(\"\"): unable to parse IP"
2026-09-11T09:00:05Z INF Tunnel connection curve preferences: [X25519MLKEM768 CurveP256] connIndex=1 event=0 ip=198.41.200.53
2026-09-11T09:00:10Z WRN Failed to dial a quic connection error="failed to dial to edge with quic: timeout: no recent network activity" connIndex=1 event=0 ip=198.41.200.53
2026-09-11T09:00:10Z WRN Connection terminated error="there are no free edge addresses left to resolve to" connIndex=1
2026-09-11T09:00:11Z INF Tunnel connection curve preferences: [X25519MLKEM768 CurveP256] connIndex=1 event=0 ip=198.41.200.53
2026-09-11T09:00:22Z ERR failed to run the datagram handler error="context canceled" connIndex=1 event=0 ip=198.41.200.53
2026-09-11T09:00:22Z ERR failed to accept incoming stream requests error="failed to accept QUIC stream: timeout: no recent network activity" connIndex=1 event=0 ip=198.41.200.53
2026-09-11T09:00:22Z WRN failed to serve tunnel connection error="control stream encountered a failure while serving" connIndex=1 event=0 ip=198.41.200.53
2026-09-11T09:00:22Z WRN Serve tunnel error error="control stream encountered a failure while serving" connIndex=1 event=0 ip=198.41.200.53
2026-09-11T09:00:22Z INF Retrying connection in up to 16s connIndex=1 event=0 ip=198.41.200.53
2026-09-11T09:00:28Z WRN Connection terminated error="control stream encountered a failure while serving" connIndex=1
2026-09-11T09:00:35Z INF Tunnel connection curve preferences: [X25519MLKEM768 CurveP256] connIndex=1 event=0 ip=198.41.200.53
2026-09-11T09:00:44Z INF Registered tunnel connection connIndex=1 connection=503cb56e-d7c4-4289-aaac-a8a67f5eac2b event=0 ip=198.41.200.53 location=sjc05 protocol=quic
2026-09-11T09:00:52Z ERR failed to accept incoming stream requests error="failed to accept QUIC stream: timeout: no recent network activity" connIndex=1 event=0 ip=198.41.200.53
2026-09-11T09:00:52Z ERR failed to run the datagram handler error="timeout: no recent network activity" connIndex=1 event=0 ip=198.41.200.53
2026-09-11T09:00:52Z WRN failed to serve tunnel connection error="accept stream listener encountered a failure while serving" connIndex=1 event=0 ip=198.41.200.53
2026-09-11T09:00:52Z WRN Serve tunnel error error="accept stream listener encountered a failure while serving" connIndex=1 event=0 ip=198.41.200.53
2026-09-11T09:00:52Z INF Retrying connection in up to 1s connIndex=1 event=0 ip=198.41.200.53
2026-09-11T09:00:52Z WRN Connection terminated error="accept stream listener encountered a failure while serving" connIndex=1
2026-09-11T09:01:11Z INF Tunnel connection curve preferences: [X25519MLKEM768 CurveP256] connIndex=1 event=0 ip=198.41.200.53
2026-09-11T09:01:19Z WRN Failed to dial a quic connection error="failed to dial to edge with quic: timeout: no recent network activity" connIndex=1 event=0 ip=198.41.200.53
2026-09-11T09:01:19Z WRN Connection terminated error="there are no free edge addresses left to resolve to" connIndex=1
2026-09-11T09:03:08Z INF Tunnel connection curve preferences: [X25519MLKEM768 CurveP256] connIndex=1 event=0 ip=198.41.200.53
2026-09-11T09:03:21Z INF Registered tunnel connection connIndex=1 connection=796530b7-eec2-4405-979e-4b8fdd7095f5 event=0 ip=198.41.200.53 location=sjc10 protocol=quic
2026-09-11T09:04:15Z ERR Failed to refresh DNS local resolver error="ParseAddr(\"\"): unable to parse IP"
2026-09-11T09:04:37Z ERR failed to accept incoming stream requests error="failed to accept QUIC stream: timeout: no recent network activity" connIndex=1 event=0 ip=198.41.200.53
2026-09-11T09:04:37Z ERR failed to run the datagram handler error="timeout: no recent network activity" connIndex=1 event=0 ip=198.41.200.53
2026-09-11T09:04:37Z WRN failed to serve tunnel connection error="accept stream listener encountered a failure while serving" connIndex=1 event=0 ip=198.41.200.53
2026-09-11T09:04:37Z WRN Serve tunnel error error="accept stream listener encountered a failure while serving" connIndex=1 event=0 ip=198.41.200.53
2026-09-11T09:04:37Z INF Retrying connection in up to 1s connIndex=1 event=0 ip=198.41.200.53
2026-09-11T09:04:38Z WRN Connection terminated error="accept stream listener encountered a failure while serving" connIndex=1
2026-09-11T09:06:31Z INF Tunnel connection curve preferences: [X25519MLKEM768 CurveP256] connIndex=1 event=0 ip=198.41.200.53
2026-09-11T09:06:36Z ERR failed to run the datagram handler error="context canceled" connIndex=1 event=0 ip=198.41.200.53
2026-09-11T09:06:36Z WRN failed to serve tunnel connection error="control stream encountered a failure while serving" connIndex=1 event=0 ip=198.41.200.53
2026-09-11T09:06:36Z WRN Serve tunnel error error="control stream encountered a failure while serving" connIndex=1 event=0 ip=198.41.200.53
2026-09-11T09:06:36Z INF Retrying connection in up to 4s connIndex=1 event=0 ip=198.41.200.53
2026-09-11T09:06:37Z WRN Connection terminated error="control stream encountered a failure while serving" connIndex=1
2026-09-11T09:06:39Z INF Tunnel connection curve preferences: [X25519MLKEM768 CurveP256] connIndex=1 event=0 ip=198.41.200.53
2026-09-11T09:06:47Z INF Registered tunnel connection connIndex=1 connection=221e9c9a-ebd7-4dd6-ae9b-ea24d71bd6d1 event=0 ip=198.41.200.53 location=sjc05 protocol=quic
2026-09-11T09:07:51Z ERR failed to accept incoming stream requests error="failed to accept QUIC stream: timeout: no recent network activity" connIndex=1 event=0 ip=198.41.200.53
2026-09-11T09:07:51Z ERR failed to run the datagram handler error="timeout: no recent network activity" connIndex=1 event=0 ip=198.41.200.53
2026-09-11T09:07:51Z WRN failed to serve tunnel connection error="accept stream listener encountered a failure while serving" connIndex=1 event=0 ip=198.41.200.53
2026-09-11T09:07:51Z WRN Serve tunnel error error="accept stream listener encountered a failure while serving" connIndex=1 event=0 ip=198.41.200.53
2026-09-11T09:07:51Z INF Retrying connection in up to 1s connIndex=1 event=0 ip=198.41.200.53
2026-09-11T09:07:52Z WRN Connection terminated error="accept stream listener encountered a failure while serving" connIndex=1
2026-09-11T09:08:07Z INF Tunnel connection curve preferences: [X25519MLKEM768 CurveP256] connIndex=1 event=0 ip=198.41.200.53
2026-09-11T09:08:13Z INF Registered tunnel connection connIndex=1 connection=ded6608f-f999-4e04-bb70-d9d089d2c97c event=0 ip=198.41.200.53 location=sjc05 protocol=quic
2026-09-11T09:08:18Z ERR failed to accept incoming stream requests error="failed to accept QUIC stream: timeout: no recent network activity" connIndex=1 event=0 ip=198.41.200.53
2026-09-11T09:08:18Z ERR failed to run the datagram handler error="timeout: no recent network activity" connIndex=1 event=0 ip=198.41.200.53
2026-09-11T09:08:18Z WRN failed to serve tunnel connection error="accept stream listener encountered a failure while serving" connIndex=1 event=0 ip=198.41.200.53
2026-09-11T09:08:18Z WRN Serve tunnel error error="accept stream listener encountered a failure while serving" connIndex=1 event=0 ip=198.41.200.53
2026-09-11T09:08:18Z INF Retrying connection in up to 1s connIndex=1 event=0 ip=198.41.200.53
2026-09-11T09:08:20Z WRN Connection terminated error="accept stream listener encountered a failure while serving" connIndex=1
2026-09-11T09:08:52Z INF Tunnel connection curve preferences: [X25519MLKEM768 CurveP256] connIndex=1 event=0 ip=198.41.200.53
2026-09-11T09:08:59Z WRN Failed to dial a quic connection error="failed to dial to edge with quic: timeout: no recent network activity" connIndex=1 event=0 ip=198.41.200.53
2026-09-11T09:08:59Z WRN Connection terminated error="there are no free edge addresses left to resolve to" connIndex=1
2026-09-11T09:09:00Z INF Tunnel connection curve preferences: [X25519MLKEM768 CurveP256] connIndex=1 event=0 ip=198.41.200.53
2026-09-11T09:09:10Z WRN Failed to dial a quic connection error="failed to dial to edge with quic: timeout: handshake did not complete in time" connIndex=1 event=0 ip=198.41.200.53
2026-09-11T09:09:10Z WRN Connection terminated error="there are no free edge addresses left to resolve to" connIndex=1
2026-09-11T09:09:15Z ERR Failed to refresh DNS local resolver error="ParseAddr(\"\"): unable to parse IP"
2026-09-11T09:09:25Z INF Tunnel connection curve preferences: [X25519MLKEM768 CurveP256] connIndex=1 event=0 ip=198.41.200.53
2026-09-11T09:09:27Z INF Registered tunnel connection connIndex=1 connection=7554c675-c9bc-47b4-97bb-27399cde92c6 event=0 ip=198.41.200.53 location=sjc05 protocol=quic
2026-09-11T09:09:41Z ERR failed to accept incoming stream requests error="failed to accept QUIC stream: timeout: no recent network activity" connIndex=1 event=0 ip=198.41.200.53
2026-09-11T09:09:41Z ERR failed to run the datagram handler error="timeout: no recent network activity" connIndex=1 event=0 ip=198.41.200.53
2026-09-11T09:09:41Z WRN failed to serve tunnel connection error="accept stream listener encountered a failure while serving" connIndex=1 event=0 ip=198.41.200.53
2026-09-11T09:09:41Z WRN Serve tunnel error error="accept stream listener encountered a failure while serving" connIndex=1 event=0 ip=198.41.200.53
2026-09-11T09:09:41Z INF Retrying connection in up to 1s connIndex=1 event=0 ip=198.41.200.53
2026-09-11T09:09:42Z WRN Connection terminated error="accept stream listener encountered a failure while serving" connIndex=1
2026-09-11T09:10:47Z INF Tunnel connection curve preferences: [X25519MLKEM768 CurveP256] connIndex=1 event=0 ip=198.41.200.53
2026-09-11T09:11:00Z ERR failed to run the datagram handler error="context canceled" connIndex=1 event=0 ip=198.41.200.53
2026-09-11T09:11:00Z WRN failed to serve tunnel connection error="control stream encountered a failure while serving" connIndex=1 event=0 ip=198.41.200.53
2026-09-11T09:11:00Z WRN Serve tunnel error error="control stream encountered a failure while serving" connIndex=1 event=0 ip=198.41.200.53
2026-09-11T09:11:00Z INF Retrying connection in up to 4s connIndex=1 event=0 ip=198.41.200.53
2026-09-11T09:11:03Z WRN Connection terminated error="control stream encountered a failure while serving" connIndex=1
2026-09-11T09:11:05Z INF Tunnel connection curve preferences: [X25519MLKEM768 CurveP256] connIndex=1 event=0 ip=198.41.200.53
2026-09-11T09:11:10Z WRN Failed to dial a quic connection error="failed to dial to edge with quic: timeout: no recent network activity" connIndex=1 event=0 ip=198.41.200.53
2026-09-11T09:11:10Z WRN Connection terminated error="there are no free edge addresses left to resolve to" connIndex=1
2026-09-11T09:11:46Z INF Tunnel connection curve preferences: [X25519MLKEM768 CurveP256] connIndex=1 event=0 ip=198.41.200.53
2026-09-11T09:11:52Z INF Registered tunnel connection connIndex=1 connection=b7182e62-d203-457d-be6d-c8d71cba910f event=0 ip=198.41.200.53 location=sjc07 protocol=quic
2026-09-11T09:11:57Z ERR failed to run the datagram handler error="timeout: no recent network activity" connIndex=1 event=0 ip=198.41.200.53
2026-09-11T09:11:57Z ERR failed to accept incoming stream requests error="failed to accept QUIC stream: timeout: no recent network activity" connIndex=1 event=0 ip=198.41.200.53
2026-09-11T09:11:57Z WRN failed to serve tunnel connection error="datagram manager encountered a failure while serving" connIndex=1 event=0 ip=198.41.200.53
2026-09-11T09:11:57Z WRN Serve tunnel error error="datagram manager encountered a failure while serving" connIndex=1 event=0 ip=198.41.200.53
2026-09-11T09:11:57Z INF Retrying connection in up to 1s connIndex=1 event=0 ip=198.41.200.53
2026-09-11T09:11:59Z WRN Connection terminated error="datagram manager encountered a failure while serving" connIndex=1
2026-09-11T09:12:06Z INF Tunnel connection curve preferences: [X25519MLKEM768 CurveP256] connIndex=1 event=0 ip=198.41.200.53
2026-09-11T09:12:11Z INF Registered tunnel connection connIndex=1 connection=1f6310f7-a39c-4ddc-8318-773884e5e838 event=0 ip=198.41.200.53 location=sjc07 protocol=quic
2026-09-11T09:12:24Z ERR failed to accept incoming stream requests error="failed to accept QUIC stream: timeout: no recent network activity" connIndex=1 event=0 ip=198.41.200.53
2026-09-11T09:12:24Z ERR failed to run the datagram handler error="timeout: no recent network activity" connIndex=1 event=0 ip=198.41.200.53
2026-09-11T09:12:24Z WRN failed to serve tunnel connection error="accept stream listener encountered a failure while serving" connIndex=1 event=0 ip=198.41.200.53
2026-09-11T09:12:24Z WRN Serve tunnel error error="accept stream listener encountered a failure while serving" connIndex=1 event=0 ip=198.41.200.53
2026-09-11T09:12:24Z INF Retrying connection in up to 1s connIndex=1 event=0 ip=198.41.200.53
2026-09-11T09:12:26Z WRN Connection terminated error="accept stream listener encountered a failure while serving" connIndex=1
2026-09-11T09:13:42Z INF Tunnel connection curve preferences: [X25519MLKEM768 CurveP256] connIndex=1 event=0 ip=198.41.200.53
2026-09-11T09:13:52Z WRN Failed to dial a quic connection error="failed to dial to edge with quic: timeout: handshake did not complete in time" connIndex=1 event=0 ip=198.41.200.53
2026-09-11T09:13:52Z WRN Connection terminated error="there are no free edge addresses left to resolve to" connIndex=1
2026-09-11T09:14:01Z INF Tunnel connection curve preferences: [X25519MLKEM768 CurveP256] connIndex=1 event=0 ip=198.41.200.53
2026-09-11T09:14:11Z ERR failed to run the datagram handler error="context canceled" connIndex=1 event=0 ip=198.41.200.53
2026-09-11T09:14:11Z WRN failed to serve tunnel connection error="control stream encountered a failure while serving" connIndex=1 event=0 ip=198.41.200.53
2026-09-11T09:14:11Z WRN Serve tunnel error error="control stream encountered a failure while serving" connIndex=1 event=0 ip=198.41.200.53
2026-09-11T09:14:11Z INF Retrying connection in up to 4s connIndex=1 event=0 ip=198.41.200.53
2026-09-11T09:14:12Z WRN Connection terminated error="control stream encountered a failure while serving" connIndex=1
2026-09-11T09:14:15Z ERR Failed to refresh DNS local resolver error="ParseAddr(\"\"): unable to parse IP"
2026-09-11T09:14:16Z INF Tunnel connection curve preferences: [X25519MLKEM768 CurveP256] connIndex=1 event=0 ip=198.41.200.53
2026-09-11T09:14:26Z WRN Failed to dial a quic connection error="failed to dial to edge with quic: timeout: handshake did not complete in time" connIndex=1 event=0 ip=198.41.200.53
2026-09-11T09:14:26Z WRN Connection terminated error="there are no free edge addresses left to resolve to" connIndex=1
2026-09-11T09:15:04Z INF Tunnel connection curve preferences: [X25519MLKEM768 CurveP256] connIndex=1 event=0 ip=198.41.200.53
2026-09-11T09:15:12Z WRN Failed to dial a quic connection error="failed to dial to edge with quic: timeout: no recent network activity" connIndex=1 event=0 ip=198.41.200.53
2026-09-11T09:15:12Z WRN Connection terminated error="there are no free edge addresses left to resolve to" connIndex=1
2026-09-11T09:15:33Z INF Tunnel connection curve preferences: [X25519MLKEM768 CurveP256] connIndex=1 event=0 ip=198.41.200.53
2026-09-11T09:15:36Z INF Registered tunnel connection connIndex=1 connection=9a618508-d05a-4861-b148-9e050f48bd35 event=0 ip=198.41.200.53 location=sjc11 protocol=quic
2026-09-11T09:15:55Z ERR failed to accept incoming stream requests error="failed to accept QUIC stream: timeout: no recent network activity" connIndex=1 event=0 ip=198.41.200.53
2026-09-11T09:15:55Z ERR failed to run the datagram handler error="timeout: no recent network activity" connIndex=1 event=0 ip=198.41.200.53
2026-09-11T09:15:55Z WRN failed to serve tunnel connection error="accept stream listener encountered a failure while serving" connIndex=1 event=0 ip=198.41.200.53
2026-09-11T09:15:55Z WRN Serve tunnel error error="accept stream listener encountered a failure while serving" connIndex=1 event=0 ip=198.41.200.53
2026-09-11T09:15:55Z INF Retrying connection in up to 1s connIndex=1 event=0 ip=198.41.200.53
2026-09-11T09:15:55Z WRN Connection terminated error="accept stream listener encountered a failure while serving" connIndex=1
2026-09-11T09:18:06Z INF Tunnel connection curve preferences: [X25519MLKEM768 CurveP256] connIndex=1 event=0 ip=198.41.200.53
2026-09-11T09:18:11Z WRN Failed to dial a quic connection error="failed to dial to edge with quic: timeout: no recent network activity" connIndex=1 event=0 ip=198.41.200.53
2026-09-11T09:18:11Z WRN Connection terminated error="there are no free edge addresses left to resolve to" connIndex=1
2026-09-11T09:18:28Z INF Tunnel connection curve preferences: [X25519MLKEM768 CurveP256] connIndex=1 event=0 ip=198.41.200.53
2026-09-11T09:18:35Z INF Registered tunnel connection connIndex=1 connection=f63ebe71-4183-4333-bcf3-3a859342869c event=0 ip=198.41.200.53 location=sjc05 protocol=quic
2026-09-11T09:18:41Z ERR failed to accept incoming stream requests error="failed to accept QUIC stream: timeout: no recent network activity" connIndex=1 event=0 ip=198.41.200.53
2026-09-11T09:18:41Z ERR failed to run the datagram handler error="timeout: no recent network activity" connIndex=1 event=0 ip=198.41.200.53
2026-09-11T09:18:41Z WRN failed to serve tunnel connection error="accept stream listener encountered a failure while serving" connIndex=1 event=0 ip=198.41.200.53
2026-09-11T09:18:41Z WRN Serve tunnel error error="accept stream listener encountered a failure while serving" connIndex=1 event=0 ip=198.41.200.53
2026-09-11T09:18:41Z INF Retrying connection in up to 1s connIndex=1 event=0 ip=198.41.200.53
2026-09-11T09:18:41Z WRN Connection terminated error="accept stream listener encountered a failure while serving" connIndex=1
2026-09-11T09:18:47Z INF Tunnel connection curve preferences: [X25519MLKEM768 CurveP256] connIndex=1 event=0 ip=198.41.200.53
2026-09-11T09:18:56Z WRN Failed to dial a quic connection error="failed to dial to edge with quic: timeout: no recent network activity" connIndex=1 event=0 ip=198.41.200.53
2026-09-11T09:18:56Z WRN Connection terminated error="there are no free edge addresses left to resolve to" connIndex=1
2026-09-11T09:18:57Z INF Tunnel connection curve preferences: [X25519MLKEM768 CurveP256] connIndex=1 event=0 ip=198.41.200.53
2026-09-11T09:19:06Z ERR failed to run the datagram handler error="context canceled" connIndex=1 event=0 ip=198.41.200.53
2026-09-11T09:19:06Z WRN failed to serve tunnel connection error="control stream encountered a failure while serving" connIndex=1 event=0 ip=198.41.200.53
2026-09-11T09:19:06Z WRN Serve tunnel error error="control stream encountered a failure while serving" connIndex=1 event=0 ip=198.41.200.53
2026-09-11T09:19:06Z INF Retrying connection in up to 4s connIndex=1 event=0 ip=198.41.200.53
2026-09-11T09:19:10Z WRN Connection terminated error="control stream encountered a failure while serving" connIndex=1
2026-09-11T09:19:15Z ERR Failed to refresh DNS local resolver error="ParseAddr(\"\"): unable to parse IP"
2026-09-11T09:19:29Z INF Tunnel connection curve preferences: [X25519MLKEM768 CurveP256] connIndex=1 event=0 ip=198.41.200.53
2026-09-11T09:19:35Z ERR failed to run the datagram handler error="context canceled" connIndex=1 event=0 ip=198.41.200.53
2026-09-11T09:19:35Z WRN failed to serve tunnel connection error="control stream encountered a failure while serving" connIndex=1 event=0 ip=198.41.200.53
2026-09-11T09:19:35Z WRN Serve tunnel error error="control stream encountered a failure while serving" connIndex=1 event=0 ip=198.41.200.53
2026-09-11T09:19:35Z INF Retrying connection in up to 8s connIndex=1 event=0 ip=198.41.200.53
2026-09-11T09:19:40Z WRN Connection terminated error="control stream encountered a failure while serving" connIndex=1
2026-09-11T09:20:47Z INF Tunnel connection curve preferences: [X25519MLKEM768 CurveP256] connIndex=1 event=0 ip=198.41.200.53
2026-09-11T09:20:55Z WRN Failed to dial a quic connection error="failed to dial to edge with quic: timeout: no recent network activity" connIndex=1 event=0 ip=198.41.200.53
2026-09-11T09:20:55Z WRN Connection terminated error="there are no free edge addresses left to resolve to" connIndex=1
